SRC,P1,P2,LEN,DST,CMDCL,CMD,Val1,Val2,Val3,Val4,Val5,Val6,Val7,Val8,Val9,Val10,Val11,Val12,Val13,Val14,Val15,Val16,Val17,Val18,Val19,Val20,Val21,Val22,Val23,Labels
15,65,1,13,1,32,1,255,213,0,0,0,0,0,0,0,0,0,0,0,0,0,0,0,0,0,0,0,0,0,0
1,3,1,10,15,78,0,0,0,0,0,0,0,0,0,0,0,0,0,0,0,0,0,0,0,0,0,0,0,0,0
15,65,2,20,1,113,5,7,255,0,255,7,2,0,0,103,0,0,0,0,0,0,0,0,0,0,0,0,0,0,0
1,3,2,10,15,77,0,0,0,0,0,0,0,0,0,0,0,0,0,0,0,0,0,0,0,0,0,0,0,0,0
1,65,10,13,13,32,2,83,127,0,0,0,0,0,0,0,0,0,0,0,0,0,0,0,0,0,0,0,0,0,0
13,3,10,11,1,248,119,0,0,0,0,0,0,0,0,0,0,0,0,0,0,0,0,0,0,0,0,0,0,0,0
13,65,4,14,1,32,3,0,22,83,0,0,0,0,0,0,0,0,0,0,0,0,0,0,0,0,0,0,0,0,0
1,3,4,11,13,169,209,0,0,0,0,0,0,0,0,0,0,0,0,0,0,0,0,0,0,0,0,0,0,0,0
15,65,1,13,1,32,1,0,42,0,0,0,0,0,0,0,0,0,0,0,0,0,0,0,0,0,0,0,0,0,0
1,3,1,10,15,78,0,0,0,0,0,0,0,0,0,0,0,0,0,0,0,0,0,0,0,0,0,0,0,0,0
15,65,2,20,1,113,5,7,0,0,255,7,2,0,0,152,0,0,0,0,0,0,0,0,0,0,0,0,0,0,0
1,3,2,10,15,77,0,0,0,0,0,0,0,0,0,0,0,0,0,0,0,0,0,0,0,0,0,0,0,0,0
15,65,1,12,1,132,7,137,0,0,0,0,0,0,0,0,0,0,0,0,0,0,0,0,0,0,0,0,0,0,0
1,3,1,10,15,78,0,0,0,0,0,0,0,0,0,0,0,0,0,0,0,0,0,0,0,0,0,0,0,0,0
1,65,7,12,15,132,8,128,0,0,0,0,0,0,0,0,0,0,0,0,0,0,0,0,0,0,0,0,0,0,0
15,3,7,10,1,72,0,0,0,0,0,0,0,0,0,0,0,0,0,0,0,0,0,0,0,0,0,0,0,0,0
1,65,15,13,10,32,2,245,184,0,0,0,0,0,0,0,0,0,0,0,0,0,0,0,0,0,0,0,0,0,0
10,3,15,11,1,116,83,0,0,0,0,0,0,0,0,0,0,0,0,0,0,0,0,0,0,0,0,0,0,0,0
10,65,12,14,1,32,3,0,220,9,0,0,0,0,0,0,0,0,0,0,0,0,0,0,0,0,0,0,0,0,0
1,3,12,11,10,112,151,0,0,0,0,0,0,0,0,0,0,0,0,0,0,0,0,0,0,0,0,0,0,0,0
1,65,9,17,16,86,1,32,2,77,38,134,93,0,0,0,0,0,0,0,0,0,0,0,0,0,0,0,0,0,0
16,3,9,11,1,132,7,0,0,0,0,0,0,0,0,0,0,0,0,0,0,0,0,0,0,0,0,0,0,0,0
16,65,2,18,1,86,1,32,3,0,140,88,52,204,0,0,0,0,0,0,0,0,0,0,0,0,0,0,0,0,0
1,3,2,11,16,216,237,0,0,0,0,0,0,0,0,0,0,0,0,0,0,0,0,0,0,0,0,0,0,0,0
1,65,14,17,9,86,1,32,2,77,38,43,65,0,0,0,0,0,0,0,0,0,0,0,0,0,0,0,0,0,0
9,3,14,11,1,173,177,0,0,0,0,0,0,0,0,0,0,0,0,0,0,0,0,0,0,0,0,0,0,0,0
9,65,8,18,1,86,1,32,3,0,140,88,143,128,0,0,0,0,0,0,0,0,0,0,0,0,0,0,0,0,0
1,3,8,11,9,156,52,0,0,0,0,0,0,0,0,0,0,0,0,0,0,0,0,0,0,0,0,0,0,0,0
17,65,1,16,1,49,5,1,42,2,239,250,0,0,0,0,0,0,0,0,0,0,0,0,0,0,0,0,0,0,0
1,3,1,10,17,80,0,0,0,0,0,0,0,0,0,0,0,0,0,0,0,0,0,0,0,0,0,0,0,0,0
17,65,2,15,1,49,5,5,1,24,60,0,0,0,0,0,0,0,0,0,0,0,0,0,0,0,0,0,0,0,0
1,3,2,10,17,83,0,0,0,0,0,0,0,0,0,0,0,0,0,0,0,0,0,0,0,0,0,0,0,0,0
17,65,3,13,1,128,3,88,204,0,0,0,0,0,0,0,0,0,0,0,0,0,0,0,0,0,0,0,0,0,0
1,3,3,10,17,82,0,0,0,0,0,0,0,0,0,0,0,0,0,0,0,0,0,0,0,0,0,0,0,0,0
17,65,4,16,1,49,5,3,10,0,0,48,0,0,0,0,0,0,0,0,0,0,0,0,0,0,0,0,0,0,0
1,3,4,10,17,85,0,0,0,0,0,0,0,0,0,0,0,0,0,0,0,0,0,0,0,0,0,0,0,0,0
17,65,5,15,1,49,5,27,1,0,61,0,0,0,0,0,0,0,0,0,0,0,0,0,0,0,0,0,0,0,0
1,3,5,10,17,84,0,0,0,0,0,0,0,0,0,0,0,0,0,0,0,0,0,0,0,0,0,0,0,0,0
17,65,6,12,1,132,7,144,0,0,0,0,0,0,0,0,0,0,0,0,0,0,0,0,0,0,0,0,0,0,0
1,3,6,10,17,87,0,0,0,0,0,0,0,0,0,0,0,0,0,0,0,0,0,0,0,0,0,0,0,0,0
1,65,8,12,17,114,4,107,0,0,0,0,0,0,0,0,0,0,0,0,0,0,0,0,0,0,0,0,0,0,0
17,3,8,10,1,89,0,0,0,0,0,0,0,0,0,0,0,0,0,0,0,0,0,0,0,0,0,0,0,0,0
17,65,7,18,1,114,5,0,134,1,2,0,100,154,0,0,0,0,0,0,0,0,0,0,0,0,0,0,0,0,0
1,3,7,10,17,86,0,0,0,0,0,0,0,0,0,0,0,0,0,0,0,0,0,0,0,0,0,0,0,0,0
1,65,9,14,17,133,1,1,1,154,0,0,0,0,0,0,0,0,0,0,0,0,0,0,0,0,0,0,0,0,0
17,3,9,10,1,88,0,0,0,0,0,0,0,0,0,0,0,0,0,0,0,0,0,0,0,0,0,0,0,0,0
1,65,10,18,17,112,4,101,4,0,0,0,240,228,0,0,0,0,0,0,0,0,0,0,0,0,0,0,0,0,0
17,3,10,10,1,91,0,0,0,0,0,0,0,0,0,0,0,0,0,0,0,0,0,0,0,0,0,0,0,0,0
1,65,11,18,17,112,4,102,4,0,0,0,1,23,0,0,0,0,0,0,0,0,0,0,0,0,0,0,0,0,0
1,65,11,18,17,112,4,102,4,0,0,0,1,23,0,0,0,0,0,0,0,0,0,0,0,0,0,0,0,0,0
1,65,11,18,17,112,4,102,4,0,0,0,1,23,0,0,0,0,0,0,0,0,0,0,0,0,0,0,0,0,0
1,65,1,19,17,112,4,102,4,0,0,0,1,118,108,0,0,0,0,0,0,0,0,0,0,0,0,0,0,0,0
1,65,1,19,17,112,4,102,4,0,0,0,1,118,108,0,0,0,0,0,0,0,0,0,0,0,0,0,0,0,0
1,81,1,18,17,112,4,102,4,0,0,0,1,13,0,0,0,0,0,0,0,0,0,0,0,0,0,0,0,0,0
17,3,11,10,1,90,0,0,0,0,0,0,0,0,0,0,0,0,0,0,0,0,0,0,0,0,0,0,0,0,0
17,3,1,11,1,135,247,0,0,0,0,0,0,0,0,0,0,0,0,0,0,0,0,0,0,0,0,0,0,0,0
17,19,1,10,1,64,0,0,0,0,0,0,0,0,0,0,0,0,0,0,0,0,0,0,0,0,0,0,0,0,0
1,65,12,16,17,112,4,3,2,0,20,100,0,0,0,0,0,0,0,0,0,0,0,0,0,0,0,0,0,0,0
17,3,12,10,1,93,0,0,0,0,0,0,0,0,0,0,0,0,0,0,0,0,0,0,0,0,0,0,0,0,0
1,65,13,15,17,112,4,4,1,5,111,0,0,0,0,0,0,0,0,0,0,0,0,0,0,0,0,0,0,0,0
1,65,13,15,17,112,4,4,1,5,111,0,0,0,0,0,0,0,0,0,0,0,0,0,0,0,0,0,0,0,0
1,65,13,15,17,112,4,4,1,5,111,0,0,0,0,0,0,0,0,0,0,0,0,0,0,0,0,0,0,0,0
1,65,2,16,17,112,4,4,1,5,64,202,0,0,0,0,0,0,0,0,0,0,0,0,0,0,0,0,0,0,0
1,65,2,16,17,112,4,4,1,5,64,202,0,0,0,0,0,0,0,0,0,0,0,0,0,0,0,0,0,0,0
17,3,13,10,1,92,0,0,0,0,0,0,0,0,0,0,0,0,0,0,0,0,0,0,0,0,0,0,0,0,0
1,81,2,15,17,112,4,4,1,5,112,0,0,0,0,0,0,0,0,0,0,0,0,0,0,0,0,0,0,0,0
17,65,8,16,1,49,5,1,42,2,238,242,0,0,0,0,0,0,0,0,0,0,0,0,0,0,0,0,0,0,0
1,3,8,10,17,89,0,0,0,0,0,0,0,0,0,0,0,0,0,0,0,0,0,0,0,0,0,0,0,0,0
1,65,3,16,17,112,4,4,1,5,7,25,0,0,0,0,0,0,0,0,0,0,0,0,0,0,0,0,0,0,0
17,3,3,11,1,233,151,0,0,0,0,0,0,0,0,0,0,0,0,0,0,0,0,0,0,0,0,0,0,0,0
17,65,1,16,1,49,5,5,1,24,63,140,0,0,0,0,0,0,0,0,0,0,0,0,0,0,0,0,0,0,0
1,3,1,11,17,145,156,0,0,0,0,0,0,0,0,0,0,0,0,0,0,0,0,0,0,0,0,0,0,0,0
1,65,4,19,17,112,4,111,4,0,0,1,224,105,190,0,0,0,0,0,0,0,0,0,0,0,0,0,0,0,0
17,3,4,11,1,108,7,0,0,0,0,0,0,0,0,0,0,0,0,0,0,0,0,0,0,0,0,0,0,0,0
1,65,5,19,17,112,4,112,4,0,0,84,96,14,178,0,0,0,0,0,0,0,0,0,0,0,0,0,0,0,0
17,3,5,11,1,91,55,0,0,0,0,0,0,0,0,0,0,0,0,0,0,0,0,0,0,0,0,0,0,0,0
17,65,2,14,1,128,3,88,209,208,0,0,0,0,0,0,0,0,0,0,0,0,0,0,0,0,0,0,0,0,0
1,3,2,11,17,200,204,0,0,0,0,0,0,0,0,0,0,0,0,0,0,0,0,0,0,0,0,0,0,0,0
17,65,3,17,1,49,5,3,10,0,0,151,186,0,0,0,0,0,0,0,0,0,0,0,0,0,0,0,0,0,0
1,3,3,11,17,255,252,0,0,0,0,0,0,0,0,0,0,0,0,0,0,0,0,0,0,0,0,0,0,0,0
17,65,4,16,1,49,5,27,1,0,188,105,0,0,0,0,0,0,0,0,0,0,0,0,0,0,0,0,0,0,0
1,3,4,11,17,122,108,0,0,0,0,0,0,0,0,0,0,0,0,0,0,0,0,0,0,0,0,0,0,0,0
1,65,6,16,17,112,4,40,1,1,252,132,0,0,0,0,0,0,0,0,0,0,0,0,0,0,0,0,0,0,0
17,3,6,11,1,2,103,0,0,0,0,0,0,0,0,0,0,0,0,0,0,0,0,0,0,0,0,0,0,0,0
1,65,7,13,17,128,2,89,121,0,0,0,0,0,0,0,0,0,0,0,0,0,0,0,0,0,0,0,0,0,0
17,3,7,11,1,53,87,0,0,0,0,0,0,0,0,0,0,0,0,0,0,0,0,0,0,0,0,0,0,0,0
1,65,8,14,17,48,2,12,166,126,0,0,0,0,0,0,0,0,0,0,0,0,0,0,0,0,0,0,0,0,0
17,3,8,11,1,25,102,0,0,0,0,0,0,0,0,0,0,0,0,0,0,0,0,0,0,0,0,0,0,0,0
17,65,5,14,1,48,3,0,60,147,0,0,0,0,0,0,0,0,0,0,0,0,0,0,0,0,0,0,0,0,0
1,3,5,11,17,77,92,0,0,0,0,0,0,0,0,0,0,0,0,0,0,0,0,0,0,0,0,0,0,0,0
1,65,9,15,17,49,4,1,0,228,165,0,0,0,0,0,0,0,0,0,0,0,0,0,0,0,0,0,0,0,0
17,3,9,11,1,46,86,0,0,0,0,0,0,0,0,0,0,0,0,0,0,0,0,0,0,0,0,0,0,0,0
17,65,6,14,1,128,3,88,215,113,0,0,0,0,0,0,0,0,0,0,0,0,0,0,0,0,0,0,0,0,0
1,3,6,11,17,20,12,0,0,0,0,0,0,0,0,0,0,0,0,0,0,0,0,0,0,0,0,0,0,0,0
1,65,10,15,17,49,4,3,0,90,69,0,0,0,0,0,0,0,0,0,0,0,0,0,0,0,0,0,0,0,0
17,3,10,11,1,119,6,0,0,0,0,0,0,0,0,0,0,0,0,0,0,0,0,0,0,0,0,0,0,0,0
1,65,11,15,17,49,4,5,0,72,130,0,0,0,0,0,0,0,0,0,0,0,0,0,0,0,0,0,0,0,0
17,3,11,11,1,64,54,0,0,0,0,0,0,0,0,0,0,0,0,0,0,0,0,0,0,0,0,0,0,0,0
1,65,12,15,17,49,4,27,0,113,186,0,0,0,0,0,0,0,0,0,0,0,0,0,0,0,0,0,0,0,0
17,3,12,11,1,197,166,0,0,0,0,0,0,0,0,0,0,0,0,0,0,0,0,0,0,0,0,0,0,0,0
1,65,13,14,17,112,5,9,49,224,0,0,0,0,0,0,0,0,0,0,0,0,0,0,0,0,0,0,0,0,0
1,65,13,14,17,112,5,9,49,224,0,0,0,0,0,0,0,0,0,0,0,0,0,0,0,0,0,0,0,0,0
1,81,13,13,17,112,5,9,117,0,0,0,0,0,0,0,0,0,0,0,0,0,0,0,0,0,0,0,0,0,0
1,65,14,13,17,112,5,9,102,0,0,0,0,0,0,0,0,0,0,0,0,0,0,0,0,0,0,0,0,0,0
1,65,14,13,17,112,5,9,102,0,0,0,0,0,0,0,0,0,0,0,0,0,0,0,0,0,0,0,0,0,0
1,65,14,13,17,112,5,9,102,0,0,0,0,0,0,0,0,0,0,0,0,0,0,0,0,0,0,0,0,0,0
17,3,13,11,1,242,150,0,0,0,0,0,0,0,0,0,0,0,0,0,0,0,0,0,0,0,0,0,0,0,0
1,65,15,13,17,112,5,9,103,0,0,0,0,0,0,0,0,0,0,0,0,0,0,0,0,0,0,0,0,0,0
1,65,15,13,17,112,5,9,103,0,0,0,0,0,0,0,0,0,0,0,0,0,0,0,0,0,0,0,0,0,0
17,3,15,10,1,94,0,0,0,0,0,0,0,0,0,0,0,0,0,0,0,0,0,0,0,0,0,0,0,0,0
17,65,7,17,1,112,6,9,2,1,0,56,12,0,0,0,0,0,0,0,0,0,0,0,0,0,0,0,0,0,0
1,3,7,11,17,35,60,0,0,0,0,0,0,0,0,0,0,0,0,0,0,0,0,0,0,0,0,0,0,0,0
17,65,9,16,1,112,6,9,2,1,0,124,0,0,0,0,0,0,0,0,0,0,0,0,0,0,0,0,0,0,0
1,3,9,10,17,88,0,0,0,0,0,0,0,0,0,0,0,0,0,0,0,0,0,0,0,0,0,0,0,0,0
1,65,1,13,17,112,5,10,106,0,0,0,0,0,0,0,0,0,0,0,0,0,0,0,0,0,0,0,0,0,0
1,65,1,13,17,112,5,10,106,0,0,0,0,0,0,0,0,0,0,0,0,0,0,0,0,0,0,0,0,0,0
1,65,1,13,17,112,5,10,106,0,0,0,0,0,0,0,0,0,0,0,0,0,0,0,0,0,0,0,0,0,0
1,65,14,14,17,112,5,10,207,99,0,0,0,0,0,0,0,0,0,0,0,0,0,0,0,0,0,0,0,0,0
1,65,14,14,17,112,5,10,207,99,0,0,0,0,0,0,0,0,0,0,0,0,0,0,0,0,0,0,0,0,0
17,3,14,11,1,171,198,0,0,0,0,0,0,0,0,0,0,0,0,0,0,0,0,0,0,0,0,0,0,0,0
1,65,15,14,17,112,5,101,23,138,0,0,0,0,0,0,0,0,0,0,0,0,0,0,0,0,0,0,0,0,0
17,3,15,11,1,156,246,0,0,0,0,0,0,0,0,0,0,0,0,0,0,0,0,0,0,0,0,0,0,0,0
17,65,8,19,1,112,6,101,4,0,0,0,240,24,220,0,0,0,0,0,0,0,0,0,0,0,0,0,0,0,0
1,3,8,11,17,15,13,0,0,0,0,0,0,0,0,0,0,0,0,0,0,0,0,0,0,0,0,0,0,0,0
17,65,9,17,1,49,5,1,34,0,239,182,236,0,0,0,0,0,0,0,0,0,0,0,0,0,0,0,0,0,0
1,3,9,11,17,56,61,0,0,0,0,0,0,0,0,0,0,0,0,0,0,0,0,0,0,0,0,0,0,0,0
1,65,1,14,17,112,5,102,167,74,0,0,0,0,0,0,0,0,0,0,0,0,0,0,0,0,0,0,0,0,0
17,3,1,11,1,135,247,0,0,0,0,0,0,0,0,0,0,0,0,0,0,0,0,0,0,0,0,0,0,0,0
17,65,10,19,1,112,6,102,4,0,0,0,1,137,177,0,0,0,0,0,0,0,0,0,0,0,0,0,0,0,0
1,3,10,11,17,97,109,0,0,0,0,0,0,0,0,0,0,0,0,0,0,0,0,0,0,0,0,0,0,0,0
17,65,11,16,1,49,5,5,1,24,174,240,0,0,0,0,0,0,0,0,0,0,0,0,0,0,0,0,0,0,0
1,3,11,11,17,86,93,0,0,0,0,0,0,0,0,0,0,0,0,0,0,0,0,0,0,0,0,0,0,0,0
1,65,2,14,17,112,5,111,248,131,0,0,0,0,0,0,0,0,0,0,0,0,0,0,0,0,0,0,0,0,0
17,3,2,11,1,222,167,0,0,0,0,0,0,0,0,0,0,0,0,0,0,0,0,0,0,0,0,0,0,0,0
17,65,12,19,1,112,6,111,4,0,0,1,224,238,153,0,0,0,0,0,0,0,0,0,0,0,0,0,0,0,0
1,3,12,11,17,211,205,0,0,0,0,0,0,0,0,0,0,0,0,0,0,0,0,0,0,0,0,0,0,0,0
17,65,13,17,1,49,5,3,10,0,0,228,205,0,0,0,0,0,0,0,0,0,0,0,0,0,0,0,0,0,0
1,3,13,11,17,228,253,0,0,0,0,0,0,0,0,0,0,0,0,0,0,0,0,0,0,0,0,0,0,0,0
1,65,3,14,17,112,5,112,94,253,0,0,0,0,0,0,0,0,0,0,0,0,0,0,0,0,0,0,0,0,0
17,3,3,11,1,233,151,0,0,0,0,0,0,0,0,0,0,0,0,0,0,0,0,0,0,0,0,0,0,0,0
17,65,14,19,1,112,6,112,4,0,0,84,96,241,111,0,0,0,0,0,0,0,0,0,0,0,0,0,0,0,0
1,3,14,11,17,189,173,0,0,0,0,0,0,0,0,0,0,0,0,0,0,0,0,0,0,0,0,0,0,0,0
17,65,15,16,1,49,5,27,1,0,106,198,0,0,0,0,0,0,0,0,0,0,0,0,0,0,0,0,0,0,0
1,3,15,11,17,138,157,0,0,0,0,0,0,0,0,0,0,0,0,0,0,0,0,0,0,0,0,0,0,0,0
1,65,4,14,17,112,5,40,77,65,0,0,0,0,0,0,0,0,0,0,0,0,0,0,0,0,0,0,0,0,0
17,3,4,11,1,108,7,0,0,0,0,0,0,0,0,0,0,0,0,0,0,0,0,0,0,0,0,0,0,0,0
17,65,1,16,1,112,6,40,1,1,88,230,0,0,0,0,0,0,0,0,0,0,0,0,0,0,0,0,0,0,0
1,3,1,11,17,145,156,0,0,0,0,0,0,0,0,0,0,0,0,0,0,0,0,0,0,0,0,0,0,0,0
1,65,5,14,17,112,5,4,237,15,0,0,0,0,0,0,0,0,0,0,0,0,0,0,0,0,0,0,0,0,0
17,3,5,11,1,91,55,0,0,0,0,0,0,0,0,0,0,0,0,0,0,0,0,0,0,0,0,0,0,0,0
17,65,2,16,1,112,6,4,1,5,35,176,0,0,0,0,0,0,0,0,0,0,0,0,0,0,0,0,0,0,0
1,3,2,11,17,200,204,0,0,0,0,0,0,0,0,0,0,0,0,0,0,0,0,0,0,0,0,0,0,0,0
1,65,6,13,17,132,8,158,166,0,0,0,0,0,0,0,0,0,0,0,0,0,0,0,0,0,0,0,0,0,0
17,3,6,11,1,2,103,0,0,0,0,0,0,0,0,0,0,0,0,0,0,0,0,0,0,0,0,0,0,0,0
1,65,1,13,13,32,2,191,128,0,0,0,0,0,0,0,0,0,0,0,0,0,0,0,0,0,0,0,0,0,0
13,3,1,11,1,8,134,0,0,0,0,0,0,0,0,0,0,0,0,0,0,0,0,0,0,0,0,0,0,0,0
13,65,5,14,1,32,3,0,83,243,0,0,0,0,0,0,0,0,0,0,0,0,0,0,0,0,0,0,0,0,0
1,3,5,11,13,158,225,0,0,0,0,0,0,0,0,0,0,0,0,0,0,0,0,0,0,0,0,0,0,0,0
15,65,1,15,1,49,5,1,9,71,114,0,0,0,0,0,0,0,0,0,0,0,0,0,0,0,0,0,0,0,0
1,3,1,10,15,78,0,0,0,0,0,0,0,0,0,0,0,0,0,0,0,0,0,0,0,0,0,0,0,0,0
1,65,6,13,10,32,2,93,196,0,0,0,0,0,0,0,0,0,0,0,0,0,0,0,0,0,0,0,0,0,0
10,3,6,11,1,234,194,0,0,0,0,0,0,0,0,0,0,0,0,0,0,0,0,0,0,0,0,0,0,0,0
10,65,13,14,1,32,3,0,153,169,0,0,0,0,0,0,0,0,0,0,0,0,0,0,0,0,0,0,0,0,0
1,3,13,11,10,71,167,0,0,0,0,0,0,0,0,0,0,0,0,0,0,0,0,0,0,0,0,0,0,0,0
1,65,15,17,16,86,1,32,2,77,38,220,213,0,0,0,0,0,0,0,0,0,0,0,0,0,0,0,0,0,0
16,3,15,11,1,54,167,0,0,0,0,0,0,0,0,0,0,0,0,0,0,0,0,0,0,0,0,0,0,0,0
16,65,3,18,1,86,1,32,3,0,140,88,91,137,0,0,0,0,0,0,0,0,0,0,0,0,0,0,0,0,0
1,3,3,11,16,239,221,0,0,0,0,0,0,0,0,0,0,0,0,0,0,0,0,0,0,0,0,0,0,0,0
1,65,5,17,9,86,1,32,2,77,38,47,250,0,0,0,0,0,0,0,0,0,0,0,0,0,0,0,0,0,0
9,3,5,11,1,93,64,0,0,0,0,0,0,0,0,0,0,0,0,0,0,0,0,0,0,0,0,0,0,0,0
9,65,9,18,1,86,1,32,3,0,140,88,224,197,0,0,0,0,0,0,0,0,0,0,0,0,0,0,0,0,0
1,3,9,11,9,171,4,0,0,0,0,0,0,0,0,0,0,0,0,0,0,0,0,0,0,0,0,0,0,0,0
1,65,1,13,13,32,2,191,128,0,0,0,0,0,0,0,0,0,0,0,0,0,0,0,0,0,0,0,0,0,0
13,3,1,11,1,8,134,0,0,0,0,0,0,0,0,0,0,0,0,0,0,0,0,0,0,0,0,0,0,0,0
13,65,6,14,1,32,3,0,157,19,0,0,0,0,0,0,0,0,0,0,0,0,0,0,0,0,0,0,0,0,0
1,3,6,11,13,199,177,0,0,0,0,0,0,0,0,0,0,0,0,0,0,0,0,0,0,0,0,0,0,0,0
1,65,8,13,10,32,2,146,108,0,0,0,0,0,0,0,0,0,0,0,0,0,0,0,0,0,0,0,0,0,0
10,3,8,11,1,241,195,0,0,0,0,0,0,0,0,0,0,0,0,0,0,0,0,0,0,0,0,0,0,0,0
10,65,14,14,1,32,3,0,87,73,0,0,0,0,0,0,0,0,0,0,0,0,0,0,0,0,0,0,0,0,0
1,3,14,11,10,30,247,0,0,0,0,0,0,0,0,0,0,0,0,0,0,0,0,0,0,0,0,0,0,0,0
7,3,3,10,1,68,0,0,0,0,0,0,0,0,0,0,0,0,0,0,0,0,0,0,0,0,0,0,0,0,0
1,3,1,10,7,70,0,0,0,0,0,0,0,0,0,0,0,0,0,0,0,0,0,0,0,0,0,0,0,0,0
1,65,1,17,16,86,1,32,2,77,38,175,162,0,0,0,0,0,0,0,0,0,0,0,0,0,0,0,0,0,0
16,3,1,11,1,45,166,0,0,0,0,0,0,0,0,0,0,0,0,0,0,0,0,0,0,0,0,0,0,0,0
16,65,4,18,1,86,1,32,3,0,140,88,71,115,0,0,0,0,0,0,0,0,0,0,0,0,0,0,0,0,0
1,3,4,11,16,106,77,0,0,0,0,0,0,0,0,0,0,0,0,0,0,0,0,0,0,0,0,0,0,0,0
1,65,6,17,9,86,1,32,2,77,38,2,190,0,0,0,0,0,0,0,0,0,0,0,0,0,0,0,0,0,0
9,3,6,11,1,4,16,0,0,0,0,0,0,0,0,0,0,0,0,0,0,0,0,0,0,0,0,0,0,0,0
9,65,10,18,1,86,1,32,3,0,140,88,81,10,0,0,0,0,0,0,0,0,0,0,0,0,0,0,0,0,0
1,3,10,11,9,242,84,0,0,0,0,0,0,0,0,0,0,0,0,0,0,0,0,0,0,0,0,0,0,0,0
15,65,1,15,1,49,5,1,9,69,112,0,0,0,0,0,0,0,0,0,0,0,0,0,0,0,0,0,0,0,0
1,3,1,10,15,78,0,0,0,0,0,0,0,0,0,0,0,0,0,0,0,0,0,0,0,0,0,0,0,0,0
1,65,2,13,13,32,2,81,82,0,0,0,0,0,0,0,0,0,0,0,0,0,0,0,0,0,0,0,0,0,0
13,3,2,11,1,81,214,0,0,0,0,0,0,0,0,0,0,0,0,0,0,0,0,0,0,0,0,0,0,0,0
13,65,7,14,1,32,3,0,216,179,0,0,0,0,0,0,0,0,0,0,0,0,0,0,0,0,0,0,0,0,0
1,3,7,11,13,240,129,0,0,0,0,0,0,0,0,0,0,0,0,0,0,0,0,0,0,0,0,0,0,0,0
10,65,15,33,1,86,1,96,13,1,0,50,2,33,68,0,0,0,0,0,0,0,0,0,0,7,90,50,201,0,0
1,3,15,11,10,41,199,0,0,0,0,0,0,0,0,0,0,0,0,0,0,0,0,0,0,0,0,0,0,0,0
10,65,1,33,1,86,1,96,13,2,0,50,2,33,68,0,0,0,6,0,0,0,0,0,0,78,50,178,178,0,0
1,3,1,11,10,50,198,0,0,0,0,0,0,0,0,0,0,0,0,0,0,0,0,0,0,0,0,0,0,0,0
10,65,2,29,1,86,1,96,13,1,0,50,2,33,50,0,0,0,0,0,0,202,252,8,171,0,0,0,0,0,0
1,3,2,11,10,107,150,0,0,0,0,0,0,0,0,0,0,0,0,0,0,0,0,0,0,0,0,0,0,0,0
10,65,3,29,1,86,1,96,13,2,0,50,2,33,50,0,0,0,0,0,0,207,99,221,93,0,0,0,0,0,0
1,3,3,11,10,92,166,0,0,0,0,0,0,0,0,0,0,0,0,0,0,0,0,0,0,0,0,0,0,0,0
1,65,9,13,10,32,2,56,61,0,0,0,0,0,0,0,0,0,0,0,0,0,0,0,0,0,0,0,0,0,0
10,3,9,11,1,198,243,0,0,0,0,0,0,0,0,0,0,0,0,0,0,0,0,0,0,0,0,0,0,0,0
10,65,4,14,1,32,3,0,209,75,0,0,0,0,0,0,0,0,0,0,0,0,0,0,0,0,0,0,0,0,0
1,3,4,11,10,217,54,0,0,0,0,0,0,0,0,0,0,0,0,0,0,0,0,0,0,0,0,0,0,0,0
1,65,2,17,16,86,1,32,2,77,38,130,230,0,0,0,0,0,0,0,0,0,0,0,0,0,0,0,0,0,0
16,3,2,11,1,116,246,0,0,0,0,0,0,0,0,0,0,0,0,0,0,0,0,0,0,0,0,0,0,0,0
16,65,5,18,1,86,1,32,3,0,140,88,40,54,0,0,0,0,0,0,0,0,0,0,0,0,0,0,0,0,0
1,3,5,11,16,93,125,0,0,0,0,0,0,0,0,0,0,0,0,0,0,0,0,0,0,0,0,0,0,0,0
1,65,7,17,9,86,1,32,2,77,38,233,157,0,0,0,0,0,0,0,0,0,0,0,0,0,0,0,0,0,0
9,3,7,11,1,51,32,0,0,0,0,0,0,0,0,0,0,0,0,0,0,0,0,0,0,0,0,0,0,0,0
9,65,11,18,1,86,1,32,3,0,140,88,62,79,0,0,0,0,0,0,0,0,0,0,0,0,0,0,0,0,0
1,3,11,11,9,197,100,0,0,0,0,0,0,0,0,0,0,0,0,0,0,0,0,0,0,0,0,0,0,0,0
1,65,3,13,13,32,2,251,3,0,0,0,0,0,0,0,0,0,0,0,0,0,0,0,0,0,0,0,0,0,0
13,3,3,11,1,102,230,0,0,0,0,0,0,0,0,0,0,0,0,0,0,0,0,0,0,0,0,0,0,0,0
13,65,8,14,1,32,3,0,29,176,0,0,0,0,0,0,0,0,0,0,0,0,0,0,0,0,0,0,0,0,0
1,3,8,11,13,220,176,0,0,0,0,0,0,0,0,0,0,0,0,0,0,0,0,0,0,0,0,0,0,0,0
11,65,1,12,1,132,7,141,0,0,0,0,0,0,0,0,0,0,0,0,0,0,0,0,0,0,0,0,0,0,0
1,3,1,10,11,74,0,0,0,0,0,0,0,0,0,0,0,0,0,0,0,0,0,0,0,0,0,0,0,0,0
1,65,4,12,11,132,8,135,0,0,0,0,0,0,0,0,0,0,0,0,0,0,0,0,0,0,0,0,0,0,0
11,3,4,10,1,79,0,0,0,0,0,0,0,0,0,0,0,0,0,0,0,0,0,0,0,0,0,0,0,0,0
12,65,1,12,1,132,7,138,0,0,0,0,0,0,0,0,0,0,0,0,0,0,0,0,0,0,0,0,0,0,0
1,3,1,10,12,77,0,0,0,0,0,0,0,0,0,0,0,0,0,0,0,0,0,0,0,0,0,0,0,0,0
1,65,5,12,12,132,8,129,0,0,0,0,0,0,0,0,0,0,0,0,0,0,0,0,0,0,0,0,0,0,0
12,3,5,10,1,73,0,0,0,0,0,0,0,0,0,0,0,0,0,0,0,0,0,0,0,0,0,0,0,0,0
1,65,10,13,10,32,2,214,239,0,0,0,0,0,0,0,0,0,0,0,0,0,0,0,0,0,0,0,0,0,0
10,3,10,11,1,159,163,0,0,0,0,0,0,0,0,0,0,0,0,0,0,0,0,0,0,0,0,0,0,0,0
10,65,5,14,1,32,3,0,148,235,0,0,0,0,0,0,0,0,0,0,0,0,0,0,0,0,0,0,0,0,0
1,3,5,11,10,238,6,0,0,0,0,0,0,0,0,0,0,0,0,0,0,0,0,0,0,0,0,0,0,0,0
1,65,6,17,16,86,1,32,2,77,38,30,9,0,0,0,0,0,0,0,0,0,0,0,0,0,0,0,0,0,0
16,3,6,11,1,168,54,0,0,0,0,0,0,0,0,0,0,0,0,0,0,0,0,0,0,0,0,0,0,0,0
16,65,6,18,1,86,1,32,3,0,140,88,153,249,0,0,0,0,0,0,0,0,0,0,0,0,0,0,0,0,0
1,3,6,11,16,4,45,0,0,0,0,0,0,0,0,0,0,0,0,0,0,0,0,0,0,0,0,0,0,0,0
17,65,1,17,1,49,5,1,42,2,199,245,186,0,0,0,0,0,0,0,0,0,0,0,0,0,0,0,0,0,0
1,3,1,11,17,145,156,0,0,0,0,0,0,0,0,0,0,0,0,0,0,0,0,0,0,0,0,0,0,0,0
17,65,2,16,1,49,5,5,1,23,6,22,0,0,0,0,0,0,0,0,0,0,0,0,0,0,0,0,0,0,0
1,3,2,11,17,200,204,0,0,0,0,0,0,0,0,0,0,0,0,0,0,0,0,0,0,0,0,0,0,0,0
17,65,3,17,1,49,5,3,10,0,0,151,186,0,0,0,0,0,0,0,0,0,0,0,0,0,0,0,0,0,0
1,3,3,11,17,255,252,0,0,0,0,0,0,0,0,0,0,0,0,0,0,0,0,0,0,0,0,0,0,0,0
17,65,4,16,1,49,5,27,1,0,188,105,0,0,0,0,0,0,0,0,0,0,0,0,0,0,0,0,0,0,0
1,3,4,11,17,122,108,0,0,0,0,0,0,0,0,0,0,0,0,0,0,0,0,0,0,0,0,0,0,0,0
17,65,5,13,1,132,7,245,131,0,0,0,0,0,0,0,0,0,0,0,0,0,0,0,0,0,0,0,0,0,0
1,3,5,11,17,77,92,0,0,0,0,0,0,0,0,0,0,0,0,0,0,0,0,0,0,0,0,0,0,0,0
1,65,10,13,17,132,8,21,141,0,0,0,0,0,0,0,0,0,0,0,0,0,0,0,0,0,0,0,0,0,0
17,3,10,11,1,119,6,0,0,0,0,0,0,0,0,0,0,0,0,0,0,0,0,0,0,0,0,0,0,0,0
1,65,12,17,9,86,1,32,2,77,38,237,38,0,0,0,0,0,0,0,0,0,0,0,0,0,0,0,0,0,0
9,3,12,11,1,195,209,0,0,0,0,0,0,0,0,0,0,0,0,0,0,0,0,0,0,0,0,0,0,0,0
9,65,12,18,1,86,1,32,3,0,140,88,34,181,0,0,0,0,0,0,0,0,0,0,0,0,0,0,0,0,0
1,3,12,11,9,64,244,0,0,0,0,0,0,0,0,0,0,0,0,0,0,0,0,0,0,0,0,0,0,0,0
15,65,1,15,1,49,5,1,9,68,113,0,0,0,0,0,0,0,0,0,0,0,0,0,0,0,0,0,0,0,0
1,3,1,10,15,78,0,0,0,0,0,0,0,0,0,0,0,0,0,0,0,0,0,0,0,0,0,0,0,0,0
15,65,1,12,1,132,7,137,0,0,0,0,0,0,0,0,0,0,0,0,0,0,0,0,0,0,0,0,0,0,0
1,3,1,10,15,78,0,0,0,0,0,0,0,0,0,0,0,0,0,0,0,0,0,0,0,0,0,0,0,0,0
1,65,6,12,15,132,8,129,0,0,0,0,0,0,0,0,0,0,0,0,0,0,0,0,0,0,0,0,0,0,0
15,3,6,10,1,73,0,0,0,0,0,0,0,0,0,0,0,0,0,0,0,0,0,0,0,0,0,0,0,0,0
1,65,8,13,13,32,2,23,252,0,0,0,0,0,0,0,0,0,0,0,0,0,0,0,0,0,0,0,0,0,0
13,3,8,11,1,150,23,0,0,0,0,0,0,0,0,0,0,0,0,0,0,0,0,0,0,0,0,0,0,0,0
13,65,9,14,1,32,3,0,88,16,0,0,0,0,0,0,0,0,0,0,0,0,0,0,0,0,0,0,0,0,0
1,3,9,11,13,235,128,0,0,0,0,0,0,0,0,0,0,0,0,0,0,0,0,0,0,0,0,0,0,0,0
1,65,15,13,10,32,2,245,184,0,0,0,0,0,0,0,0,0,0,0,0,0,0,0,0,0,0,0,0,0,0
10,3,15,11,1,116,83,0,0,0,0,0,0,0,0,0,0,0,0,0,0,0,0,0,0,0,0,0,0,0,0
10,65,6,14,1,32,3,0,90,11,0,0,0,0,0,0,0,0,0,0,0,0,0,0,0,0,0,0,0,0,0
1,3,6,11,10,183,86,0,0,0,0,0,0,0,0,0,0,0,0,0,0,0,0,0,0,0,0,0,0,0,0
1,65,8,17,16,86,1,32,2,77,38,109,126,0,0,0,0,0,0,0,0,0,0,0,0,0,0,0,0,0,0
16,3,8,11,1,179,55,0,0,0,0,0,0,0,0,0,0,0,0,0,0,0,0,0,0,0,0,0,0,0,0
16,65,7,18,1,86,1,32,3,0,140,88,246,188,0,0,0,0,0,0,0,0,0,0,0,0,0,0,0,0,0
1,3,7,11,16,51,29,0,0,0,0,0,0,0,0,0,0,0,0,0,0,0,0,0,0,0,0,0,0,0,0
1,65,13,17,9,86,1,32,2,77,38,6,5,0,0,0,0,0,0,0,0,0,0,0,0,0,0,0,0,0,0
9,3,13,11,1,244,225,0,0,0,0,0,0,0,0,0,0,0,0,0,0,0,0,0,0,0,0,0,0,0,0
9,65,13,18,1,86,1,32,3,0,140,88,77,240,0,0,0,0,0,0,0,0,0,0,0,0,0,0,0,0,0
1,3,13,11,9,119,196,0,0,0,0,0,0,0,0,0,0,0,0,0,0,0,0,0,0,0,0,0,0,0,0
1,65,9,13,13,32,2,189,173,0,0,0,0,0,0,0,0,0,0,0,0,0,0,0,0,0,0,0,0,0,0
13,3,9,11,1,161,39,0,0,0,0,0,0,0,0,0,0,0,0,0,0,0,0,0,0,0,0,0,0,0,0
13,65,10,14,1,32,3,0,150,240,0,0,0,0,0,0,0,0,0,0,0,0,0,0,0,0,0,0,0,0,0
1,3,10,11,13,178,208,0,0,0,0,0,0,0,0,0,0,0,0,0,0,0,0,0,0,0,0,0,0,0,0
1,65,1,13,10,32,2,58,16,0,0,0,0,0,0,0,0,0,0,0,0,0,0,0,0,0,0,0,0,0,0
10,3,1,11,1,111,82,0,0,0,0,0,0,0,0,0,0,0,0,0,0,0,0,0,0,0,0,0,0,0,0
10,65,7,14,1,32,3,0,31,171,0,0,0,0,0,0,0,0,0,0,0,0,0,0,0,0,0,0,0,0,0
1,3,7,11,10,128,102,0,0,0,0,0,0,0,0,0,0,0,0,0,0,0,0,0,0,0,0,0,0,0,0
7,3,8,10,1,79,0,0,0,0,0,0,0,0,0,0,0,0,0,0,0,0,0,0,0,0,0,0,0,0,0
1,3,1,10,7,70,0,0,0,0,0,0,0,0,0,0,0,0,0,0,0,0,0,0,0,0,0,0,0,0,0
1,65,9,17,16,86,1,32,2,77,38,134,93,0,0,0,0,0,0,0,0,0,0,0,0,0,0,0,0,0,0
16,3,9,11,1,132,7,0,0,0,0,0,0,0,0,0,0,0,0,0,0,0,0,0,0,0,0,0,0,0,0
16,65,8,18,1,86,1,32,3,0,140,88,160,13,0,0,0,0,0,0,0,0,0,0,0,0,0,0,0,0,0
1,3,8,11,16,31,44,0,0,0,0,0,0,0,0,0,0,0,0,0,0,0,0,0,0,0,0,0,0,0,0
1,65,9,12,8,37,2,34,0,0,0,0,0,0,0,0,0,0,0,0,0,0,0,0,0,0,0,0,0,0,0
1,65,9,12,8,37,2,34,0,0,0,0,0,0,0,0,0,0,0,0,0,0,0,0,0,0,0,0,0,0,0
1,65,9,12,8,37,2,34,0,0,0,0,0,0,0,0,0,0,0,0,0,0,0,0,0,0,0,0,0,0,0
1,65,10,12,8,37,2,33,0,0,0,0,0,0,0,0,0,0,0,0,0,0,0,0,0,0,0,0,0,0,0
8,3,10,10,1,66,0,0,0,0,0,0,0,0,0,0,0,0,0,0,0,0,0,0,0,0,0,0,0,0,0
8,65,65,13,1,37,3,0,106,0,0,0,0,0,0,0,0,0,0,0,0,0,0,0,0,0,0,0,0,0,0
1,3,1,10,8,73,0,0,0,0,0,0,0,0,0,0,0,0,0,0,0,0,0,0,0,0,0,0,0,0,0
1,65,14,17,9,86,1,32,2,77,38,43,65,0,0,0,0,0,0,0,0,0,0,0,0,0,0,0,0,0,0
9,3,14,11,1,173,177,0,0,0,0,0,0,0,0,0,0,0,0,0,0,0,0,0,0,0,0,0,0,0,0
9,65,14,18,1,86,1,32,3,0,140,88,252,63,0,0,0,0,0,0,0,0,0,0,0,0,0,0,0,0,0
1,3,14,11,9,46,148,0,0,0,0,0,0,0,0,0,0,0,0,0,0,0,0,0,0,0,0,0,0,0,0
1,65,10,13,13,32,2,83,127,0,0,0,0,0,0,0,0,0,0,0,0,0,0,0,0,0,0,0,0,0,0
13,3,10,11,1,248,119,0,0,0,0,0,0,0,0,0,0,0,0,0,0,0,0,0,0,0,0,0,0,0,0
13,65,11,14,1,32,3,0,211,80,0,0,0,0,0,0,0,0,0,0,0,0,0,0,0,0,0,0,0,0,0
1,3,11,11,13,133,224,0,0,0,0,0,0,0,0,0,0,0,0,0,0,0,0,0,0,0,0,0,0,0,0
10,65,8,33,1,86,1,96,13,1,0,50,2,33,68,0,0,0,0,0,0,0,0,0,0,7,90,250,228,0,0
1,3,8,11,10,172,87,0,0,0,0,0,0,0,0,0,0,0,0,0,0,0,0,0,0,0,0,0,0,0,0
10,65,9,33,1,86,1,96,13,2,0,50,2,33,68,0,0,0,6,0,0,0,0,0,0,78,50,191,80,0,0
1,3,9,11,10,155,103,0,0,0,0,0,0,0,0,0,0,0,0,0,0,0,0,0,0,0,0,0,0,0,0
10,65,10,29,1,86,1,96,13,1,0,50,2,33,50,0,0,0,0,0,0,202,252,199,221,0,0,0,0,0,0
1,3,10,11,10,194,55,0,0,0,0,0,0,0,0,0,0,0,0,0,0,0,0,0,0,0,0,0,0,0,0
10,65,11,29,1,86,1,96,13,2,0,50,2,33,50,0,0,0,0,0,0,207,99,18,43,0,0,0,0,0,0
1,3,11,11,10,245,7,0,0,0,0,0,0,0,0,0,0,0,0,0,0,0,0,0,0,0,0,0,0,0,0
1,65,2,13,10,32,2,212,194,0,0,0,0,0,0,0,0,0,0,0,0,0,0,0,0,0,0,0,0,0,0
10,3,2,11,1,54,2,0,0,0,0,0,0,0,0,0,0,0,0,0,0,0,0,0,0,0,0,0,0,0,0
10,65,12,14,1,32,3,0,220,9,0,0,0,0,0,0,0,0,0,0,0,0,0,0,0,0,0,0,0,0,0
1,3,12,11,10,112,151,0,0,0,0,0,0,0,0,0,0,0,0,0,0,0,0,0,0,0,0,0,0,0,0
15,65,1,15,1,49,5,1,9,66,119,0,0,0,0,0,0,0,0,0,0,0,0,0,0,0,0,0,0,0,0
1,3,1,10,15,78,0,0,0,0,0,0,0,0,0,0,0,0,0,0,0,0,0,0,0,0,0,0,0,0,0
1,65,10,17,16,86,1,32,2,77,38,171,25,0,0,0,0,0,0,0,0,0,0,0,0,0,0,0,0,0,0
16,3,10,11,1,221,87,0,0,0,0,0,0,0,0,0,0,0,0,0,0,0,0,0,0,0,0,0,0,0,0
16,65,9,18,1,86,1,32,3,0,140,88,207,72,0,0,0,0,0,0,0,0,0,0,0,0,0,0,0,0,0
1,3,9,11,16,40,28,0,0,0,0,0,0,0,0,0,0,0,0,0,0,0,0,0,0,0,0,0,0,0,0
1,65,15,17,9,86,1,32,2,77,38,192,98,0,0,0,0,0,0,0,0,0,0,0,0,0,0,0,0,0,0
9,3,15,11,1,154,129,0,0,0,0,0,0,0,0,0,0,0,0,0,0,0,0,0,0,0,0,0,0,0,0
9,65,15,18,1,86,1,32,3,0,140,88,147,122,0,0,0,0,0,0,0,0,0,0,0,0,0,0,0,0,0
1,3,15,11,9,25,164,0,0,0,0,0,0,0,0,0,0,0,0,0,0,0,0,0,0,0,0,0,0,0,0
1,65,11,13,13,32,2,249,46,0,0,0,0,0,0,0,0,0,0,0,0,0,0,0,0,0,0,0,0,0,0
13,3,11,11,1,207,71,0,0,0,0,0,0,0,0,0,0,0,0,0,0,0,0,0,0,0,0,0,0,0,0
13,65,12,14,1,32,3,0,27,17,0,0,0,0,0,0,0,0,0,0,0,0,0,0,0,0,0,0,0,0,0
1,3,12,11,13,0,112,0,0,0,0,0,0,0,0,0,0,0,0,0,0,0,0,0,0,0,0,0,0,0,0
1,65,3,13,10,32,2,126,147,0,0,0,0,0,0,0,0,0,0,0,0,0,0,0,0,0,0,0,0,0,0
10,3,3,11,1,1,50,0,0,0,0,0,0,0,0,0,0,0,0,0,0,0,0,0,0,0,0,0,0,0,0
10,65,13,14,1,32,3,0,153,169,0,0,0,0,0,0,0,0,0,0,0,0,0,0,0,0,0,0,0,0,0
1,3,13,11,10,71,167,0,0,0,0,0,0,0,0,0,0,0,0,0,0,0,0,0,0,0,0,0,0,0,0
17,65,1,17,1,49,5,1,42,2,173,56,86,0,0,0,0,0,0,0,0,0,0,0,0,0,0,0,0,0,0
1,3,1,11,17,145,156,0,0,0,0,0,0,0,0,0,0,0,0,0,0,0,0,0,0,0,0,0,0,0,0
17,65,2,16,1,49,5,5,1,24,247,249,0,0,0,0,0,0,0,0,0,0,0,0,0,0,0,0,0,0,0
1,3,2,11,17,200,204,0,0,0,0,0,0,0,0,0,0,0,0,0,0,0,0,0,0,0,0,0,0,0,0
17,65,3,17,1,49,5,3,10,0,0,151,186,0,0,0,0,0,0,0,0,0,0,0,0,0,0,0,0,0,0
1,3,3,11,17,255,252,0,0,0,0,0,0,0,0,0,0,0,0,0,0,0,0,0,0,0,0,0,0,0,0
17,65,4,16,1,49,5,27,1,0,188,105,0,0,0,0,0,0,0,0,0,0,0,0,0,0,0,0,0,0,0
1,3,4,11,17,122,108,0,0,0,0,0,0,0,0,0,0,0,0,0,0,0,0,0,0,0,0,0,0,0,0
17,65,5,13,1,132,7,245,131,0,0,0,0,0,0,0,0,0,0,0,0,0,0,0,0,0,0,0,0,0,0
1,3,5,11,17,77,92,0,0,0,0,0,0,0,0,0,0,0,0,0,0,0,0,0,0,0,0,0,0,0,0
1,65,11,13,17,132,8,191,220,0,0,0,0,0,0,0,0,0,0,0,0,0,0,0,0,0,0,0,0,0,0
17,3,11,11,1,64,54,0,0,0,0,0,0,0,0,0,0,0,0,0,0,0,0,0,0,0,0,0,0,0,0
1,65,12,17,16,86,1,32,2,77,38,241,145,0,0,0,0,0,0,0,0,0,0,0,0,0,0,0,0,0,0
16,3,12,11,1,111,247,0,0,0,0,0,0,0,0,0,0,0,0,0,0,0,0,0,0,0,0,0,0,0,0
16,65,10,18,1,86,1,32,3,0,140,88,126,135,0,0,0,0,0,0,0,0,0,0,0,0,0,0,0,0,0
1,3,10,11,16,113,76,0,0,0,0,0,0,0,0,0,0,0,0,0,0,0,0,0,0,0,0,0,0,0,0
1,65,2,17,9,86,1,32,2,77,38,158,81,0,0,0,0,0,0,0,0,0,0,0,0,0,0,0,0,0,0
9,3,2,11,1,216,208,0,0,0,0,0,0,0,0,0,0,0,0,0,0,0,0,0,0,0,0,0,0,0,0
9,65,1,18,1,86,1,32,3,0,140,88,170,142,0,0,0,0,0,0,0,0,0,0,0,0,0,0,0,0,0
1,3,1,11,9,2,165,0,0,0,0,0,0,0,0,0,0,0,0,0,0,0,0,0,0,0,0,0,0,0,0
11,65,1,12,1,132,7,141,0,0,0,0,0,0,0,0,0,0,0,0,0,0,0,0,0,0,0,0,0,0,0
1,3,1,10,11,74,0,0,0,0,0,0,0,0,0,0,0,0,0,0,0,0,0,0,0,0,0,0,0,0,0
1,65,11,12,11,132,8,136,0,0,0,0,0,0,0,0,0,0,0,0,0,0,0,0,0,0,0,0,0,0,0
11,3,11,10,1,64,0,0,0,0,0,0,0,0,0,0,0,0,0,0,0,0,0,0,0,0,0,0,0,0,0
12,65,1,12,1,132,7,138,0,0,0,0,0,0,0,0,0,0,0,0,0,0,0,0,0,0,0,0,0,0,0
1,3,1,10,12,77,0,0,0,0,0,0,0,0,0,0,0,0,0,0,0,0,0,0,0,0,0,0,0,0,0
1,65,12,12,12,132,8,136,0,0,0,0,0,0,0,0,0,0,0,0,0,0,0,0,0,0,0,0,0,0,0
12,3,12,10,1,64,0,0,0,0,0,0,0,0,0,0,0,0,0,0,0,0,0,0,0,0,0,0,0,0,0
1,65,13,13,13,32,2,52,171,0,0,0,0,0,0,0,0,0,0,0,0,0,0,0,0,0,0,0,0,0,0
13,3,13,11,1,125,231,0,0,0,0,0,0,0,0,0,0,0,0,0,0,0,0,0,0,0,0,0,0,0,0
13,65,13,14,1,32,3,0,94,177,0,0,0,0,0,0,0,0,0,0,0,0,0,0,0,0,0,0,0,0,0
1,3,13,11,13,55,64,0,0,0,0,0,0,0,0,0,0,0,0,0,0,0,0,0,0,0,0,0,0,0,0
1,65,8,13,10,32,2,146,108,0,0,0,0,0,0,0,0,0,0,0,0,0,0,0,0,0,0,0,0,0,0
10,3,8,11,1,241,195,0,0,0,0,0,0,0,0,0,0,0,0,0,0,0,0,0,0,0,0,0,0,0,0
10,65,14,14,1,32,3,0,87,73,0,0,0,0,0,0,0,0,0,0,0,0,0,0,0,0,0,0,0,0,0
1,3,14,11,10,30,247,0,0,0,0,0,0,0,0,0,0,0,0,0,0,0,0,0,0,0,0,0,0,0,0
1,65,1,17,16,86,1,32,2,77,38,175,162,0,0,0,0,0,0,0,0,0,0,0,0,0,0,0,0,0,0
16,3,1,11,1,45,166,0,0,0,0,0,0,0,0,0,0,0,0,0,0,0,0,0,0,0,0,0,0,0,0
16,65,11,18,1,86,1,32,3,0,140,88,17,194,0,0,0,0,0,0,0,0,0,0,0,0,0,0,0,0,0
1,3,11,11,16,70,124,0,0,0,0,0,0,0,0,0,0,0,0,0,0,0,0,0,0,0,0,0,0,0,0
15,65,1,12,1,132,7,137,0,0,0,0,0,0,0,0,0,0,0,0,0,0,0,0,0,0,0,0,0,0,0
1,3,1,10,15,78,0,0,0,0,0,0,0,0,0,0,0,0,0,0,0,0,0,0,0,0,0,0,0,0,0
1,65,13,12,15,132,8,138,0,0,0,0,0,0,0,0,0,0,0,0,0,0,0,0,0,0,0,0,0,0,0
15,3,13,10,1,66,0,0,0,0,0,0,0,0,0,0,0,0,0,0,0,0,0,0,0,0,0,0,0,0,0
1,65,6,17,9,86,1,32,2,77,38,2,190,0,0,0,0,0,0,0,0,0,0,0,0,0,0,0,0,0,0
9,3,6,11,1,4,16,0,0,0,0,0,0,0,0,0,0,0,0,0,0,0,0,0,0,0,0,0,0,0,0
9,65,2,18,1,86,1,32,3,0,140,88,27,65,0,0,0,0,0,0,0,0,0,0,0,0,0,0,0,0,0
1,3,2,11,9,91,245,0,0,0,0,0,0,0,0,0,0,0,0,0,0,0,0,0,0,0,0,0,0,0,0
1,65,2,13,13,32,2,81,82,0,0,0,0,0,0,0,0,0,0,0,0,0,0,0,0,0,0,0,0,0,0
13,3,2,11,1,81,214,0,0,0,0,0,0,0,0,0,0,0,0,0,0,0,0,0,0,0,0,0,0,0,0
13,65,14,14,1,32,3,0,144,81,0,0,0,0,0,0,0,0,0,0,0,0,0,0,0,0,0,0,0,0,0
1,3,14,11,13,110,16,0,0,0,0,0,0,0,0,0,0,0,0,0,0,0,0,0,0,0,0,0,0,0,0
1,65,9,13,10,32,2,56,61,0,0,0,0,0,0,0,0,0,0,0,0,0,0,0,0,0,0,0,0,0,0
10,3,9,11,1,198,243,0,0,0,0,0,0,0,0,0,0,0,0,0,0,0,0,0,0,0,0,0,0,0,0
10,65,15,14,1,32,3,0,18,233,0,0,0,0,0,0,0,0,0,0,0,0,0,0,0,0,0,0,0,0,0
1,3,15,11,10,41,199,0,0,0,0,0,0,0,0,0,0,0,0,0,0,0,0,0,0,0,0,0,0,0,0
15,65,1,15,1,49,5,1,9,64,117,0,0,0,0,0,0,0,0,0,0,0,0,0,0,0,0,0,0,0,0
1,3,1,10,15,78,0,0,0,0,0,0,0,0,0,0,0,0,0,0,0,0,0,0,0,0,0,0,0,0,0
7,3,15,10,1,72,0,0,0,0,0,0,0,0,0,0,0,0,0,0,0,0,0,0,0,0,0,0,0,0,0
1,3,1,10,7,70,0,0,0,0,0,0,0,0,0,0,0,0,0,0,0,0,0,0,0,0,0,0,0,0,0
1,65,2,17,16,86,1,32,2,77,38,130,230,0,0,0,0,0,0,0,0,0,0,0,0,0,0,0,0,0,0
16,3,2,11,1,116,246,0,0,0,0,0,0,0,0,0,0,0,0,0,0,0,0,0,0,0,0,0,0,0,0
16,65,12,18,1,86,1,32,3,0,140,88,13,56,0,0,0,0,0,0,0,0,0,0,0,0,0,0,0,0,0
1,3,12,11,16,195,236,0,0,0,0,0,0,0,0,0,0,0,0,0,0,0,0,0,0,0,0,0,0,0,0
1,65,7,17,9,86,1,32,2,77,38,233,157,0,0,0,0,0,0,0,0,0,0,0,0,0,0,0,0,0,0
9,3,7,11,1,51,32,0,0,0,0,0,0,0,0,0,0,0,0,0,0,0,0,0,0,0,0,0,0,0,0
9,65,3,18,1,86,1,32,3,0,140,88,116,4,0,0,0,0,0,0,0,0,0,0,0,0,0,0,0,0,0
1,3,3,11,9,108,197,0,0,0,0,0,0,0,0,0,0,0,0,0,0,0,0,0,0,0,0,0,0,0,0
1,65,3,13,13,32,2,251,3,0,0,0,0,0,0,0,0,0,0,0,0,0,0,0,0,0,0,0,0,0,0
13,3,3,11,1,102,230,0,0,0,0,0,0,0,0,0,0,0,0,0,0,0,0,0,0,0,0,0,0,0,0
13,65,15,14,1,32,3,0,213,241,0,0,0,0,0,0,0,0,0,0,0,0,0,0,0,0,0,0,0,0,0
1,3,15,11,13,89,32,0,0,0,0,0,0,0,0,0,0,0,0,0,0,0,0,0,0,0,0,0,0,0,0
10,65,1,33,1,86,1,96,13,1,0,50,2,33,68,0,0,0,0,0,0,0,0,0,0,7,90,178,178,0,0
1,3,1,11,10,50,198,0,0,0,0,0,0,0,0,0,0,0,0,0,0,0,0,0,0,0,0,0,0,0,0
10,65,2,33,1,86,1,96,13,2,0,50,2,33,68,0,0,0,7,0,0,0,0,0,0,246,83,124,110,0,0
1,3,2,11,10,107,150,0,0,0,0,0,0,0,0,0,0,0,0,0,0,0,0,0,0,0,0,0,0,0,0
10,65,3,29,1,86,1,96,13,1,0,50,2,33,50,0,0,0,0,0,0,202,252,221,93,0,0,0,0,0,0
1,3,3,11,10,92,166,0,0,0,0,0,0,0,0,0,0,0,0,0,0,0,0,0,0,0,0,0,0,0,0
10,65,4,29,1,86,1,96,13,2,0,50,2,33,50,0,0,0,0,0,0,207,99,212,221,0,0,0,0,0,0
1,3,4,11,10,217,54,0,0,0,0,0,0,0,0,0,0,0,0,0,0,0,0,0,0,0,0,0,0,0,0
1,65,10,13,10,32,2,214,239,0,0,0,0,0,0,0,0,0,0,0,0,0,0,0,0,0,0,0,0,0,0
10,3,10,11,1,159,163,0,0,0,0,0,0,0,0,0,0,0,0,0,0,0,0,0,0,0,0,0,0,0,0
10,65,5,14,1,32,3,0,148,235,0,0,0,0,0,0,0,0,0,0,0,0,0,0,0,0,0,0,0,0,0
1,3,5,11,10,238,6,0,0,0,0,0,0,0,0,0,0,0,0,0,0,0,0,0,0,0,0,0,0,0,0
1,65,3,17,16,86,1,32,2,77,38,105,197,0,0,0,0,0,0,0,0,0,0,0,0,0,0,0,0,0,0
16,3,3,11,1,67,198,0,0,0,0,0,0,0,0,0,0,0,0,0,0,0,0,0,0,0,0,0,0,0,0
16,65,13,18,1,86,1,32,3,0,140,88,98,125,0,0,0,0,0,0,0,0,0,0,0,0,0,0,0,0,0
1,3,13,11,16,244,220,0,0,0,0,0,0,0,0,0,0,0,0,0,0,0,0,0,0,0,0,0,0,0,0
1,65,8,17,9,86,1,32,2,77,38,113,201,0,0,0,0,0,0,0,0,0,0,0,0,0,0,0,0,0,0
9,3,8,11,1,31,17,0,0,0,0,0,0,0,0,0,0,0,0,0,0,0,0,0,0,0,0,0,0,0,0
9,65,4,18,1,86,1,32,3,0,140,88,104,254,0,0,0,0,0,0,0,0,0,0,0,0,0,0,0,0,0
1,3,4,11,9,233,85,0,0,0,0,0,0,0,0,0,0,0,0,0,0,0,0,0,0,0,0,0,0,0,0
1,65,4,13,13,32,2,156,215,0,0,0,0,0,0,0,0,0,0,0,0,0,0,0,0,0,0,0,0,0,0
13,3,4,11,1,227,118,0,0,0,0,0,0,0,0,0,0,0,0,0,0,0,0,0,0,0,0,0,0,0,0
13,65,1,14,1,32,3,0,85,82,0,0,0,0,0,0,0,0,0,0,0,0,0,0,0,0,0,0,0,0,0
1,3,1,11,13,66,33,0,0,0,0,0,0,0,0,0,0,0,0,0,0,0,0,0,0,0,0,0,0,0,0
1,65,11,13,10,32,2,124,190,0,0,0,0,0,0,0,0,0,0,0,0,0,0,0,0,0,0,0,0,0,0
10,3,11,11,1,168,147,0,0,0,0,0,0,0,0,0,0,0,0,0,0,0,0,0,0,0,0,0,0,0,0
10,65,6,14,1,32,3,0,90,11,0,0,0,0,0,0,0,0,0,0,0,0,0,0,0,0,0,0,0,0,0
1,3,6,11,10,183,86,0,0,0,0,0,0,0,0,0,0,0,0,0,0,0,0,0,0,0,0,0,0,0,0
17,65,1,17,1,49,5,1,42,2,153,78,129,0,0,0,0,0,0,0,0,0,0,0,0,0,0,0,0,0,0
1,3,1,11,17,145,156,0,0,0,0,0,0,0,0,0,0,0,0,0,0,0,0,0,0,0,0,0,0,0,0
17,65,2,16,1,49,5,5,1,24,247,249,0,0,0,0,0,0,0,0,0,0,0,0,0,0,0,0,0,0,0
1,3,2,11,17,200,204,0,0,0,0,0,0,0,0,0,0,0,0,0,0,0,0,0,0,0,0,0,0,0,0
17,65,3,17,1,49,5,3,10,0,0,151,186,0,0,0,0,0,0,0,0,0,0,0,0,0,0,0,0,0,0
1,3,3,11,17,255,252,0,0,0,0,0,0,0,0,0,0,0,0,0,0,0,0,0,0,0,0,0,0,0,0
17,65,4,16,1,49,5,27,1,0,188,105,0,0,0,0,0,0,0,0,0,0,0,0,0,0,0,0,0,0,0
1,3,4,11,17,122,108,0,0,0,0,0,0,0,0,0,0,0,0,0,0,0,0,0,0,0,0,0,0,0,0
17,65,5,13,1,132,7,245,131,0,0,0,0,0,0,0,0,0,0,0,0,0,0,0,0,0,0,0,0,0,0
1,3,5,11,17,77,92,0,0,0,0,0,0,0,0,0,0,0,0,0,0,0,0,0,0,0,0,0,0,0,0
1,65,2,13,17,132,8,23,160,0,0,0,0,0,0,0,0,0,0,0,0,0,0,0,0,0,0,0,0,0,0
17,3,2,11,1,222,167,0,0,0,0,0,0,0,0,0,0,0,0,0,0,0,0,0,0,0,0,0,0,0,0
1,65,5,17,16,86,1,32,2,77,38,51,77,0,0,0,0,0,0,0,0,0,0,0,0,0,0,0,0,0,0
16,3,5,11,1,241,102,0,0,0,0,0,0,0,0,0,0,0,0,0,0,0,0,0,0,0,0,0,0,0,0
16,65,14,18,1,86,1,32,3,0,140,88,211,178,0,0,0,0,0,0,0,0,0,0,0,0,0,0,0,0,0
1,3,14,11,16,173,140,0,0,0,0,0,0,0,0,0,0,0,0,0,0,0,0,0,0,0,0,0,0,0,0
1,65,10,17,9,86,1,32,2,77,38,183,174,0,0,0,0,0,0,0,0,0,0,0,0,0,0,0,0,0,0
9,3,10,11,1,113,113,0,0,0,0,0,0,0,0,0,0,0,0,0,0,0,0,0,0,0,0,0,0,0,0
9,65,5,18,1,86,1,32,3,0,140,88,7,187,0,0,0,0,0,0,0,0,0,0,0,0,0,0,0,0,0
1,3,5,11,9,222,101,0,0,0,0,0,0,0,0,0,0,0,0,0,0,0,0,0,0,0,0,0,0,0,0
1,65,6,13,13,32,2,216,84,0,0,0,0,0,0,0,0,0,0,0,0,0,0,0,0,0,0,0,0,0,0
13,3,6,11,1,141,22,0,0,0,0,0,0,0,0,0,0,0,0,0,0,0,0,0,0,0,0,0,0,0,0
13,65,2,14,1,32,3,0,155,178,0,0,0,0,0,0,0,0,0,0,0,0,0,0,0,0,0,0,0,0,0
1,3,2,11,13,27,113,0,0,0,0,0,0,0,0,0,0,0,0,0,0,0,0,0,0,0,0,0,0,0,0
1,65,13,13,10,32,2,177,59,0,0,0,0,0,0,0,0,0,0,0,0,0,0,0,0,0,0,0,0,0,0
10,3,13,11,1,26,51,0,0,0,0,0,0,0,0,0,0,0,0,0,0,0,0,0,0,0,0,0,0,0,0
10,65,7,14,1,32,3,0,31,171,0,0,0,0,0,0,0,0,0,0,0,0,0,0,0,0,0,0,0,0,0
1,3,7,11,10,128,102,0,0,0,0,0,0,0,0,0,0,0,0,0,0,0,0,0,0,0,0,0,0,0,0
11,65,1,12,1,132,7,141,0,0,0,0,0,0,0,0,0,0,0,0,0,0,0,0,0,0,0,0,0,0,0
1,3,1,10,11,74,0,0,0,0,0,0,0,0,0,0,0,0,0,0,0,0,0,0,0,0,0,0,0,0,0
1,65,1,12,11,132,8,130,0,0,0,0,0,0,0,0,0,0,0,0,0,0,0,0,0,0,0,0,0,0,0
11,3,1,10,1,74,0,0,0,0,0,0,0,0,0,0,0,0,0,0,0,0,0,0,0,0,0,0,0,0,0
12,65,1,12,1,132,7,138,0,0,0,0,0,0,0,0,0,0,0,0,0,0,0,0,0,0,0,0,0,0,0
1,3,1,10,12,77,0,0,0,0,0,0,0,0,0,0,0,0,0,0,0,0,0,0,0,0,0,0,0,0,0
1,65,2,12,12,132,8,134,0,0,0,0,0,0,0,0,0,0,0,0,0,0,0,0,0,0,0,0,0,0,0
12,3,2,10,1,78,0,0,0,0,0,0,0,0,0,0,0,0,0,0,0,0,0,0,0,0,0,0,0,0,0
1,65,7,17,16,86,1,32,2,77,38,245,42,0,0,0,0,0,0,0,0,0,0,0,0,0,0,0,0,0,0
16,3,7,11,1,159,6,0,0,0,0,0,0,0,0,0,0,0,0,0,0,0,0,0,0,0,0,0,0,0,0
16,65,15,18,1,86,1,32,3,0,140,88,188,247,0,0,0,0,0,0,0,0,0,0,0,0,0,0,0,0,0
1,3,15,11,16,154,188,0,0,0,0,0,0,0,0,0,0,0,0,0,0,0,0,0,0,0,0,0,0,0,0
1,65,12,17,9,86,1,32,2,77,38,237,38,0,0,0,0,0,0,0,0,0,0,0,0,0,0,0,0,0,0
9,3,12,11,1,195,209,0,0,0,0,0,0,0,0,0,0,0,0,0,0,0,0,0,0,0,0,0,0,0,0
9,65,6,18,1,86,1,32,3,0,140,88,182,116,0,0,0,0,0,0,0,0,0,0,0,0,0,0,0,0,0
1,3,6,11,9,135,53,0,0,0,0,0,0,0,0,0,0,0,0,0,0,0,0,0,0,0,0,0,0,0,0
1,65,7,13,13,32,2,114,5,0,0,0,0,0,0,0,0,0,0,0,0,0,0,0,0,0,0,0,0,0,0
13,3,7,11,1,186,38,0,0,0,0,0,0,0,0,0,0,0,0,0,0,0,0,0,0,0,0,0,0,0,0
13,65,3,14,1,32,3,0,222,18,0,0,0,0,0,0,0,0,0,0,0,0,0,0,0,0,0,0,0,0,0
1,3,3,11,13,44,65,0,0,0,0,0,0,0,0,0,0,0,0,0,0,0,0,0,0,0,0,0,0,0,0
1,65,2,13,10,32,2,212,194,0,0,0,0,0,0,0,0,0,0,0,0,0,0,0,0,0,0,0,0,0,0
10,3,2,11,1,54,2,0,0,0,0,0,0,0,0,0,0,0,0,0,0,0,0,0,0,0,0,0,0,0,0
10,65,8,14,1,32,3,0,218,168,0,0,0,0,0,0,0,0,0,0,0,0,0,0,0,0,0,0,0,0,0
1,3,8,11,10,172,87,0,0,0,0,0,0,0,0,0,0,0,0,0,0,0,0,0,0,0,0,0,0,0,0
7,3,4,10,1,67,0,0,0,0,0,0,0,0,0,0,0,0,0,0,0,0,0,0,0,0,0,0,0,0,0
1,3,1,10,7,70,0,0,0,0,0,0,0,0,0,0,0,0,0,0,0,0,0,0,0,0,0,0,0,0,0
1,65,11,17,16,86,1,32,2,77,38,64,58,0,0,0,0,0,0,0,0,0,0,0,0,0,0,0,0,0,0
16,3,11,11,1,234,103,0,0,0,0,0,0,0,0,0,0,0,0,0,0,0,0,0,0,0,0,0,0,0,0
16,65,1,18,1,86,1,32,3,0,140,88,133,3,0,0,0,0,0,0,0,0,0,0,0,0,0,0,0,0,0
1,3,1,11,16,129,189,0,0,0,0,0,0,0,0,0,0,0,0,0,0,0,0,0,0,0,0,0,0,0,0
1,65,1,17,9,86,1,32,2,77,38,179,21,0,0,0,0,0,0,0,0,0,0,0,0,0,0,0,0,0,0
9,3,1,11,1,129,128,0,0,0,0,0,0,0,0,0,0,0,0,0,0,0,0,0,0,0,0,0,0,0,0
9,65,7,18,1,86,1,32,3,0,140,88,217,49,0,0,0,0,0,0,0,0,0,0,0,0,0,0,0,0,0
1,3,7,11,9,176,5,0,0,0,0,0,0,0,0,0,0,0,0,0,0,0,0,0,0,0,0,0,0,0,0
1,65,5,12,8,37,2,46,0,0,0,0,0,0,0,0,0,0,0,0,0,0,0,0,0,0,0,0,0,0,0
1,65,5,12,8,37,2,46,0,0,0,0,0,0,0,0,0,0,0,0,0,0,0,0,0,0,0,0,0,0,0
1,65,5,12,8,37,2,46,0,0,0,0,0,0,0,0,0,0,0,0,0,0,0,0,0,0,0,0,0,0,0
1,65,6,12,8,37,2,45,0,0,0,0,0,0,0,0,0,0,0,0,0,0,0,0,0,0,0,0,0,0,0
8,3,6,10,1,78,0,0,0,0,0,0,0,0,0,0,0,0,0,0,0,0,0,0,0,0,0,0,0,0,0
8,65,65,13,1,37,3,0,106,0,0,0,0,0,0,0,0,0,0,0,0,0,0,0,0,0,0,0,0,0,0
1,3,1,10,8,73,0,0,0,0,0,0,0,0,0,0,0,0,0,0,0,0,0,0,0,0,0,0,0,0,0
1,65,12,13,13,32,2,158,250,0,0,0,0,0,0,0,0,0,0,0,0,0,0,0,0,0,0,0,0,0,0
13,3,12,11,1,74,215,0,0,0,0,0,0,0,0,0,0,0,0,0,0,0,0,0,0,0,0,0,0,0,0
13,65,4,14,1,32,3,0,22,83,0,0,0,0,0,0,0,0,0,0,0,0,0,0,0,0,0,0,0,0,0
1,3,4,11,13,169,209,0,0,0,0,0,0,0,0,0,0,0,0,0,0,0,0,0,0,0,0,0,0,0,0
10,65,9,33,1,86,1,96,13,1,0,50,2,33,68,0,0,0,0,0,0,0,0,0,0,7,90,191,80,0,0
1,3,9,11,10,155,103,0,0,0,0,0,0,0,0,0,0,0,0,0,0,0,0,0,0,0,0,0,0,0,0
10,65,10,33,1,86,1,96,13,2,0,50,2,33,68,0,0,0,8,0,0,0,0,0,0,124,186,113,140,0,0
1,3,10,11,10,194,55,0,0,0,0,0,0,0,0,0,0,0,0,0,0,0,0,0,0,0,0,0,0,0,0
10,65,11,29,1,86,1,96,13,1,0,50,2,33,50,0,0,0,0,0,0,202,252,18,43,0,0,0,0,0,0
1,3,11,11,10,245,7,0,0,0,0,0,0,0,0,0,0,0,0,0,0,0,0,0,0,0,0,0,0,0,0
10,65,12,29,1,86,1,96,13,2,0,50,2,33,50,0,0,0,0,0,0,207,99,27,171,0,0,0,0,0,0
1,3,12,11,10,112,151,0,0,0,0,0,0,0,0,0,0,0,0,0,0,0,0,0,0,0,0,0,0,0,0
1,65,3,13,10,32,2,126,147,0,0,0,0,0,0,0,0,0,0,0,0,0,0,0,0,0,0,0,0,0,0
10,3,3,11,1,1,50,0,0,0,0,0,0,0,0,0,0,0,0,0,0,0,0,0,0,0,0,0,0,0,0
10,65,13,14,1,32,3,0,153,169,0,0,0,0,0,0,0,0,0,0,0,0,0,0,0,0,0,0,0,0,0
1,3,13,11,10,71,167,0,0,0,0,0,0,0,0,0,0,0,0,0,0,0,0,0,0,0,0,0,0,0,0
1,65,12,17,16,86,1,32,2,77,38,241,145,0,0,0,0,0,0,0,0,0,0,0,0,0,0,0,0,0,0
16,3,12,11,1,111,247,0,0,0,0,0,0,0,0,0,0,0,0,0,0,0,0,0,0,0,0,0,0,0,0
16,65,2,18,1,86,1,32,3,0,140,88,52,204,0,0,0,0,0,0,0,0,0,0,0,0,0,0,0,0,0
1,3,2,11,16,216,237,0,0,0,0,0,0,0,0,0,0,0,0,0,0,0,0,0,0,0,0,0,0,0,0
1,65,2,17,9,86,1,32,2,77,38,158,81,0,0,0,0,0,0,0,0,0,0,0,0,0,0,0,0,0,0
9,3,2,11,1,216,208,0,0,0,0,0,0,0,0,0,0,0,0,0,0,0,0,0,0,0,0,0,0,0,0
9,65,8,18,1,86,1,32,3,0,140,88,143,128,0,0,0,0,0,0,0,0,0,0,0,0,0,0,0,0,0
1,3,8,11,9,156,52,0,0,0,0,0,0,0,0,0,0,0,0,0,0,0,0,0,0,0,0,0,0,0,0
1,65,13,13,13,32,2,52,171,0,0,0,0,0,0,0,0,0,0,0,0,0,0,0,0,0,0,0,0,0,0
13,3,13,11,1,125,231,0,0,0,0,0,0,0,0,0,0,0,0,0,0,0,0,0,0,0,0,0,0,0,0
13,65,5,14,1,32,3,0,83,243,0,0,0,0,0,0,0,0,0,0,0,0,0,0,0,0,0,0,0,0,0
1,3,5,11,13,158,225,0,0,0,0,0,0,0,0,0,0,0,0,0,0,0,0,0,0,0,0,0,0,0,0
1,65,4,13,10,32,2,25,71,0,0,0,0,0,0,0,0,0,0,0,0,0,0,0,0,0,0,0,0,0,0
10,3,4,11,1,132,162,0,0,0,0,0,0,0,0,0,0,0,0,0,0,0,0,0,0,0,0,0,0,0,0
10,65,14,14,1,32,3,0,87,73,0,0,0,0,0,0,0,0,0,0,0,0,0,0,0,0,0,0,0,0,0
1,3,14,11,10,30,247,0,0,0,0,0,0,0,0,0,0,0,0,0,0,0,0,0,0,0,0,0,0,0,0
17,65,1,17,1,49,5,1,42,2,138,108,211,0,0,0,0,0,0,0,0,0,0,0,0,0,0,0,0,0,0
1,3,1,11,17,145,156,0,0,0,0,0,0,0,0,0,0,0,0,0,0,0,0,0,0,0,0,0,0,0,0
17,65,2,16,1,49,5,5,1,25,231,216,0,0,0,0,0,0,0,0,0,0,0,0,0,0,0,0,0,0,0
1,3,2,11,17,200,204,0,0,0,0,0,0,0,0,0,0,0,0,0,0,0,0,0,0,0,0,0,0,0,0
17,65,3,17,1,49,5,3,10,0,0,151,186,0,0,0,0,0,0,0,0,0,0,0,0,0,0,0,0,0,0
1,3,3,11,17,255,252,0,0,0,0,0,0,0,0,0,0,0,0,0,0,0,0,0,0,0,0,0,0,0,0
17,65,4,16,1,49,5,27,1,0,188,105,0,0,0,0,0,0,0,0,0,0,0,0,0,0,0,0,0,0,0
1,3,4,11,17,122,108,0,0,0,0,0,0,0,0,0,0,0,0,0,0,0,0,0,0,0,0,0,0,0,0
17,65,5,13,1,132,7,245,131,0,0,0,0,0,0,0,0,0,0,0,0,0,0,0,0,0,0,0,0,0,0
1,3,5,11,17,77,92,0,0,0,0,0,0,0,0,0,0,0,0,0,0,0,0,0,0,0,0,0,0,0,0
1,65,8,13,17,132,8,81,14,0,0,0,0,0,0,0,0,0,0,0,0,0,0,0,0,0,0,0,0,0,0
17,3,8,11,1,25,102,0,0,0,0,0,0,0,0,0,0,0,0,0,0,0,0,0,0,0,0,0,0,0,0
1,65,14,17,16,86,1,32,2,77,38,55,246,0,0,0,0,0,0,0,0,0,0,0,0,0,0,0,0,0,0
16,3,14,11,1,1,151,0,0,0,0,0,0,0,0,0,0,0,0,0,0,0,0,0,0,0,0,0,0,0,0
16,65,3,18,1,86,1,32,3,0,140,88,91,137,0,0,0,0,0,0,0,0,0,0,0,0,0,0,0,0,0
1,3,3,11,16,239,221,0,0,0,0,0,0,0,0,0,0,0,0,0,0,0,0,0,0,0,0,0,0,0,0
1,65,4,17,9,86,1,32,2,77,38,196,217,0,0,0,0,0,0,0,0,0,0,0,0,0,0,0,0,0,0
9,3,4,11,1,106,112,0,0,0,0,0,0,0,0,0,0,0,0,0,0,0,0,0,0,0,0,0,0,0,0
9,65,9,18,1,86,1,32,3,0,140,88,224,197,0,0,0,0,0,0,0,0,0,0,0,0,0,0,0,0,0
1,3,9,11,9,171,4,0,0,0,0,0,0,0,0,0,0,0,0,0,0,0,0,0,0,0,0,0,0,0,0
1,65,15,13,13,32,2,112,40,0,0,0,0,0,0,0,0,0,0,0,0,0,0,0,0,0,0,0,0,0,0
13,3,15,11,1,19,135,0,0,0,0,0,0,0,0,0,0,0,0,0,0,0,0,0,0,0,0,0,0,0,0
13,65,6,14,1,32,3,0,157,19,0,0,0,0,0,0,0,0,0,0,0,0,0,0,0,0,0,0,0,0,0
1,3,6,11,13,199,177,0,0,0,0,0,0,0,0,0,0,0,0,0,0,0,0,0,0,0,0,0,0,0,0
1,65,6,13,10,32,2,93,196,0,0,0,0,0,0,0,0,0,0,0,0,0,0,0,0,0,0,0,0,0,0
10,3,6,11,1,234,194,0,0,0,0,0,0,0,0,0,0,0,0,0,0,0,0,0,0,0,0,0,0,0,0
10,65,15,14,1,32,3,0,18,233,0,0,0,0,0,0,0,0,0,0,0,0,0,0,0,0,0,0,0,0,0
1,3,15,11,10,41,199,0,0,0,0,0,0,0,0,0,0,0,0,0,0,0,0,0,0,0,0,0,0,0,0
1,65,15,17,16,86,1,32,2,77,38,220,213,0,0,0,0,0,0,0,0,0,0,0,0,0,0,0,0,0,0
16,3,15,11,1,54,167,0,0,0,0,0,0,0,0,0,0,0,0,0,0,0,0,0,0,0,0,0,0,0,0
16,65,4,18,1,86,1,32,3,0,140,88,71,115,0,0,0,0,0,0,0,0,0,0,0,0,0,0,0,0,0
1,3,4,11,16,106,77,0,0,0,0,0,0,0,0,0,0,0,0,0,0,0,0,0,0,0,0,0,0,0,0
1,65,5,17,9,86,1,32,2,77,38,47,250,0,0,0,0,0,0,0,0,0,0,0,0,0,0,0,0,0,0
9,3,5,11,1,93,64,0,0,0,0,0,0,0,0,0,0,0,0,0,0,0,0,0,0,0,0,0,0,0,0
9,65,10,18,1,86,1,32,3,0,140,88,81,10,0,0,0,0,0,0,0,0,0,0,0,0,0,0,0,0,0
1,3,10,11,9,242,84,0,0,0,0,0,0,0,0,0,0,0,0,0,0,0,0,0,0,0,0,0,0,0,0
1,65,1,13,13,32,2,191,128,0,0,0,0,0,0,0,0,0,0,0,0,0,0,0,0,0,0,0,0,0,0
13,3,1,11,1,8,134,0,0,0,0,0,0,0,0,0,0,0,0,0,0,0,0,0,0,0,0,0,0,0,0
13,65,7,14,1,32,3,0,216,179,0,0,0,0,0,0,0,0,0,0,0,0,0,0,0,0,0,0,0,0,0
1,3,7,11,13,240,129,0,0,0,0,0,0,0,0,0,0,0,0,0,0,0,0,0,0,0,0,0,0,0,0
11,65,1,12,1,132,7,141,0,0,0,0,0,0,0,0,0,0,0,0,0,0,0,0,0,0,0,0,0,0,0
1,3,1,10,11,74,0,0,0,0,0,0,0,0,0,0,0,0,0,0,0,0,0,0,0,0,0,0,0,0,0
1,65,7,12,11,132,8,132,0,0,0,0,0,0,0,0,0,0,0,0,0,0,0,0,0,0,0,0,0,0,0
11,3,7,10,1,76,0,0,0,0,0,0,0,0,0,0,0,0,0,0,0,0,0,0,0,0,0,0,0,0,0
12,65,1,12,1,132,7,138,0,0,0,0,0,0,0,0,0,0,0,0,0,0,0,0,0,0,0,0,0,0,0
1,3,1,10,12,77,0,0,0,0,0,0,0,0,0,0,0,0,0,0,0,0,0,0,0,0,0,0,0,0,0
1,65,8,12,12,132,8,140,0,0,0,0,0,0,0,0,0,0,0,0,0,0,0,0,0,0,0,0,0,0,0
12,3,8,10,1,68,0,0,0,0,0,0,0,0,0,0,0,0,0,0,0,0,0,0,0,0,0,0,0,0,0
1,65,7,13,10,32,2,247,149,0,0,0,0,0,0,0,0,0,0,0,0,0,0,0,0,0,0,0,0,0,0
10,3,7,11,1,221,242,0,0,0,0,0,0,0,0,0,0,0,0,0,0,0,0,0,0,0,0,0,0,0,0
10,65,1,14,1,32,3,0,146,74,0,0,0,0,0,0,0,0,0,0,0,0,0,0,0,0,0,0,0,0,0
1,3,1,11,10,50,198,0,0,0,0,0,0,0,0,0,0,0,0,0,0,0,0,0,0,0,0,0,0,0,0
7,3,10,10,1,77,0,0,0,0,0,0,0,0,0,0,0,0,0,0,0,0,0,0,0,0,0,0,0,0,0
1,3,1,10,7,70,0,0,0,0,0,0,0,0,0,0,0,0,0,0,0,0,0,0,0,0,0,0,0,0,0
1,65,11,12,15,49,4,53,0,0,0,0,0,0,0,0,0,0,0,0,0,0,0,0,0,0,0,0,0,0,0
1,65,11,12,15,49,4,53,0,0,0,0,0,0,0,0,0,0,0,0,0,0,0,0,0,0,0,0,0,0,0
1,65,11,12,15,49,4,53,0,0,0,0,0,0,0,0,0,0,0,0,0,0,0,0,0,0,0,0,0,0,0
1,129,8,15,15,0,16,13,49,4,232,0,0,0,0,0,0,0,0,0,0,0,0,0,0,0,0,0,0,0,0
1,129,8,15,15,0,17,13,49,4,233,0,0,0,0,0,0,0,0,0,0,0,0,0,0,0,0,0,0,0,0
1,129,8,15,15,0,17,13,49,4,233,0,0,0,0,0,0,0,0,0,0,0,0,0,0,0,0,0,0,0,0
1,129,8,15,15,0,17,13,49,4,233,0,0,0,0,0,0,0,0,0,0,0,0,0,0,0,0,0,0,0,0
15,193,8,13,1,21,31,13,133,0,0,0,0,0,0,0,0,0,0,0,0,0,0,0,0,0,0,0,0,0,0
1,3,8,10,13,69,0,0,0,0,0,0,0,0,0,0,0,0,0,0,0,0,0,0,0,0,0,0,0,0,0
1,65,12,12,15,49,4,50,0,0,0,0,0,0,0,0,0,0,0,0,0,0,0,0,0,0,0,0,0,0,0
1,65,12,12,15,49,4,50,0,0,0,0,0,0,0,0,0,0,0,0,0,0,0,0,0,0,0,0,0,0,0
1,65,12,12,15,49,4,50,0,0,0,0,0,0,0,0,0,0,0,0,0,0,0,0,0,0,0,0,0,0,0
1,129,9,16,15,0,32,16,13,49,4,214,0,0,0,0,0,0,0,0,0,0,0,0,0,0,0,0,0,0,0
1,129,9,16,15,0,33,16,13,49,4,215,0,0,0,0,0,0,0,0,0,0,0,0,0,0,0,0,0,0,0
1,129,9,16,15,0,34,16,13,49,4,212,0,0,0,0,0,0,0,0,0,0,0,0,0,0,0,0,0,0,0
1,129,9,16,15,0,34,16,13,49,4,212,0,0,0,0,0,0,0,0,0,0,0,0,0,0,0,0,0,0,0
1,129,9,16,15,0,34,16,13,49,4,212,0,0,0,0,0,0,0,0,0,0,0,0,0,0,0,0,0,0,0
15,129,9,14,1,37,32,16,13,216,0,0,0,0,0,0,0,0,0,0,0,0,0,0,0,0,0,0,0,0,0
15,193,9,14,1,37,47,16,13,151,0,0,0,0,0,0,0,0,0,0,0,0,0,0,0,0,0,0,0,0,0
1,3,9,10,16,89,0,0,0,0,0,0,0,0,0,0,0,0,0,0,0,0,0,0,0,0,0,0,0,0,0
1,129,10,16,15,0,32,16,9,49,4,209,0,0,0,0,0,0,0,0,0,0,0,0,0,0,0,0,0,0,0
1,129,10,16,15,0,33,16,9,49,4,208,0,0,0,0,0,0,0,0,0,0,0,0,0,0,0,0,0,0,0
1,129,10,16,15,0,34,16,9,49,4,211,0,0,0,0,0,0,0,0,0,0,0,0,0,0,0,0,0,0,0
1,129,10,16,15,0,34,16,9,49,4,211,0,0,0,0,0,0,0,0,0,0,0,0,0,0,0,0,0,0,0
1,129,10,16,15,0,34,16,9,49,4,211,0,0,0,0,0,0,0,0,0,0,0,0,0,0,0,0,0,0,0
15,129,10,14,1,37,32,16,9,223,0,0,0,0,0,0,0,0,0,0,0,0,0,0,0,0,0,0,0,0,0
15,193,10,14,1,37,47,16,9,144,0,0,0,0,0,0,0,0,0,0,0,0,0,0,0,0,0,0,0,0,0
1,3,10,10,16,90,0,0,0,0,0,0,0,0,0,0,0,0,0,0,0,0,0,0,0,0,0,0,0,0,0
1,129,11,15,15,0,16,13,49,4,235,0,0,0,0,0,0,0,0,0,0,0,0,0,0,0,0,0,0,0,0
1,129,11,15,15,0,17,13,49,4,234,0,0,0,0,0,0,0,0,0,0,0,0,0,0,0,0,0,0,0,0
1,129,11,15,15,0,17,13,49,4,234,0,0,0,0,0,0,0,0,0,0,0,0,0,0,0,0,0,0,0,0
1,129,11,15,15,0,17,13,49,4,234,0,0,0,0,0,0,0,0,0,0,0,0,0,0,0,0,0,0,0,0
15,193,11,13,1,21,31,13,134,0,0,0,0,0,0,0,0,0,0,0,0,0,0,0,0,0,0,0,0,0,0
1,3,11,10,13,70,0,0,0,0,0,0,0,0,0,0,0,0,0,0,0,0,0,0,0,0,0,0,0,0,0
1,129,12,16,15,0,32,13,10,49,4,201,0,0,0,0,0,0,0,0,0,0,0,0,0,0,0,0,0,0,0
1,129,12,16,15,0,33,13,10,49,4,200,0,0,0,0,0,0,0,0,0,0,0,0,0,0,0,0,0,0,0
1,129,12,16,15,0,34,13,10,49,4,203,0,0,0,0,0,0,0,0,0,0,0,0,0,0,0,0,0,0,0
1,129,12,16,15,0,34,13,10,49,4,203,0,0,0,0,0,0,0,0,0,0,0,0,0,0,0,0,0,0,0
1,129,12,16,15,0,34,13,10,49,4,203,0,0,0,0,0,0,0,0,0,0,0,0,0,0,0,0,0,0,0
15,129,12,14,1,37,32,13,10,199,0,0,0,0,0,0,0,0,0,0,0,0,0,0,0,0,0,0,0,0,0
15,193,12,14,1,37,47,13,10,136,0,0,0,0,0,0,0,0,0,0,0,0,0,0,0,0,0,0,0,0,0
1,3,12,10,13,65,0,0,0,0,0,0,0,0,0,0,0,0,0,0,0,0,0,0,0,0,0,0,0,0,0
1,129,13,15,15,0,16,10,49,4,234,0,0,0,0,0,0,0,0,0,0,0,0,0,0,0,0,0,0,0,0
1,129,13,15,15,0,17,10,49,4,235,0,0,0,0,0,0,0,0,0,0,0,0,0,0,0,0,0,0,0,0
1,129,13,15,15,0,17,10,49,4,235,0,0,0,0,0,0,0,0,0,0,0,0,0,0,0,0,0,0,0,0
1,129,13,15,15,0,17,10,49,4,235,0,0,0,0,0,0,0,0,0,0,0,0,0,0,0,0,0,0,0,0
15,193,13,13,1,21,31,10,135,0,0,0,0,0,0,0,0,0,0,0,0,0,0,0,0,0,0,0,0,0,0
1,3,13,10,10,71,0,0,0,0,0,0,0,0,0,0,0,0,0,0,0,0,0,0,0,0,0,0,0,0,0
1,65,13,12,15,49,4,51,0,0,0,0,0,0,0,0,0,0,0,0,0,0,0,0,0,0,0,0,0,0,0
1,65,13,12,15,49,4,51,0,0,0,0,0,0,0,0,0,0,0,0,0,0,0,0,0,0,0,0,0,0,0
1,65,13,12,15,49,4,51,0,0,0,0,0,0,0,0,0,0,0,0,0,0,0,0,0,0,0,0,0,0,0
1,69,14,20,15,32,0,250,64,0,0,0,0,49,4,182,0,0,0,0,0,0,0,0,0,0,0,0,0,0,0
1,69,14,20,15,32,0,250,49,9,0,0,0,49,4,206,0,0,0,0,0,0,0,0,0,0,0,0,0,0,0
1,69,14,20,15,32,0,250,49,16,0,0,0,49,4,215,0,0,0,0,0,0,0,0,0,0,0,0,0,0,0
1,69,14,20,15,32,0,250,49,10,0,0,0,49,4,205,0,0,0,0,0,0,0,0,0,0,0,0,0,0,0
1,69,14,20,15,32,0,250,49,13,0,0,0,49,4,202,0,0,0,0,0,0,0,0,0,0,0,0,0,0,0
1,69,14,20,15,32,0,250,49,18,0,0,0,49,4,213,0,0,0,0,0,0,0,0,0,0,0,0,0,0,0
1,65,1,17,16,86,1,32,2,77,38,175,162,0,0,0,0,0,0,0,0,0,0,0,0,0,0,0,0,0,0
16,3,1,11,1,45,166,0,0,0,0,0,0,0,0,0,0,0,0,0,0,0,0,0,0,0,0,0,0,0,0
16,65,5,18,1,86,1,32,3,0,140,88,40,54,0,0,0,0,0,0,0,0,0,0,0,0,0,0,0,0,0
1,3,5,11,16,93,125,0,0,0,0,0,0,0,0,0,0,0,0,0,0,0,0,0,0,0,0,0,0,0,0
1,65,6,17,9,86,1,32,2,77,38,2,190,0,0,0,0,0,0,0,0,0,0,0,0,0,0,0,0,0,0
9,3,6,11,1,4,16,0,0,0,0,0,0,0,0,0,0,0,0,0,0,0,0,0,0,0,0,0,0,0,0
9,65,11,18,1,86,1,32,3,0,140,88,62,79,0,0,0,0,0,0,0,0,0,0,0,0,0,0,0,0,0
1,3,11,11,9,197,100,0,0,0,0,0,0,0,0,0,0,0,0,0,0,0,0,0,0,0,0,0,0,0,0
1,65,14,12,15,49,4,48,0,0,0,0,0,0,0,0,0,0,0,0,0,0,0,0,0,0,0,0,0,0,0
1,65,14,12,15,49,4,48,0,0,0,0,0,0,0,0,0,0,0,0,0,0,0,0,0,0,0,0,0,0,0
1,65,14,12,15,49,4,48,0,0,0,0,0,0,0,0,0,0,0,0,0,0,0,0,0,0,0,0,0,0,0
1,65,15,12,15,49,4,49,0,0,0,0,0,0,0,0,0,0,0,0,0,0,0,0,0,0,0,0,0,0,0
1,65,15,12,15,49,4,49,0,0,0,0,0,0,0,0,0,0,0,0,0,0,0,0,0,0,0,0,0,0,0
1,65,15,12,15,49,4,49,0,0,0,0,0,0,0,0,0,0,0,0,0,0,0,0,0,0,0,0,0,0,0
1,129,15,16,15,0,32,16,13,49,4,208,0,0,0,0,0,0,0,0,0,0,0,0,0,0,0,0,0,0,0
1,129,15,16,15,0,33,16,13,49,4,209,0,0,0,0,0,0,0,0,0,0,0,0,0,0,0,0,0,0,0
1,129,15,16,15,0,34,16,13,49,4,210,0,0,0,0,0,0,0,0,0,0,0,0,0,0,0,0,0,0,0
1,129,15,16,15,0,34,16,13,49,4,210,0,0,0,0,0,0,0,0,0,0,0,0,0,0,0,0,0,0,0
1,129,15,16,15,0,34,16,13,49,4,210,0,0,0,0,0,0,0,0,0,0,0,0,0,0,0,0,0,0,0
15,129,15,14,1,37,32,16,13,222,0,0,0,0,0,0,0,0,0,0,0,0,0,0,0,0,0,0,0,0,0
15,193,15,14,1,37,47,16,13,145,0,0,0,0,0,0,0,0,0,0,0,0,0,0,0,0,0,0,0,0,0
1,3,15,10,16,95,0,0,0,0,0,0,0,0,0,0,0,0,0,0,0,0,0,0,0,0,0,0,0,0,0
1,129,1,16,15,0,32,16,9,49,4,218,0,0,0,0,0,0,0,0,0,0,0,0,0,0,0,0,0,0,0
1,129,1,16,15,0,33,16,9,49,4,219,0,0,0,0,0,0,0,0,0,0,0,0,0,0,0,0,0,0,0
1,129,1,16,15,0,34,16,9,49,4,216,0,0,0,0,0,0,0,0,0,0,0,0,0,0,0,0,0,0,0
1,129,1,16,15,0,34,16,9,49,4,216,0,0,0,0,0,0,0,0,0,0,0,0,0,0,0,0,0,0,0
1,129,1,16,15,0,34,16,9,49,4,216,0,0,0,0,0,0,0,0,0,0,0,0,0,0,0,0,0,0,0
15,129,1,14,1,37,32,16,9,212,0,0,0,0,0,0,0,0,0,0,0,0,0,0,0,0,0,0,0,0,0
15,193,1,14,1,37,47,16,9,155,0,0,0,0,0,0,0,0,0,0,0,0,0,0,0,0,0,0,0,0,0
1,3,1,10,16,81,0,0,0,0,0,0,0,0,0,0,0,0,0,0,0,0,0,0,0,0,0,0,0,0,0
1,129,2,15,15,0,16,9,49,4,230,0,0,0,0,0,0,0,0,0,0,0,0,0,0,0,0,0,0,0,0
1,129,2,15,15,0,17,9,49,4,231,0,0,0,0,0,0,0,0,0,0,0,0,0,0,0,0,0,0,0,0
1,129,2,15,15,0,17,9,49,4,231,0,0,0,0,0,0,0,0,0,0,0,0,0,0,0,0,0,0,0,0
1,129,2,15,15,0,17,9,49,4,231,0,0,0,0,0,0,0,0,0,0,0,0,0,0,0,0,0,0,0,0
15,193,2,13,1,21,31,9,139,0,0,0,0,0,0,0,0,0,0,0,0,0,0,0,0,0,0,0,0,0,0
1,3,2,10,9,75,0,0,0,0,0,0,0,0,0,0,0,0,0,0,0,0,0,0,0,0,0,0,0,0,0
1,129,3,16,15,0,32,9,10,49,4,194,0,0,0,0,0,0,0,0,0,0,0,0,0,0,0,0,0,0,0
1,129,3,16,15,0,33,9,10,49,4,195,0,0,0,0,0,0,0,0,0,0,0,0,0,0,0,0,0,0,0
1,129,3,16,15,0,34,9,10,49,4,192,0,0,0,0,0,0,0,0,0,0,0,0,0,0,0,0,0,0,0
1,129,3,16,15,0,34,9,10,49,4,192,0,0,0,0,0,0,0,0,0,0,0,0,0,0,0,0,0,0,0
1,129,3,16,15,0,34,9,10,49,4,192,0,0,0,0,0,0,0,0,0,0,0,0,0,0,0,0,0,0,0
15,129,3,14,1,37,32,9,10,204,0,0,0,0,0,0,0,0,0,0,0,0,0,0,0,0,0,0,0,0,0
15,193,3,14,1,37,47,9,10,131,0,0,0,0,0,0,0,0,0,0,0,0,0,0,0,0,0,0,0,0,0
1,3,3,10,9,74,0,0,0,0,0,0,0,0,0,0,0,0,0,0,0,0,0,0,0,0,0,0,0,0,0
1,129,4,15,15,0,16,13,49,4,228,0,0,0,0,0,0,0,0,0,0,0,0,0,0,0,0,0,0,0,0
1,129,4,15,15,0,17,13,49,4,229,0,0,0,0,0,0,0,0,0,0,0,0,0,0,0,0,0,0,0,0
1,129,4,15,15,0,17,13,49,4,229,0,0,0,0,0,0,0,0,0,0,0,0,0,0,0,0,0,0,0,0
1,129,4,15,15,0,17,13,49,4,229,0,0,0,0,0,0,0,0,0,0,0,0,0,0,0,0,0,0,0,0
15,193,4,13,1,21,31,13,137,0,0,0,0,0,0,0,0,0,0,0,0,0,0,0,0,0,0,0,0,0,0
1,3,4,10,13,73,0,0,0,0,0,0,0,0,0,0,0,0,0,0,0,0,0,0,0,0,0,0,0,0,0
1,65,1,12,15,49,4,63,0,0,0,0,0,0,0,0,0,0,0,0,0,0,0,0,0,0,0,0,0,0,0
1,65,1,12,15,49,4,63,0,0,0,0,0,0,0,0,0,0,0,0,0,0,0,0,0,0,0,0,0,0,0
1,65,1,12,15,49,4,63,0,0,0,0,0,0,0,0,0,0,0,0,0,0,0,0,0,0,0,0,0,0,0
1,69,5,20,15,32,0,250,64,0,0,0,0,49,4,189,0,0,0,0,0,0,0,0,0,0,0,0,0,0,0
1,69,5,20,15,32,0,250,49,13,0,0,0,49,4,193,0,0,0,0,0,0,0,0,0,0,0,0,0,0,0
1,69,5,20,15,32,0,250,49,18,0,0,0,49,4,222,0,0,0,0,0,0,0,0,0,0,0,0,0,0,0
1,69,5,20,15,32,0,250,49,9,0,0,0,49,4,197,0,0,0,0,0,0,0,0,0,0,0,0,0,0,0
1,69,5,20,15,32,0,250,49,10,0,0,0,49,4,198,0,0,0,0,0,0,0,0,0,0,0,0,0,0,0
1,69,5,20,15,32,0,250,49,16,0,0,0,49,4,220,0,0,0,0,0,0,0,0,0,0,0,0,0,0,0
1,65,5,13,13,32,2,54,134,0,0,0,0,0,0,0,0,0,0,0,0,0,0,0,0,0,0,0,0,0,0
13,3,5,11,1,212,70,0,0,0,0,0,0,0,0,0,0,0,0,0,0,0,0,0,0,0,0,0,0,0,0
13,65,8,14,1,32,3,0,29,176,0,0,0,0,0,0,0,0,0,0,0,0,0,0,0,0,0,0,0,0,0
1,3,8,11,13,220,176,0,0,0,0,0,0,0,0,0,0,0,0,0,0,0,0,0,0,0,0,0,0,0,0
10,65,2,33,1,86,1,96,13,1,0,50,2,33,68,0,0,0,0,0,0,0,0,0,0,7,90,124,110,0,0
1,3,2,11,10,107,150,0,0,0,0,0,0,0,0,0,0,0,0,0,0,0,0,0,0,0,0,0,0,0,0
10,65,3,33,1,86,1,96,13,2,0,50,2,33,68,0,0,0,9,0,0,0,0,0,0,196,219,57,218,0,0
1,3,3,11,10,92,166,0,0,0,0,0,0,0,0,0,0,0,0,0,0,0,0,0,0,0,0,0,0,0,0
10,65,4,29,1,86,1,96,13,1,0,50,2,33,50,0,0,0,0,0,0,202,252,212,221,0,0,0,0,0,0
1,3,4,11,10,217,54,0,0,0,0,0,0,0,0,0,0,0,0,0,0,0,0,0,0,0,0,0,0,0,0
10,65,5,29,1,86,1,96,13,2,0,50,2,33,50,0,0,0,0,0,0,207,99,1,43,0,0,0,0,0,0
1,3,5,11,10,238,6,0,0,0,0,0,0,0,0,0,0,0,0,0,0,0,0,0,0,0,0,0,0,0,0
1,65,11,13,10,32,2,124,190,0,0,0,0,0,0,0,0,0,0,0,0,0,0,0,0,0,0,0,0,0,0
10,3,11,11,1,168,147,0,0,0,0,0,0,0,0,0,0,0,0,0,0,0,0,0,0,0,0,0,0,0,0
10,65,6,14,1,32,3,0,90,11,0,0,0,0,0,0,0,0,0,0,0,0,0,0,0,0,0,0,0,0,0
1,3,6,11,10,183,86,0,0,0,0,0,0,0,0,0,0,0,0,0,0,0,0,0,0,0,0,0,0,0,0
1,65,5,17,16,86,1,32,2,77,38,51,77,0,0,0,0,0,0,0,0,0,0,0,0,0,0,0,0,0,0
16,65,6,18,1,86,1,32,3,0,140,88,153,249,0,0,0,0,0,0,0,0,0,0,0,0,0,0,0,0,0
1,3,6,11,16,4,45,0,0,0,0,0,0,0,0,0,0,0,0,0,0,0,0,0,0,0,0,0,0,0,0
1,65,10,17,9,86,1,32,2,77,38,183,174,0,0,0,0,0,0,0,0,0,0,0,0,0,0,0,0,0,0
9,3,10,11,1,113,113,0,0,0,0,0,0,0,0,0,0,0,0,0,0,0,0,0,0,0,0,0,0,0,0
9,65,12,18,1,86,1,32,3,0,140,88,34,181,0,0,0,0,0,0,0,0,0,0,0,0,0,0,0,0,0
1,3,12,11,9,64,244,0,0,0,0,0,0,0,0,0,0,0,0,0,0,0,0,0,0,0,0,0,0,0,0
1,65,2,12,15,49,4,60,0,0,0,0,0,0,0,0,0,0,0,0,0,0,0,0,0,0,0,0,0,0,0
1,65,2,12,15,49,4,60,0,0,0,0,0,0,0,0,0,0,0,0,0,0,0,0,0,0,0,0,0,0,0
1,65,2,12,15,49,4,60,0,0,0,0,0,0,0,0,0,0,0,0,0,0,0,0,0,0,0,0,0,0,0
1,129,6,16,15,0,32,16,13,49,4,217,0,0,0,0,0,0,0,0,0,0,0,0,0,0,0,0,0,0,0
1,129,6,16,15,0,33,16,13,49,4,216,0,0,0,0,0,0,0,0,0,0,0,0,0,0,0,0,0,0,0
1,129,6,16,15,0,34,16,13,49,4,219,0,0,0,0,0,0,0,0,0,0,0,0,0,0,0,0,0,0,0
1,129,6,16,15,0,34,16,13,49,4,219,0,0,0,0,0,0,0,0,0,0,0,0,0,0,0,0,0,0,0
1,129,6,16,15,0,34,16,13,49,4,219,0,0,0,0,0,0,0,0,0,0,0,0,0,0,0,0,0,0,0
15,129,6,14,1,37,32,16,13,215,0,0,0,0,0,0,0,0,0,0,0,0,0,0,0,0,0,0,0,0,0
15,193,6,14,1,37,47,16,13,152,0,0,0,0,0,0,0,0,0,0,0,0,0,0,0,0,0,0,0,0,0
1,3,6,10,16,86,0,0,0,0,0,0,0,0,0,0,0,0,0,0,0,0,0,0,0,0,0,0,0,0,0
1,129,7,16,15,0,32,16,9,49,4,220,0,0,0,0,0,0,0,0,0,0,0,0,0,0,0,0,0,0,0
1,129,7,16,15,0,33,16,9,49,4,221,0,0,0,0,0,0,0,0,0,0,0,0,0,0,0,0,0,0,0
1,129,7,16,15,0,34,16,9,49,4,222,0,0,0,0,0,0,0,0,0,0,0,0,0,0,0,0,0,0,0
1,129,7,16,15,0,34,16,9,49,4,222,0,0,0,0,0,0,0,0,0,0,0,0,0,0,0,0,0,0,0
1,129,7,16,15,0,34,16,9,49,4,222,0,0,0,0,0,0,0,0,0,0,0,0,0,0,0,0,0,0,0
15,129,7,14,1,37,32,16,9,210,0,0,0,0,0,0,0,0,0,0,0,0,0,0,0,0,0,0,0,0,0
15,193,7,14,1,37,47,16,9,157,0,0,0,0,0,0,0,0,0,0,0,0,0,0,0,0,0,0,0,0,0
1,3,7,10,16,87,0,0,0,0,0,0,0,0,0,0,0,0,0,0,0,0,0,0,0,0,0,0,0,0,0
1,129,8,15,15,0,16,13,49,4,232,0,0,0,0,0,0,0,0,0,0,0,0,0,0,0,0,0,0,0,0
1,129,8,15,15,0,17,13,49,4,233,0,0,0,0,0,0,0,0,0,0,0,0,0,0,0,0,0,0,0,0
1,129,8,15,15,0,17,13,49,4,233,0,0,0,0,0,0,0,0,0,0,0,0,0,0,0,0,0,0,0,0
1,129,8,15,15,0,17,13,49,4,233,0,0,0,0,0,0,0,0,0,0,0,0,0,0,0,0,0,0,0,0
15,193,8,13,1,21,31,13,133,0,0,0,0,0,0,0,0,0,0,0,0,0,0,0,0,0,0,0,0,0,0
1,3,8,10,13,69,0,0,0,0,0,0,0,0,0,0,0,0,0,0,0,0,0,0,0,0,0,0,0,0,0
1,129,9,16,15,0,32,13,10,49,4,204,0,0,0,0,0,0,0,0,0,0,0,0,0,0,0,0,0,0,0
1,129,9,16,15,0,33,13,10,49,4,205,0,0,0,0,0,0,0,0,0,0,0,0,0,0,0,0,0,0,0
1,129,9,16,15,0,34,13,10,49,4,206,0,0,0,0,0,0,0,0,0,0,0,0,0,0,0,0,0,0,0
1,129,9,16,15,0,34,13,10,49,4,206,0,0,0,0,0,0,0,0,0,0,0,0,0,0,0,0,0,0,0
1,129,9,16,15,0,34,13,10,49,4,206,0,0,0,0,0,0,0,0,0,0,0,0,0,0,0,0,0,0,0
15,129,9,14,1,37,32,13,10,194,0,0,0,0,0,0,0,0,0,0,0,0,0,0,0,0,0,0,0,0,0
15,193,9,14,1,37,47,13,10,141,0,0,0,0,0,0,0,0,0,0,0,0,0,0,0,0,0,0,0,0,0
1,3,9,10,13,68,0,0,0,0,0,0,0,0,0,0,0,0,0,0,0,0,0,0,0,0,0,0,0,0,0
1,129,10,15,15,0,16,10,49,4,237,0,0,0,0,0,0,0,0,0,0,0,0,0,0,0,0,0,0,0,0
1,129,10,15,15,0,17,10,49,4,236,0,0,0,0,0,0,0,0,0,0,0,0,0,0,0,0,0,0,0,0
1,129,10,15,15,0,17,10,49,4,236,0,0,0,0,0,0,0,0,0,0,0,0,0,0,0,0,0,0,0,0
1,129,10,15,15,0,17,10,49,4,236,0,0,0,0,0,0,0,0,0,0,0,0,0,0,0,0,0,0,0,0
15,193,10,13,1,21,31,10,128,0,0,0,0,0,0,0,0,0,0,0,0,0,0,0,0,0,0,0,0,0,0
1,3,10,10,10,64,0,0,0,0,0,0,0,0,0,0,0,0,0,0,0,0,0,0,0,0,0,0,0,0,0
1,65,3,12,15,49,4,61,0,0,0,0,0,0,0,0,0,0,0,0,0,0,0,0,0,0,0,0,0,0,0
1,65,3,12,15,49,4,61,0,0,0,0,0,0,0,0,0,0,0,0,0,0,0,0,0,0,0,0,0,0,0
1,65,3,12,15,49,4,61,0,0,0,0,0,0,0,0,0,0,0,0,0,0,0,0,0,0,0,0,0,0,0
1,69,11,20,15,32,0,250,64,0,0,0,0,49,4,179,0,0,0,0,0,0,0,0,0,0,0,0,0,0,0
1,69,11,20,15,32,0,250,49,18,0,0,0,49,4,208,0,0,0,0,0,0,0,0,0,0,0,0,0,0,0
1,69,11,20,15,32,0,250,49,16,0,0,0,49,4,210,0,0,0,0,0,0,0,0,0,0,0,0,0,0,0
1,69,11,20,15,32,0,250,49,13,0,0,0,49,4,207,0,0,0,0,0,0,0,0,0,0,0,0,0,0,0
1,69,11,20,15,32,0,250,49,10,0,0,0,49,4,200,0,0,0,0,0,0,0,0,0,0,0,0,0,0,0
1,69,11,20,15,32,0,250,49,9,0,0,0,49,4,203,0,0,0,0,0,0,0,0,0,0,0,0,0,0,0
1,65,6,13,13,32,2,216,84,0,0,0,0,0,0,0,0,0,0,0,0,0,0,0,0,0,0,0,0,0,0
13,3,6,11,1,141,22,0,0,0,0,0,0,0,0,0,0,0,0,0,0,0,0,0,0,0,0,0,0,0,0
13,65,9,14,1,32,3,0,88,16,0,0,0,0,0,0,0,0,0,0,0,0,0,0,0,0,0,0,0,0,0
1,3,9,11,13,235,128,0,0,0,0,0,0,0,0,0,0,0,0,0,0,0,0,0,0,0,0,0,0,0,0
1,65,12,13,10,32,2,27,106,0,0,0,0,0,0,0,0,0,0,0,0,0,0,0,0,0,0,0,0,0,0
10,3,12,11,1,45,3,0,0,0,0,0,0,0,0,0,0,0,0,0,0,0,0,0,0,0,0,0,0,0,0
10,65,7,14,1,32,3,0,31,171,0,0,0,0,0,0,0,0,0,0,0,0,0,0,0,0,0,0,0,0,0
1,3,7,11,10,128,102,0,0,0,0,0,0,0,0,0,0,0,0,0,0,0,0,0,0,0,0,0,0,0,0
17,65,1,17,1,49,5,1,42,2,121,179,175,0,0,0,0,0,0,0,0,0,0,0,0,0,0,0,0,0,0
1,3,1,11,17,145,156,0,0,0,0,0,0,0,0,0,0,0,0,0,0,0,0,0,0,0,0,0,0,0,0
17,65,2,16,1,49,5,5,1,25,231,216,0,0,0,0,0,0,0,0,0,0,0,0,0,0,0,0,0,0,0
1,3,2,11,17,200,204,0,0,0,0,0,0,0,0,0,0,0,0,0,0,0,0,0,0,0,0,0,0,0,0
17,65,3,14,1,128,3,88,148,112,0,0,0,0,0,0,0,0,0,0,0,0,0,0,0,0,0,0,0,0,0
1,3,3,11,17,255,252,0,0,0,0,0,0,0,0,0,0,0,0,0,0,0,0,0,0,0,0,0,0,0,0
17,65,4,17,1,49,5,3,10,0,0,38,17,0,0,0,0,0,0,0,0,0,0,0,0,0,0,0,0,0,0
1,3,4,11,17,122,108,0,0,0,0,0,0,0,0,0,0,0,0,0,0,0,0,0,0,0,0,0,0,0,0
17,65,5,16,1,49,5,27,1,0,251,186,0,0,0,0,0,0,0,0,0,0,0,0,0,0,0,0,0,0,0
1,3,5,11,17,77,92,0,0,0,0,0,0,0,0,0,0,0,0,0,0,0,0,0,0,0,0,0,0,0,0
17,65,6,13,1,132,7,27,81,0,0,0,0,0,0,0,0,0,0,0,0,0,0,0,0,0,0,0,0,0,0
1,3,6,11,17,20,12,0,0,0,0,0,0,0,0,0,0,0,0,0,0,0,0,0,0,0,0,0,0,0,0
1,65,14,13,17,132,8,156,139,0,0,0,0,0,0,0,0,0,0,0,0,0,0,0,0,0,0,0,0,0,0
17,3,14,11,1,171,198,0,0,0,0,0,0,0,0,0,0,0,0,0,0,0,0,0,0,0,0,0,0,0,0
1,65,7,17,16,86,1,32,2,77,38,245,42,0,0,0,0,0,0,0,0,0,0,0,0,0,0,0,0,0,0
16,3,7,11,1,159,6,0,0,0,0,0,0,0,0,0,0,0,0,0,0,0,0,0,0,0,0,0,0,0,0
16,65,7,18,1,86,1,32,3,0,140,88,246,188,0,0,0,0,0,0,0,0,0,0,0,0,0,0,0,0,0
1,3,7,11,16,51,29,0,0,0,0,0,0,0,0,0,0,0,0,0,0,0,0,0,0,0,0,0,0,0,0
1,65,12,17,9,86,1,32,2,77,38,237,38,0,0,0,0,0,0,0,0,0,0,0,0,0,0,0,0,0,0
9,3,12,11,1,195,209,0,0,0,0,0,0,0,0,0,0,0,0,0,0,0,0,0,0,0,0,0,0,0,0
9,65,13,18,1,86,1,32,3,0,140,88,77,240,0,0,0,0,0,0,0,0,0,0,0,0,0,0,0,0,0
1,3,13,11,9,119,196,0,0,0,0,0,0,0,0,0,0,0,0,0,0,0,0,0,0,0,0,0,0,0,0
1,65,8,13,13,32,2,23,252,0,0,0,0,0,0,0,0,0,0,0,0,0,0,0,0,0,0,0,0,0,0
13,3,8,11,1,150,23,0,0,0,0,0,0,0,0,0,0,0,0,0,0,0,0,0,0,0,0,0,0,0,0
13,65,10,14,1,32,3,0,150,240,0,0,0,0,0,0,0,0,0,0,0,0,0,0,0,0,0,0,0,0,0
1,3,10,11,13,178,208,0,0,0,0,0,0,0,0,0,0,0,0,0,0,0,0,0,0,0,0,0,0,0,0
1,65,4,12,15,49,4,58,0,0,0,0,0,0,0,0,0,0,0,0,0,0,0,0,0,0,0,0,0,0,0
1,65,4,12,15,49,4,58,0,0,0,0,0,0,0,0,0,0,0,0,0,0,0,0,0,0,0,0,0,0,0
1,65,4,12,15,49,4,58,0,0,0,0,0,0,0,0,0,0,0,0,0,0,0,0,0,0,0,0,0,0,0
1,129,12,16,15,0,32,16,13,49,4,211,0,0,0,0,0,0,0,0,0,0,0,0,0,0,0,0,0,0,0
1,129,12,16,15,0,33,16,13,49,4,210,0,0,0,0,0,0,0,0,0,0,0,0,0,0,0,0,0,0,0
1,129,12,16,15,0,34,16,13,49,4,209,0,0,0,0,0,0,0,0,0,0,0,0,0,0,0,0,0,0,0
1,129,12,16,15,0,34,16,13,49,4,209,0,0,0,0,0,0,0,0,0,0,0,0,0,0,0,0,0,0,0
1,129,12,16,15,0,34,16,13,49,4,209,0,0,0,0,0,0,0,0,0,0,0,0,0,0,0,0,0,0,0
15,129,12,14,1,37,32,16,13,221,0,0,0,0,0,0,0,0,0,0,0,0,0,0,0,0,0,0,0,0,0
15,193,12,14,1,37,47,16,13,146,0,0,0,0,0,0,0,0,0,0,0,0,0,0,0,0,0,0,0,0,0
1,3,12,10,16,92,0,0,0,0,0,0,0,0,0,0,0,0,0,0,0,0,0,0,0,0,0,0,0,0,0
1,129,13,16,15,0,32,16,9,49,4,214,0,0,0,0,0,0,0,0,0,0,0,0,0,0,0,0,0,0,0
1,129,13,16,15,0,33,16,9,49,4,215,0,0,0,0,0,0,0,0,0,0,0,0,0,0,0,0,0,0,0
1,129,13,16,15,0,34,16,9,49,4,212,0,0,0,0,0,0,0,0,0,0,0,0,0,0,0,0,0,0,0
1,129,13,16,15,0,34,16,9,49,4,212,0,0,0,0,0,0,0,0,0,0,0,0,0,0,0,0,0,0,0
1,129,13,16,15,0,34,16,9,49,4,212,0,0,0,0,0,0,0,0,0,0,0,0,0,0,0,0,0,0,0
15,129,13,14,1,37,32,16,9,216,0,0,0,0,0,0,0,0,0,0,0,0,0,0,0,0,0,0,0,0,0
15,193,13,14,1,37,47,16,9,151,0,0,0,0,0,0,0,0,0,0,0,0,0,0,0,0,0,0,0,0,0
1,3,13,10,16,93,0,0,0,0,0,0,0,0,0,0,0,0,0,0,0,0,0,0,0,0,0,0,0,0,0
1,129,14,15,15,0,16,13,49,4,238,0,0,0,0,0,0,0,0,0,0,0,0,0,0,0,0,0,0,0,0
1,129,14,15,15,0,17,13,49,4,239,0,0,0,0,0,0,0,0,0,0,0,0,0,0,0,0,0,0,0,0
1,129,14,15,15,0,17,13,49,4,239,0,0,0,0,0,0,0,0,0,0,0,0,0,0,0,0,0,0,0,0
1,129,14,15,15,0,17,13,49,4,239,0,0,0,0,0,0,0,0,0,0,0,0,0,0,0,0,0,0,0,0
15,193,14,13,1,21,31,13,131,0,0,0,0,0,0,0,0,0,0,0,0,0,0,0,0,0,0,0,0,0,0
1,3,14,10,13,67,0,0,0,0,0,0,0,0,0,0,0,0,0,0,0,0,0,0,0,0,0,0,0,0,0
1,129,15,16,15,0,32,13,10,49,4,202,0,0,0,0,0,0,0,0,0,0,0,0,0,0,0,0,0,0,0
1,129,15,16,15,0,33,13,10,49,4,203,0,0,0,0,0,0,0,0,0,0,0,0,0,0,0,0,0,0,0
1,129,15,16,15,0,34,13,10,49,4,200,0,0,0,0,0,0,0,0,0,0,0,0,0,0,0,0,0,0,0
1,129,15,16,15,0,34,13,10,49,4,200,0,0,0,0,0,0,0,0,0,0,0,0,0,0,0,0,0,0,0
1,129,15,16,15,0,34,13,10,49,4,200,0,0,0,0,0,0,0,0,0,0,0,0,0,0,0,0,0,0,0
15,129,15,14,1,37,32,13,10,196,0,0,0,0,0,0,0,0,0,0,0,0,0,0,0,0,0,0,0,0,0
15,193,15,14,1,37,47,13,10,139,0,0,0,0,0,0,0,0,0,0,0,0,0,0,0,0,0,0,0,0,0
1,3,15,10,13,66,0,0,0,0,0,0,0,0,0,0,0,0,0,0,0,0,0,0,0,0,0,0,0,0,0
1,129,1,15,15,0,16,10,49,4,230,0,0,0,0,0,0,0,0,0,0,0,0,0,0,0,0,0,0,0,0
1,129,1,15,15,0,17,10,49,4,231,0,0,0,0,0,0,0,0,0,0,0,0,0,0,0,0,0,0,0,0
1,129,1,15,15,0,17,10,49,4,231,0,0,0,0,0,0,0,0,0,0,0,0,0,0,0,0,0,0,0,0
1,129,1,15,15,0,17,10,49,4,231,0,0,0,0,0,0,0,0,0,0,0,0,0,0,0,0,0,0,0,0
15,193,1,13,1,21,31,10,139,0,0,0,0,0,0,0,0,0,0,0,0,0,0,0,0,0,0,0,0,0,0
1,3,1,10,10,75,0,0,0,0,0,0,0,0,0,0,0,0,0,0,0,0,0,0,0,0,0,0,0,0,0
1,65,5,12,15,49,4,59,0,0,0,0,0,0,0,0,0,0,0,0,0,0,0,0,0,0,0,0,0,0,0
1,65,5,12,15,49,4,59,0,0,0,0,0,0,0,0,0,0,0,0,0,0,0,0,0,0,0,0,0,0,0
1,65,5,12,15,49,4,59,0,0,0,0,0,0,0,0,0,0,0,0,0,0,0,0,0,0,0,0,0,0,0
1,69,2,20,15,32,0,250,64,0,0,0,0,49,4,186,0,0,0,0,0,0,0,0,0,0,0,0,0,0,0
1,69,2,20,15,32,0,250,49,10,0,0,0,49,4,193,0,0,0,0,0,0,0,0,0,0,0,0,0,0,0
1,69,2,20,15,32,0,250,49,18,0,0,0,49,4,217,0,0,0,0,0,0,0,0,0,0,0,0,0,0,0
1,69,2,20,15,32,0,250,49,9,0,0,0,49,4,194,0,0,0,0,0,0,0,0,0,0,0,0,0,0,0
1,69,2,20,15,32,0,250,49,16,0,0,0,49,4,219,0,0,0,0,0,0,0,0,0,0,0,0,0,0,0
1,69,2,20,15,32,0,250,49,13,0,0,0,49,4,198,0,0,0,0,0,0,0,0,0,0,0,0,0,0,0
1,65,14,13,10,32,2,95,233,0,0,0,0,0,0,0,0,0,0,0,0,0,0,0,0,0,0,0,0,0,0
10,3,14,11,1,67,99,0,0,0,0,0,0,0,0,0,0,0,0,0,0,0,0,0,0,0,0,0,0,0,0
10,65,8,14,1,32,3,0,218,168,0,0,0,0,0,0,0,0,0,0,0,0,0,0,0,0,0,0,0,0,0
1,3,8,11,10,172,87,0,0,0,0,0,0,0,0,0,0,0,0,0,0,0,0,0,0,0,0,0,0,0,0
1,65,8,17,16,86,1,32,2,77,38,109,126,0,0,0,0,0,0,0,0,0,0,0,0,0,0,0,0,0,0
16,3,8,11,1,179,55,0,0,0,0,0,0,0,0,0,0,0,0,0,0,0,0,0,0,0,0,0,0,0,0
16,65,8,18,1,86,1,32,3,0,140,88,160,13,0,0,0,0,0,0,0,0,0,0,0,0,0,0,0,0,0
1,3,8,11,16,31,44,0,0,0,0,0,0,0,0,0,0,0,0,0,0,0,0,0,0,0,0,0,0,0,0
1,65,13,17,9,86,1,32,2,77,38,6,5,0,0,0,0,0,0,0,0,0,0,0,0,0,0,0,0,0,0
9,3,13,11,1,244,225,0,0,0,0,0,0,0,0,0,0,0,0,0,0,0,0,0,0,0,0,0,0,0,0
9,65,14,18,1,86,1,32,3,0,140,88,252,63,0,0,0,0,0,0,0,0,0,0,0,0,0,0,0,0,0
1,3,14,11,9,46,148,0,0,0,0,0,0,0,0,0,0,0,0,0,0,0,0,0,0,0,0,0,0,0,0
1,65,9,13,13,32,2,189,173,0,0,0,0,0,0,0,0,0,0,0,0,0,0,0,0,0,0,0,0,0,0
13,3,9,11,1,161,39,0,0,0,0,0,0,0,0,0,0,0,0,0,0,0,0,0,0,0,0,0,0,0,0
13,65,11,14,1,32,3,0,211,80,0,0,0,0,0,0,0,0,0,0,0,0,0,0,0,0,0,0,0,0,0
1,3,11,11,13,133,224,0,0,0,0,0,0,0,0,0,0,0,0,0,0,0,0,0,0,0,0,0,0,0,0
1,65,15,13,10,32,2,245,184,0,0,0,0,0,0,0,0,0,0,0,0,0,0,0,0,0,0,0,0,0,0
10,3,15,11,1,116,83,0,0,0,0,0,0,0,0,0,0,0,0,0,0,0,0,0,0,0,0,0,0,0,0
10,65,9,14,1,32,3,0,159,8,0,0,0,0,0,0,0,0,0,0,0,0,0,0,0,0,0,0,0,0,0
1,3,9,11,10,155,103,0,0,0,0,0,0,0,0,0,0,0,0,0,0,0,0,0,0,0,0,0,0,0,0
7,3,7,10,1,64,0,0,0,0,0,0,0,0,0,0,0,0,0,0,0,0,0,0,0,0,0,0,0,0,0
1,3,1,10,7,70,0,0,0,0,0,0,0,0,0,0,0,0,0,0,0,0,0,0,0,0,0,0,0,0,0
1,65,9,17,16,86,1,32,2,77,38,134,93,0,0,0,0,0,0,0,0,0,0,0,0,0,0,0,0,0,0
16,3,9,11,1,132,7,0,0,0,0,0,0,0,0,0,0,0,0,0,0,0,0,0,0,0,0,0,0,0,0
16,65,9,18,1,86,1,32,3,0,140,88,207,72,0,0,0,0,0,0,0,0,0,0,0,0,0,0,0,0,0
1,3,9,11,16,40,28,0,0,0,0,0,0,0,0,0,0,0,0,0,0,0,0,0,0,0,0,0,0,0,0
1,65,14,17,9,86,1,32,2,77,38,43,65,0,0,0,0,0,0,0,0,0,0,0,0,0,0,0,0,0,0
9,3,14,11,1,173,177,0,0,0,0,0,0,0,0,0,0,0,0,0,0,0,0,0,0,0,0,0,0,0,0
9,65,15,18,1,86,1,32,3,0,140,88,147,122,0,0,0,0,0,0,0,0,0,0,0,0,0,0,0,0,0
1,3,15,11,9,25,164,0,0,0,0,0,0,0,0,0,0,0,0,0,0,0,0,0,0,0,0,0,0,0,0
11,65,1,12,1,132,7,141,0,0,0,0,0,0,0,0,0,0,0,0,0,0,0,0,0,0,0,0,0,0,0
1,3,1,10,11,74,0,0,0,0,0,0,0,0,0,0,0,0,0,0,0,0,0,0,0,0,0,0,0,0,0
1,65,8,12,11,132,8,139,0,0,0,0,0,0,0,0,0,0,0,0,0,0,0,0,0,0,0,0,0,0,0
11,3,8,10,1,67,0,0,0,0,0,0,0,0,0,0,0,0,0,0,0,0,0,0,0,0,0,0,0,0,0
12,65,1,12,1,132,7,138,0,0,0,0,0,0,0,0,0,0,0,0,0,0,0,0,0,0,0,0,0,0,0
1,3,1,10,12,77,0,0,0,0,0,0,0,0,0,0,0,0,0,0,0,0,0,0,0,0,0,0,0,0,0
1,65,9,12,12,132,8,141,0,0,0,0,0,0,0,0,0,0,0,0,0,0,0,0,0,0,0,0,0,0,0
12,3,9,10,1,69,0,0,0,0,0,0,0,0,0,0,0,0,0,0,0,0,0,0,0,0,0,0,0,0,0
1,65,10,12,8,37,2,33,0,0,0,0,0,0,0,0,0,0,0,0,0,0,0,0,0,0,0,0,0,0,0
1,65,10,12,8,37,2,33,0,0,0,0,0,0,0,0,0,0,0,0,0,0,0,0,0,0,0,0,0,0,0
1,65,10,12,8,37,2,33,0,0,0,0,0,0,0,0,0,0,0,0,0,0,0,0,0,0,0,0,0,0,0
1,65,11,12,8,37,2,32,0,0,0,0,0,0,0,0,0,0,0,0,0,0,0,0,0,0,0,0,0,0,0
8,3,11,10,1,67,0,0,0,0,0,0,0,0,0,0,0,0,0,0,0,0,0,0,0,0,0,0,0,0,0
8,65,65,13,1,37,3,0,106,0,0,0,0,0,0,0,0,0,0,0,0,0,0,0,0,0,0,0,0,0,0
1,3,1,10,8,73,0,0,0,0,0,0,0,0,0,0,0,0,0,0,0,0,0,0,0,0,0,0,0,0,0
1,65,10,13,13,32,2,83,127,0,0,0,0,0,0,0,0,0,0,0,0,0,0,0,0,0,0,0,0,0,0
13,3,10,11,1,248,119,0,0,0,0,0,0,0,0,0,0,0,0,0,0,0,0,0,0,0,0,0,0,0,0
13,65,12,14,1,32,3,0,27,17,0,0,0,0,0,0,0,0,0,0,0,0,0,0,0,0,0,0,0,0,0
1,3,12,11,13,0,112,0,0,0,0,0,0,0,0,0,0,0,0,0,0,0,0,0,0,0,0,0,0,0,0
1,65,12,12,15,49,4,50,0,0,0,0,0,0,0,0,0,0,0,0,0,0,0,0,0,0,0,0,0,0,0
1,65,12,12,15,49,4,50,0,0,0,0,0,0,0,0,0,0,0,0,0,0,0,0,0,0,0,0,0,0,0
1,65,12,12,15,49,4,50,0,0,0,0,0,0,0,0,0,0,0,0,0,0,0,0,0,0,0,0,0,0,0
1,129,3,16,15,0,32,16,13,49,4,220,0,0,0,0,0,0,0,0,0,0,0,0,0,0,0,0,0,0,0
1,129,3,16,15,0,33,16,13,49,4,221,0,0,0,0,0,0,0,0,0,0,0,0,0,0,0,0,0,0,0
1,129,3,16,15,0,34,16,13,49,4,222,0,0,0,0,0,0,0,0,0,0,0,0,0,0,0,0,0,0,0
1,129,3,16,15,0,34,16,13,49,4,222,0,0,0,0,0,0,0,0,0,0,0,0,0,0,0,0,0,0,0
1,129,3,16,15,0,34,16,13,49,4,222,0,0,0,0,0,0,0,0,0,0,0,0,0,0,0,0,0,0,0
15,129,3,14,1,37,32,16,13,210,0,0,0,0,0,0,0,0,0,0,0,0,0,0,0,0,0,0,0,0,0
15,193,3,14,1,37,47,16,13,157,0,0,0,0,0,0,0,0,0,0,0,0,0,0,0,0,0,0,0,0,0
1,3,3,10,16,83,0,0,0,0,0,0,0,0,0,0,0,0,0,0,0,0,0,0,0,0,0,0,0,0,0
1,129,4,16,15,0,32,16,9,49,4,223,0,0,0,0,0,0,0,0,0,0,0,0,0,0,0,0,0,0,0
1,129,4,16,15,0,33,16,9,49,4,222,0,0,0,0,0,0,0,0,0,0,0,0,0,0,0,0,0,0,0
1,129,4,16,15,0,34,16,9,49,4,221,0,0,0,0,0,0,0,0,0,0,0,0,0,0,0,0,0,0,0
1,129,4,16,15,0,34,16,9,49,4,221,0,0,0,0,0,0,0,0,0,0,0,0,0,0,0,0,0,0,0
1,129,4,16,15,0,34,16,9,49,4,221,0,0,0,0,0,0,0,0,0,0,0,0,0,0,0,0,0,0,0
15,129,4,14,1,37,32,16,9,209,0,0,0,0,0,0,0,0,0,0,0,0,0,0,0,0,0,0,0,0,0
15,193,4,14,1,37,47,16,9,158,0,0,0,0,0,0,0,0,0,0,0,0,0,0,0,0,0,0,0,0,0
1,3,4,10,16,84,0,0,0,0,0,0,0,0,0,0,0,0,0,0,0,0,0,0,0,0,0,0,0,0,0
1,129,5,15,15,0,16,13,49,4,229,0,0,0,0,0,0,0,0,0,0,0,0,0,0,0,0,0,0,0,0
1,129,5,15,15,0,17,13,49,4,228,0,0,0,0,0,0,0,0,0,0,0,0,0,0,0,0,0,0,0,0
1,129,5,15,15,0,17,13,49,4,228,0,0,0,0,0,0,0,0,0,0,0,0,0,0,0,0,0,0,0,0
1,129,5,15,15,0,17,13,49,4,228,0,0,0,0,0,0,0,0,0,0,0,0,0,0,0,0,0,0,0,0
15,193,5,13,1,21,31,13,136,0,0,0,0,0,0,0,0,0,0,0,0,0,0,0,0,0,0,0,0,0,0
1,3,5,10,13,72,0,0,0,0,0,0,0,0,0,0,0,0,0,0,0,0,0,0,0,0,0,0,0,0,0
1,129,6,16,15,0,32,13,10,49,4,195,0,0,0,0,0,0,0,0,0,0,0,0,0,0,0,0,0,0,0
1,129,6,16,15,0,33,13,10,49,4,194,0,0,0,0,0,0,0,0,0,0,0,0,0,0,0,0,0,0,0
1,129,6,16,15,0,34,13,10,49,4,193,0,0,0,0,0,0,0,0,0,0,0,0,0,0,0,0,0,0,0
1,129,6,16,15,0,34,13,10,49,4,193,0,0,0,0,0,0,0,0,0,0,0,0,0,0,0,0,0,0,0
1,129,6,16,15,0,34,13,10,49,4,193,0,0,0,0,0,0,0,0,0,0,0,0,0,0,0,0,0,0,0
15,129,6,14,1,37,32,13,10,205,0,0,0,0,0,0,0,0,0,0,0,0,0,0,0,0,0,0,0,0,0
15,193,6,14,1,37,47,13,10,130,0,0,0,0,0,0,0,0,0,0,0,0,0,0,0,0,0,0,0,0,0
1,3,6,10,13,75,0,0,0,0,0,0,0,0,0,0,0,0,0,0,0,0,0,0,0,0,0,0,0,0,0
1,129,7,15,15,0,16,10,49,4,224,0,0,0,0,0,0,0,0,0,0,0,0,0,0,0,0,0,0,0,0
1,129,7,15,15,0,17,10,49,4,225,0,0,0,0,0,0,0,0,0,0,0,0,0,0,0,0,0,0,0,0
1,129,7,15,15,0,17,10,49,4,225,0,0,0,0,0,0,0,0,0,0,0,0,0,0,0,0,0,0,0,0
1,129,7,15,15,0,17,10,49,4,225,0,0,0,0,0,0,0,0,0,0,0,0,0,0,0,0,0,0,0,0
15,193,7,13,1,21,31,10,141,0,0,0,0,0,0,0,0,0,0,0,0,0,0,0,0,0,0,0,0,0,0
1,3,7,10,10,77,0,0,0,0,0,0,0,0,0,0,0,0,0,0,0,0,0,0,0,0,0,0,0,0,0
1,65,13,12,15,49,4,51,0,0,0,0,0,0,0,0,0,0,0,0,0,0,0,0,0,0,0,0,0,0,0
1,65,13,12,15,49,4,51,0,0,0,0,0,0,0,0,0,0,0,0,0,0,0,0,0,0,0,0,0,0,0
1,65,13,12,15,49,4,51,0,0,0,0,0,0,0,0,0,0,0,0,0,0,0,0,0,0,0,0,0,0,0
1,69,8,20,15,32,0,250,64,0,0,0,0,49,4,176,0,0,0,0,0,0,0,0,0,0,0,0,0,0,0
1,69,8,20,15,32,0,250,49,18,0,0,0,49,4,211,0,0,0,0,0,0,0,0,0,0,0,0,0,0,0
1,69,8,20,15,32,0,250,49,10,0,0,0,49,4,203,0,0,0,0,0,0,0,0,0,0,0,0,0,0,0
1,69,8,20,15,32,0,250,49,9,0,0,0,49,4,200,0,0,0,0,0,0,0,0,0,0,0,0,0,0,0
1,69,8,20,15,32,0,250,49,16,0,0,0,49,4,209,0,0,0,0,0,0,0,0,0,0,0,0,0,0,0
1,69,8,20,15,32,0,250,49,13,0,0,0,49,4,204,0,0,0,0,0,0,0,0,0,0,0,0,0,0,0
10,65,10,33,1,86,1,96,13,1,0,50,2,33,68,0,0,0,0,0,0,0,0,0,0,7,90,113,140,0,0
1,3,10,11,10,194,55,0,0,0,0,0,0,0,0,0,0,0,0,0,0,0,0,0,0,0,0,0,0,0,0
10,65,11,33,1,86,1,96,13,2,0,50,2,33,68,0,0,0,10,0,0,0,0,0,0,28,89,52,56,0,0
1,3,11,11,10,245,7,0,0,0,0,0,0,0,0,0,0,0,0,0,0,0,0,0,0,0,0,0,0,0,0
1,65,1,13,10,32,2,58,16,0,0,0,0,0,0,0,0,0,0,0,0,0,0,0,0,0,0,0,0,0,0
10,3,1,11,1,111,82,0,0,0,0,0,0,0,0,0,0,0,0,0,0,0,0,0,0,0,0,0,0,0,0
10,65,12,14,1,32,3,0,220,9,0,0,0,0,0,0,0,0,0,0,0,0,0,0,0,0,0,0,0,0,0
1,3,12,11,10,112,151,0,0,0,0,0,0,0,0,0,0,0,0,0,0,0,0,0,0,0,0,0,0,0,0
10,65,13,29,1,86,1,96,13,1,0,50,2,33,50,0,0,0,0,0,0,202,252,206,93,0,0,0,0,0,0
1,3,13,11,10,71,167,0,0,0,0,0,0,0,0,0,0,0,0,0,0,0,0,0,0,0,0,0,0,0,0
10,65,14,29,1,86,1,96,13,2,0,50,2,33,50,0,0,0,0,0,0,207,99,160,102,0,0,0,0,0,0
1,3,14,11,10,30,247,0,0,0,0,0,0,0,0,0,0,0,0,0,0,0,0,0,0,0,0,0,0,0,0
1,65,13,17,16,86,1,32,2,77,38,26,178,0,0,0,0,0,0,0,0,0,0,0,0,0,0,0,0,0,0
16,3,13,11,1,88,199,0,0,0,0,0,0,0,0,0,0,0,0,0,0,0,0,0,0,0,0,0,0,0,0
16,65,10,18,1,86,1,32,3,0,140,88,126,135,0,0,0,0,0,0,0,0,0,0,0,0,0,0,0,0,0
1,3,10,11,16,113,76,0,0,0,0,0,0,0,0,0,0,0,0,0,0,0,0,0,0,0,0,0,0,0,0
1,65,3,17,9,86,1,32,2,77,38,117,114,0,0,0,0,0,0,0,0,0,0,0,0,0,0,0,0,0,0
9,3,3,11,1,239,224,0,0,0,0,0,0,0,0,0,0,0,0,0,0,0,0,0,0,0,0,0,0,0,0
9,65,1,18,1,86,1,32,3,0,140,88,170,142,0,0,0,0,0,0,0,0,0,0,0,0,0,0,0,0,0
1,3,1,11,9,2,165,0,0,0,0,0,0,0,0,0,0,0,0,0,0,0,0,0,0,0,0,0,0,0,0
1,65,14,13,13,32,2,218,121,0,0,0,0,0,0,0,0,0,0,0,0,0,0,0,0,0,0,0,0,0,0
13,3,14,11,1,36,183,0,0,0,0,0,0,0,0,0,0,0,0,0,0,0,0,0,0,0,0,0,0,0,0
13,65,13,14,1,32,3,0,94,177,0,0,0,0,0,0,0,0,0,0,0,0,0,0,0,0,0,0,0,0,0
1,3,13,11,13,55,64,0,0,0,0,0,0,0,0,0,0,0,0,0,0,0,0,0,0,0,0,0,0,0,0
17,65,1,17,1,49,5,1,42,2,109,225,26,0,0,0,0,0,0,0,0,0,0,0,0,0,0,0,0,0,0
1,3,1,11,17,145,156,0,0,0,0,0,0,0,0,0,0,0,0,0,0,0,0,0,0,0,0,0,0,0,0
17,65,2,16,1,49,5,5,1,26,215,187,0,0,0,0,0,0,0,0,0,0,0,0,0,0,0,0,0,0,0
1,3,2,11,17,200,204,0,0,0,0,0,0,0,0,0,0,0,0,0,0,0,0,0,0,0,0,0,0,0,0
17,65,3,17,1,49,5,3,10,0,0,151,186,0,0,0,0,0,0,0,0,0,0,0,0,0,0,0,0,0,0
1,3,3,11,17,255,252,0,0,0,0,0,0,0,0,0,0,0,0,0,0,0,0,0,0,0,0,0,0,0,0
17,65,4,16,1,49,5,27,1,0,188,105,0,0,0,0,0,0,0,0,0,0,0,0,0,0,0,0,0,0,0
1,3,4,11,17,122,108,0,0,0,0,0,0,0,0,0,0,0,0,0,0,0,0,0,0,0,0,0,0,0,0
17,65,5,13,1,132,7,245,131,0,0,0,0,0,0,0,0,0,0,0,0,0,0,0,0,0,0,0,0,0,0
1,3,5,11,17,77,92,0,0,0,0,0,0,0,0,0,0,0,0,0,0,0,0,0,0,0,0,0,0,0,0
1,65,3,13,17,132,8,189,241,0,0,0,0,0,0,0,0,0,0,0,0,0,0,0,0,0,0,0,0,0,0
17,3,3,11,1,233,151,0,0,0,0,0,0,0,0,0,0,0,0,0,0,0,0,0,0,0,0,0,0,0,0
1,65,5,13,10,32,2,179,22,0,0,0,0,0,0,0,0,0,0,0,0,0,0,0,0,0,0,0,0,0,0
10,3,5,11,1,179,146,0,0,0,0,0,0,0,0,0,0,0,0,0,0,0,0,0,0,0,0,0,0,0,0
10,65,15,14,1,32,3,0,18,233,0,0,0,0,0,0,0,0,0,0,0,0,0,0,0,0,0,0,0,0,0
1,3,15,11,10,41,199,0,0,0,0,0,0,0,0,0,0,0,0,0,0,0,0,0,0,0,0,0,0,0,0
1,65,14,17,16,86,1,32,2,77,38,55,246,0,0,0,0,0,0,0,0,0,0,0,0,0,0,0,0,0,0
16,3,14,11,1,1,151,0,0,0,0,0,0,0,0,0,0,0,0,0,0,0,0,0,0,0,0,0,0,0,0
16,65,11,18,1,86,1,32,3,0,140,88,17,194,0,0,0,0,0,0,0,0,0,0,0,0,0,0,0,0,0
1,3,11,11,16,70,124,0,0,0,0,0,0,0,0,0,0,0,0,0,0,0,0,0,0,0,0,0,0,0,0
1,65,4,17,9,86,1,32,2,77,38,196,217,0,0,0,0,0,0,0,0,0,0,0,0,0,0,0,0,0,0
9,3,4,11,1,106,112,0,0,0,0,0,0,0,0,0,0,0,0,0,0,0,0,0,0,0,0,0,0,0,0
9,65,2,18,1,86,1,32,3,0,140,88,27,65,0,0,0,0,0,0,0,0,0,0,0,0,0,0,0,0,0
1,3,2,11,9,91,245,0,0,0,0,0,0,0,0,0,0,0,0,0,0,0,0,0,0,0,0,0,0,0,0
1,65,15,13,13,32,2,112,40,0,0,0,0,0,0,0,0,0,0,0,0,0,0,0,0,0,0,0,0,0,0
13,3,15,11,1,19,135,0,0,0,0,0,0,0,0,0,0,0,0,0,0,0,0,0,0,0,0,0,0,0,0
13,65,14,14,1,32,3,0,144,81,0,0,0,0,0,0,0,0,0,0,0,0,0,0,0,0,0,0,0,0,0
1,3,14,11,13,110,16,0,0,0,0,0,0,0,0,0,0,0,0,0,0,0,0,0,0,0,0,0,0,0,0
1,65,6,13,10,32,2,93,196,0,0,0,0,0,0,0,0,0,0,0,0,0,0,0,0,0,0,0,0,0,0
10,3,6,11,1,234,194,0,0,0,0,0,0,0,0,0,0,0,0,0,0,0,0,0,0,0,0,0,0,0,0
10,65,1,14,1,32,3,0,146,74,0,0,0,0,0,0,0,0,0,0,0,0,0,0,0,0,0,0,0,0,0
1,3,1,11,10,50,198,0,0,0,0,0,0,0,0,0,0,0,0,0,0,0,0,0,0,0,0,0,0,0,0
1,65,15,17,16,86,1,32,2,77,38,220,213,0,0,0,0,0,0,0,0,0,0,0,0,0,0,0,0,0,0
16,3,15,11,1,54,167,0,0,0,0,0,0,0,0,0,0,0,0,0,0,0,0,0,0,0,0,0,0,0,0
16,65,12,18,1,86,1,32,3,0,140,88,13,56,0,0,0,0,0,0,0,0,0,0,0,0,0,0,0,0,0
1,3,12,11,16,195,236,0,0,0,0,0,0,0,0,0,0,0,0,0,0,0,0,0,0,0,0,0,0,0,0
1,65,5,17,9,86,1,32,2,77,38,47,250,0,0,0,0,0,0,0,0,0,0,0,0,0,0,0,0,0,0
9,3,5,11,1,93,64,0,0,0,0,0,0,0,0,0,0,0,0,0,0,0,0,0,0,0,0,0,0,0,0
9,65,3,18,1,86,1,32,3,0,140,88,116,4,0,0,0,0,0,0,0,0,0,0,0,0,0,0,0,0,0
1,3,3,11,9,108,197,0,0,0,0,0,0,0,0,0,0,0,0,0,0,0,0,0,0,0,0,0,0,0,0
1,65,14,12,15,49,4,48,0,0,0,0,0,0,0,0,0,0,0,0,0,0,0,0,0,0,0,0,0,0,0
1,65,14,12,15,49,4,48,0,0,0,0,0,0,0,0,0,0,0,0,0,0,0,0,0,0,0,0,0,0,0
1,65,14,12,15,49,4,48,0,0,0,0,0,0,0,0,0,0,0,0,0,0,0,0,0,0,0,0,0,0,0
1,129,9,16,15,0,32,16,13,49,4,214,0,0,0,0,0,0,0,0,0,0,0,0,0,0,0,0,0,0,0
1,129,9,16,15,0,33,16,13,49,4,215,0,0,0,0,0,0,0,0,0,0,0,0,0,0,0,0,0,0,0
1,129,9,16,15,0,34,16,13,49,4,212,0,0,0,0,0,0,0,0,0,0,0,0,0,0,0,0,0,0,0
1,129,9,16,15,0,34,16,13,49,4,212,0,0,0,0,0,0,0,0,0,0,0,0,0,0,0,0,0,0,0
1,129,9,16,15,0,34,16,13,49,4,212,0,0,0,0,0,0,0,0,0,0,0,0,0,0,0,0,0,0,0
15,129,9,14,1,37,32,16,13,216,0,0,0,0,0,0,0,0,0,0,0,0,0,0,0,0,0,0,0,0,0
15,193,9,14,1,37,47,16,13,151,0,0,0,0,0,0,0,0,0,0,0,0,0,0,0,0,0,0,0,0,0
1,3,9,10,16,89,0,0,0,0,0,0,0,0,0,0,0,0,0,0,0,0,0,0,0,0,0,0,0,0,0
1,129,10,16,15,0,32,16,9,49,4,209,0,0,0,0,0,0,0,0,0,0,0,0,0,0,0,0,0,0,0
1,129,10,16,15,0,33,16,9,49,4,208,0,0,0,0,0,0,0,0,0,0,0,0,0,0,0,0,0,0,0
1,129,10,16,15,0,34,16,9,49,4,211,0,0,0,0,0,0,0,0,0,0,0,0,0,0,0,0,0,0,0
1,129,10,16,15,0,34,16,9,49,4,211,0,0,0,0,0,0,0,0,0,0,0,0,0,0,0,0,0,0,0
1,129,10,16,15,0,34,16,9,49,4,211,0,0,0,0,0,0,0,0,0,0,0,0,0,0,0,0,0,0,0
15,129,10,14,1,37,32,16,9,223,0,0,0,0,0,0,0,0,0,0,0,0,0,0,0,0,0,0,0,0,0
15,193,10,14,1,37,47,16,9,144,0,0,0,0,0,0,0,0,0,0,0,0,0,0,0,0,0,0,0,0,0
1,3,10,10,16,90,0,0,0,0,0,0,0,0,0,0,0,0,0,0,0,0,0,0,0,0,0,0,0,0,0
1,129,11,15,15,0,16,13,49,4,235,0,0,0,0,0,0,0,0,0,0,0,0,0,0,0,0,0,0,0,0
1,129,11,15,15,0,17,13,49,4,234,0,0,0,0,0,0,0,0,0,0,0,0,0,0,0,0,0,0,0,0
1,129,11,15,15,0,17,13,49,4,234,0,0,0,0,0,0,0,0,0,0,0,0,0,0,0,0,0,0,0,0
1,129,11,15,15,0,17,13,49,4,234,0,0,0,0,0,0,0,0,0,0,0,0,0,0,0,0,0,0,0,0
15,193,11,13,1,21,31,13,134,0,0,0,0,0,0,0,0,0,0,0,0,0,0,0,0,0,0,0,0,0,0
1,3,11,10,13,70,0,0,0,0,0,0,0,0,0,0,0,0,0,0,0,0,0,0,0,0,0,0,0,0,0
1,129,12,16,15,0,32,13,10,49,4,201,0,0,0,0,0,0,0,0,0,0,0,0,0,0,0,0,0,0,0
1,129,12,16,15,0,33,13,10,49,4,200,0,0,0,0,0,0,0,0,0,0,0,0,0,0,0,0,0,0,0
1,129,12,16,15,0,34,13,10,49,4,203,0,0,0,0,0,0,0,0,0,0,0,0,0,0,0,0,0,0,0
1,129,12,16,15,0,34,13,10,49,4,203,0,0,0,0,0,0,0,0,0,0,0,0,0,0,0,0,0,0,0
1,129,12,16,15,0,34,13,10,49,4,203,0,0,0,0,0,0,0,0,0,0,0,0,0,0,0,0,0,0,0
15,129,12,14,1,37,32,13,10,199,0,0,0,0,0,0,0,0,0,0,0,0,0,0,0,0,0,0,0,0,0
15,193,12,14,1,37,47,13,10,136,0,0,0,0,0,0,0,0,0,0,0,0,0,0,0,0,0,0,0,0,0
1,3,12,10,13,65,0,0,0,0,0,0,0,0,0,0,0,0,0,0,0,0,0,0,0,0,0,0,0,0,0
1,129,13,15,15,0,16,10,49,4,234,0,0,0,0,0,0,0,0,0,0,0,0,0,0,0,0,0,0,0,0
1,129,13,15,15,0,17,10,49,4,235,0,0,0,0,0,0,0,0,0,0,0,0,0,0,0,0,0,0,0,0
1,129,13,15,15,0,17,10,49,4,235,0,0,0,0,0,0,0,0,0,0,0,0,0,0,0,0,0,0,0,0
1,129,13,15,15,0,17,10,49,4,235,0,0,0,0,0,0,0,0,0,0,0,0,0,0,0,0,0,0,0,0
15,193,13,13,1,21,31,10,135,0,0,0,0,0,0,0,0,0,0,0,0,0,0,0,0,0,0,0,0,0,0
1,3,13,10,10,71,0,0,0,0,0,0,0,0,0,0,0,0,0,0,0,0,0,0,0,0,0,0,0,0,0
1,65,15,12,15,49,4,49,0,0,0,0,0,0,0,0,0,0,0,0,0,0,0,0,0,0,0,0,0,0,0
1,65,15,12,15,49,4,49,0,0,0,0,0,0,0,0,0,0,0,0,0,0,0,0,0,0,0,0,0,0,0
1,65,15,12,15,49,4,49,0,0,0,0,0,0,0,0,0,0,0,0,0,0,0,0,0,0,0,0,0,0,0
1,69,14,20,15,32,0,250,64,0,0,0,0,49,4,182,0,0,0,0,0,0,0,0,0,0,0,0,0,0,0
1,69,14,20,15,32,0,250,49,10,0,0,0,49,4,205,0,0,0,0,0,0,0,0,0,0,0,0,0,0,0
1,69,14,20,15,32,0,250,49,16,0,0,0,49,4,215,0,0,0,0,0,0,0,0,0,0,0,0,0,0,0
1,69,14,20,15,32,0,250,49,9,0,0,0,49,4,206,0,0,0,0,0,0,0,0,0,0,0,0,0,0,0
1,69,14,20,15,32,0,250,49,13,0,0,0,49,4,202,0,0,0,0,0,0,0,0,0,0,0,0,0,0,0
1,69,14,20,15,32,0,250,49,18,0,0,0,49,4,213,0,0,0,0,0,0,0,0,0,0,0,0,0,0,0
1,65,1,13,13,32,2,191,128,0,0,0,0,0,0,0,0,0,0,0,0,0,0,0,0,0,0,0,0,0,0
13,3,1,11,1,8,134,0,0,0,0,0,0,0,0,0,0,0,0,0,0,0,0,0,0,0,0,0,0,0,0
13,65,15,14,1,32,3,0,213,241,0,0,0,0,0,0,0,0,0,0,0,0,0,0,0,0,0,0,0,0,0
1,3,15,11,13,89,32,0,0,0,0,0,0,0,0,0,0,0,0,0,0,0,0,0,0,0,0,0,0,0,0
1,65,7,13,10,32,2,247,149,0,0,0,0,0,0,0,0,0,0,0,0,0,0,0,0,0,0,0,0,0,0
10,3,7,11,1,221,242,0,0,0,0,0,0,0,0,0,0,0,0,0,0,0,0,0,0,0,0,0,0,0,0
10,65,2,14,1,32,3,0,92,170,0,0,0,0,0,0,0,0,0,0,0,0,0,0,0,0,0,0,0,0,0
1,3,2,11,10,107,150,0,0,0,0,0,0,0,0,0,0,0,0,0,0,0,0,0,0,0,0,0,0,0,0
7,3,2,10,1,69,0,0,0,0,0,0,0,0,0,0,0,0,0,0,0,0,0,0,0,0,0,0,0,0,0
1,3,1,10,7,70,0,0,0,0,0,0,0,0,0,0,0,0,0,0,0,0,0,0,0,0,0,0,0,0,0
1,65,1,17,16,86,1,32,2,77,38,175,162,0,0,0,0,0,0,0,0,0,0,0,0,0,0,0,0,0,0
16,3,1,11,1,45,166,0,0,0,0,0,0,0,0,0,0,0,0,0,0,0,0,0,0,0,0,0,0,0,0
16,65,13,18,1,86,1,32,3,0,140,88,98,125,0,0,0,0,0,0,0,0,0,0,0,0,0,0,0,0,0
1,3,13,11,16,244,220,0,0,0,0,0,0,0,0,0,0,0,0,0,0,0,0,0,0,0,0,0,0,0,0
1,65,6,17,9,86,1,32,2,77,38,2,190,0,0,0,0,0,0,0,0,0,0,0,0,0,0,0,0,0,0
9,3,6,11,1,4,16,0,0,0,0,0,0,0,0,0,0,0,0,0,0,0,0,0,0,0,0,0,0,0,0
9,65,4,18,1,86,1,32,3,0,140,88,104,254,0,0,0,0,0,0,0,0,0,0,0,0,0,0,0,0,0
1,3,4,11,9,233,85,0,0,0,0,0,0,0,0,0,0,0,0,0,0,0,0,0,0,0,0,0,0,0,0
1,65,2,13,13,32,2,81,82,0,0,0,0,0,0,0,0,0,0,0,0,0,0,0,0,0,0,0,0,0,0
13,3,2,11,1,81,214,0,0,0,0,0,0,0,0,0,0,0,0,0,0,0,0,0,0,0,0,0,0,0,0
13,65,1,14,1,32,3,0,85,82,0,0,0,0,0,0,0,0,0,0,0,0,0,0,0,0,0,0,0,0,0
1,3,1,11,13,66,33,0,0,0,0,0,0,0,0,0,0,0,0,0,0,0,0,0,0,0,0,0,0,0,0
1,65,8,13,10,32,2,146,108,0,0,0,0,0,0,0,0,0,0,0,0,0,0,0,0,0,0,0,0,0,0
10,3,8,11,1,241,195,0,0,0,0,0,0,0,0,0,0,0,0,0,0,0,0,0,0,0,0,0,0,0,0
10,65,3,14,1,32,3,0,25,10,0,0,0,0,0,0,0,0,0,0,0,0,0,0,0,0,0,0,0,0,0
1,3,3,11,10,92,166,0,0,0,0,0,0,0,0,0,0,0,0,0,0,0,0,0,0,0,0,0,0,0,0
10,65,4,33,1,86,1,96,13,1,0,50,2,33,68,0,0,0,0,0,0,0,0,0,0,7,90,241,247,0,0
1,3,4,11,10,217,54,0,0,0,0,0,0,0,0,0,0,0,0,0,0,0,0,0,0,0,0,0,0,0,0
10,65,5,33,1,86,1,96,13,2,0,50,2,33,68,0,0,0,11,0,0,0,0,0,0,164,56,180,67,0,0
1,3,5,11,10,238,6,0,0,0,0,0,0,0,0,0,0,0,0,0,0,0,0,0,0,0,0,0,0,0,0
10,65,6,29,1,86,1,96,13,1,0,50,2,33,50,0,0,0,0,0,0,202,252,111,16,0,0,0,0,0,0
1,3,6,11,10,183,86,0,0,0,0,0,0,0,0,0,0,0,0,0,0,0,0,0,0,0,0,0,0,0,0
10,65,7,29,1,86,1,96,13,2,0,50,2,33,50,0,0,0,0,0,0,207,99,186,230,0,0,0,0,0,0
1,3,7,11,10,128,102,0,0,0,0,0,0,0,0,0,0,0,0,0,0,0,0,0,0,0,0,0,0,0,0
11,65,1,12,1,132,7,141,0,0,0,0,0,0,0,0,0,0,0,0,0,0,0,0,0,0,0,0,0,0,0
1,3,1,10,11,74,0,0,0,0,0,0,0,0,0,0,0,0,0,0,0,0,0,0,0,0,0,0,0,0,0
1,65,3,12,11,132,8,128,0,0,0,0,0,0,0,0,0,0,0,0,0,0,0,0,0,0,0,0,0,0,0
11,3,3,10,1,72,0,0,0,0,0,0,0,0,0,0,0,0,0,0,0,0,0,0,0,0,0,0,0,0,0
12,65,1,12,1,132,7,138,0,0,0,0,0,0,0,0,0,0,0,0,0,0,0,0,0,0,0,0,0,0,0
1,3,1,10,12,77,0,0,0,0,0,0,0,0,0,0,0,0,0,0,0,0,0,0,0,0,0,0,0,0,0
1,65,4,12,12,132,8,128,0,0,0,0,0,0,0,0,0,0,0,0,0,0,0,0,0,0,0,0,0,0,0
12,3,4,10,1,72,0,0,0,0,0,0,0,0,0,0,0,0,0,0,0,0,0,0,0,0,0,0,0,0,0
1,65,2,17,16,86,1,32,2,77,38,130,230,0,0,0,0,0,0,0,0,0,0,0,0,0,0,0,0,0,0
16,3,2,11,1,116,246,0,0,0,0,0,0,0,0,0,0,0,0,0,0,0,0,0,0,0,0,0,0,0,0
16,65,14,18,1,86,1,32,3,0,140,88,211,178,0,0,0,0,0,0,0,0,0,0,0,0,0,0,0,0,0
1,3,14,11,16,173,140,0,0,0,0,0,0,0,0,0,0,0,0,0,0,0,0,0,0,0,0,0,0,0,0
1,65,7,17,9,86,1,32,2,77,38,233,157,0,0,0,0,0,0,0,0,0,0,0,0,0,0,0,0,0,0
9,3,7,11,1,51,32,0,0,0,0,0,0,0,0,0,0,0,0,0,0,0,0,0,0,0,0,0,0,0,0
9,65,5,18,1,86,1,32,3,0,140,88,7,187,0,0,0,0,0,0,0,0,0,0,0,0,0,0,0,0,0
1,3,5,11,9,222,101,0,0,0,0,0,0,0,0,0,0,0,0,0,0,0,0,0,0,0,0,0,0,0,0
1,65,3,13,13,32,2,251,3,0,0,0,0,0,0,0,0,0,0,0,0,0,0,0,0,0,0,0,0,0,0
13,3,3,11,1,102,230,0,0,0,0,0,0,0,0,0,0,0,0,0,0,0,0,0,0,0,0,0,0,0,0
13,65,2,14,1,32,3,0,155,178,0,0,0,0,0,0,0,0,0,0,0,0,0,0,0,0,0,0,0,0,0
1,3,2,11,13,27,113,0,0,0,0,0,0,0,0,0,0,0,0,0,0,0,0,0,0,0,0,0,0,0,0
17,65,1,17,1,49,5,1,42,2,96,48,183,0,0,0,0,0,0,0,0,0,0,0,0,0,0,0,0,0,0
1,3,1,11,17,145,156,0,0,0,0,0,0,0,0,0,0,0,0,0,0,0,0,0,0,0,0,0,0,0,0
17,65,2,16,1,49,5,5,1,27,199,154,0,0,0,0,0,0,0,0,0,0,0,0,0,0,0,0,0,0,0
1,3,2,11,17,200,204,0,0,0,0,0,0,0,0,0,0,0,0,0,0,0,0,0,0,0,0,0,0,0,0
17,65,3,17,1,49,5,3,10,0,16,133,139,0,0,0,0,0,0,0,0,0,0,0,0,0,0,0,0,0,0
1,3,3,11,17,255,252,0,0,0,0,0,0,0,0,0,0,0,0,0,0,0,0,0,0,0,0,0,0,0,0
17,65,4,16,1,49,5,27,1,0,188,105,0,0,0,0,0,0,0,0,0,0,0,0,0,0,0,0,0,0,0
1,3,4,11,17,122,108,0,0,0,0,0,0,0,0,0,0,0,0,0,0,0,0,0,0,0,0,0,0,0,0
17,65,5,13,1,132,7,245,131,0,0,0,0,0,0,0,0,0,0,0,0,0,0,0,0,0,0,0,0,0,0
1,3,5,11,17,77,92,0,0,0,0,0,0,0,0,0,0,0,0,0,0,0,0,0,0,0,0,0,0,0,0
1,65,5,13,17,132,8,112,116,0,0,0,0,0,0,0,0,0,0,0,0,0,0,0,0,0,0,0,0,0,0
17,3,5,11,1,91,55,0,0,0,0,0,0,0,0,0,0,0,0,0,0,0,0,0,0,0,0,0,0,0,0
1,65,10,13,10,32,2,214,239,0,0,0,0,0,0,0,0,0,0,0,0,0,0,0,0,0,0,0,0,0,0
10,3,10,11,1,159,163,0,0,0,0,0,0,0,0,0,0,0,0,0,0,0,0,0,0,0,0,0,0,0,0
10,65,8,14,1,32,3,0,218,168,0,0,0,0,0,0,0,0,0,0,0,0,0,0,0,0,0,0,0,0,0
1,3,8,11,10,172,87,0,0,0,0,0,0,0,0,0,0,0,0,0,0,0,0,0,0,0,0,0,0,0,0
1,65,7,17,16,86,1,32,2,77,38,245,42,0,0,0,0,0,0,0,0,0,0,0,0,0,0,0,0,0,0
16,3,7,11,1,159,6,0,0,0,0,0,0,0,0,0,0,0,0,0,0,0,0,0,0,0,0,0,0,0,0
16,65,15,18,1,86,1,32,3,0,140,88,188,247,0,0,0,0,0,0,0,0,0,0,0,0,0,0,0,0,0
1,3,15,11,16,154,188,0,0,0,0,0,0,0,0,0,0,0,0,0,0,0,0,0,0,0,0,0,0,0,0
1,65,12,17,9,86,1,32,2,77,38,237,38,0,0,0,0,0,0,0,0,0,0,0,0,0,0,0,0,0,0
9,3,12,11,1,195,209,0,0,0,0,0,0,0,0,0,0,0,0,0,0,0,0,0,0,0,0,0,0,0,0
9,65,6,18,1,86,1,32,3,0,140,88,182,116,0,0,0,0,0,0,0,0,0,0,0,0,0,0,0,0,0
1,3,6,11,9,135,53,0,0,0,0,0,0,0,0,0,0,0,0,0,0,0,0,0,0,0,0,0,0,0,0
1,65,8,13,13,32,2,23,252,0,0,0,0,0,0,0,0,0,0,0,0,0,0,0,0,0,0,0,0,0,0
13,3,8,11,1,150,23,0,0,0,0,0,0,0,0,0,0,0,0,0,0,0,0,0,0,0,0,0,0,0,0
13,65,3,14,1,32,3,0,222,18,0,0,0,0,0,0,0,0,0,0,0,0,0,0,0,0,0,0,0,0,0
1,3,3,11,13,44,65,0,0,0,0,0,0,0,0,0,0,0,0,0,0,0,0,0,0,0,0,0,0,0,0
1,65,5,12,15,49,4,59,0,0,0,0,0,0,0,0,0,0,0,0,0,0,0,0,0,0,0,0,0,0,0
1,65,5,12,15,49,4,59,0,0,0,0,0,0,0,0,0,0,0,0,0,0,0,0,0,0,0,0,0,0,0
1,65,5,12,15,49,4,59,0,0,0,0,0,0,0,0,0,0,0,0,0,0,0,0,0,0,0,0,0,0,0
1,129,15,16,15,0,32,16,13,49,4,208,0,0,0,0,0,0,0,0,0,0,0,0,0,0,0,0,0,0,0
1,129,15,16,15,0,33,16,13,49,4,209,0,0,0,0,0,0,0,0,0,0,0,0,0,0,0,0,0,0,0
1,129,15,16,15,0,34,16,13,49,4,210,0,0,0,0,0,0,0,0,0,0,0,0,0,0,0,0,0,0,0
1,129,15,16,15,0,34,16,13,49,4,210,0,0,0,0,0,0,0,0,0,0,0,0,0,0,0,0,0,0,0
1,129,15,16,15,0,34,16,13,49,4,210,0,0,0,0,0,0,0,0,0,0,0,0,0,0,0,0,0,0,0
15,129,15,14,1,37,32,16,13,222,0,0,0,0,0,0,0,0,0,0,0,0,0,0,0,0,0,0,0,0,0
15,193,15,14,1,37,47,16,13,145,0,0,0,0,0,0,0,0,0,0,0,0,0,0,0,0,0,0,0,0,0
1,3,15,10,16,95,0,0,0,0,0,0,0,0,0,0,0,0,0,0,0,0,0,0,0,0,0,0,0,0,0
1,129,1,16,15,0,32,16,9,49,4,218,0,0,0,0,0,0,0,0,0,0,0,0,0,0,0,0,0,0,0
1,129,1,16,15,0,33,16,9,49,4,219,0,0,0,0,0,0,0,0,0,0,0,0,0,0,0,0,0,0,0
1,129,1,16,15,0,34,16,9,49,4,216,0,0,0,0,0,0,0,0,0,0,0,0,0,0,0,0,0,0,0
1,129,1,16,15,0,34,16,9,49,4,216,0,0,0,0,0,0,0,0,0,0,0,0,0,0,0,0,0,0,0
1,129,1,16,15,0,34,16,9,49,4,216,0,0,0,0,0,0,0,0,0,0,0,0,0,0,0,0,0,0,0
15,129,1,14,1,37,32,16,9,212,0,0,0,0,0,0,0,0,0,0,0,0,0,0,0,0,0,0,0,0,0
15,193,1,14,1,37,47,16,9,155,0,0,0,0,0,0,0,0,0,0,0,0,0,0,0,0,0,0,0,0,0
1,3,1,10,16,81,0,0,0,0,0,0,0,0,0,0,0,0,0,0,0,0,0,0,0,0,0,0,0,0,0
1,129,2,15,15,0,16,13,49,4,226,0,0,0,0,0,0,0,0,0,0,0,0,0,0,0,0,0,0,0,0
1,129,2,15,15,0,17,13,49,4,227,0,0,0,0,0,0,0,0,0,0,0,0,0,0,0,0,0,0,0,0
1,129,2,15,15,0,17,13,49,4,227,0,0,0,0,0,0,0,0,0,0,0,0,0,0,0,0,0,0,0,0
1,129,2,15,15,0,17,13,49,4,227,0,0,0,0,0,0,0,0,0,0,0,0,0,0,0,0,0,0,0,0
15,193,2,13,1,21,31,13,143,0,0,0,0,0,0,0,0,0,0,0,0,0,0,0,0,0,0,0,0,0,0
1,3,2,10,13,79,0,0,0,0,0,0,0,0,0,0,0,0,0,0,0,0,0,0,0,0,0,0,0,0,0
1,129,3,16,15,0,32,13,10,49,4,198,0,0,0,0,0,0,0,0,0,0,0,0,0,0,0,0,0,0,0
1,129,3,16,15,0,33,13,10,49,4,199,0,0,0,0,0,0,0,0,0,0,0,0,0,0,0,0,0,0,0
1,129,3,16,15,0,34,13,10,49,4,196,0,0,0,0,0,0,0,0,0,0,0,0,0,0,0,0,0,0,0
1,129,3,16,15,0,34,13,10,49,4,196,0,0,0,0,0,0,0,0,0,0,0,0,0,0,0,0,0,0,0
1,129,3,16,15,0,34,13,10,49,4,196,0,0,0,0,0,0,0,0,0,0,0,0,0,0,0,0,0,0,0
15,129,3,14,1,37,32,13,10,200,0,0,0,0,0,0,0,0,0,0,0,0,0,0,0,0,0,0,0,0,0
15,193,3,14,1,37,47,13,10,135,0,0,0,0,0,0,0,0,0,0,0,0,0,0,0,0,0,0,0,0,0
1,3,3,10,13,78,0,0,0,0,0,0,0,0,0,0,0,0,0,0,0,0,0,0,0,0,0,0,0,0,0
1,129,4,15,15,0,16,10,49,4,227,0,0,0,0,0,0,0,0,0,0,0,0,0,0,0,0,0,0,0,0
1,129,4,15,15,0,17,10,49,4,226,0,0,0,0,0,0,0,0,0,0,0,0,0,0,0,0,0,0,0,0
1,129,4,15,15,0,17,10,49,4,226,0,0,0,0,0,0,0,0,0,0,0,0,0,0,0,0,0,0,0,0
1,129,4,15,15,0,17,10,49,4,226,0,0,0,0,0,0,0,0,0,0,0,0,0,0,0,0,0,0,0,0
15,193,4,13,1,21,31,10,142,0,0,0,0,0,0,0,0,0,0,0,0,0,0,0,0,0,0,0,0,0,0
1,3,4,10,10,78,0,0,0,0,0,0,0,0,0,0,0,0,0,0,0,0,0,0,0,0,0,0,0,0,0
1,65,6,12,15,49,4,56,0,0,0,0,0,0,0,0,0,0,0,0,0,0,0,0,0,0,0,0,0,0,0
1,65,6,12,15,49,4,56,0,0,0,0,0,0,0,0,0,0,0,0,0,0,0,0,0,0,0,0,0,0,0
1,65,6,12,15,49,4,56,0,0,0,0,0,0,0,0,0,0,0,0,0,0,0,0,0,0,0,0,0,0,0
1,69,5,20,15,32,0,250,64,0,0,0,0,49,4,189,0,0,0,0,0,0,0,0,0,0,0,0,0,0,0
1,69,5,20,15,32,0,250,49,9,0,0,0,49,4,197,0,0,0,0,0,0,0,0,0,0,0,0,0,0,0
1,69,5,20,15,32,0,250,49,10,0,0,0,49,4,198,0,0,0,0,0,0,0,0,0,0,0,0,0,0,0
1,69,5,20,15,32,0,250,49,18,0,0,0,49,4,222,0,0,0,0,0,0,0,0,0,0,0,0,0,0,0
1,69,5,20,15,32,0,250,49,13,0,0,0,49,4,193,0,0,0,0,0,0,0,0,0,0,0,0,0,0,0
1,69,5,20,15,32,0,250,49,16,0,0,0,49,4,220,0,0,0,0,0,0,0,0,0,0,0,0,0,0,0
1,65,3,13,10,32,2,126,147,0,0,0,0,0,0,0,0,0,0,0,0,0,0,0,0,0,0,0,0,0,0
10,3,3,11,1,1,50,0,0,0,0,0,0,0,0,0,0,0,0,0,0,0,0,0,0,0,0,0,0,0,0
10,65,9,14,1,32,3,0,159,8,0,0,0,0,0,0,0,0,0,0,0,0,0,0,0,0,0,0,0,0,0
1,3,9,11,10,155,103,0,0,0,0,0,0,0,0,0,0,0,0,0,0,0,0,0,0,0,0,0,0,0,0
1,65,12,17,16,86,1,32,2,77,38,241,145,0,0,0,0,0,0,0,0,0,0,0,0,0,0,0,0,0,0
16,3,12,11,1,111,247,0,0,0,0,0,0,0,0,0,0,0,0,0,0,0,0,0,0,0,0,0,0,0,0
16,65,1,18,1,86,1,32,3,0,140,88,133,3,0,0,0,0,0,0,0,0,0,0,0,0,0,0,0,0,0
1,3,1,11,16,129,189,0,0,0,0,0,0,0,0,0,0,0,0,0,0,0,0,0,0,0,0,0,0,0,0
1,65,2,17,9,86,1,32,2,77,38,158,81,0,0,0,0,0,0,0,0,0,0,0,0,0,0,0,0,0,0
9,3,2,11,1,216,208,0,0,0,0,0,0,0,0,0,0,0,0,0,0,0,0,0,0,0,0,0,0,0,0
9,65,7,18,1,86,1,32,3,0,140,88,217,49,0,0,0,0,0,0,0,0,0,0,0,0,0,0,0,0,0
1,3,7,11,9,176,5,0,0,0,0,0,0,0,0,0,0,0,0,0,0,0,0,0,0,0,0,0,0,0,0
1,65,13,13,13,32,2,52,171,0,0,0,0,0,0,0,0,0,0,0,0,0,0,0,0,0,0,0,0,0,0
13,3,13,11,1,125,231,0,0,0,0,0,0,0,0,0,0,0,0,0,0,0,0,0,0,0,0,0,0,0,0
13,65,4,14,1,32,3,0,22,83,0,0,0,0,0,0,0,0,0,0,0,0,0,0,0,0,0,0,0,0,0
1,3,4,11,13,169,209,0,0,0,0,0,0,0,0,0,0,0,0,0,0,0,0,0,0,0,0,0,0,0,0
1,65,4,13,10,32,2,25,71,0,0,0,0,0,0,0,0,0,0,0,0,0,0,0,0,0,0,0,0,0,0
10,3,4,11,1,132,162,0,0,0,0,0,0,0,0,0,0,0,0,0,0,0,0,0,0,0,0,0,0,0,0
10,65,10,14,1,32,3,0,81,232,0,0,0,0,0,0,0,0,0,0,0,0,0,0,0,0,0,0,0,0,0
1,3,10,11,10,194,55,0,0,0,0,0,0,0,0,0,0,0,0,0,0,0,0,0,0,0,0,0,0,0,0
7,3,8,10,1,79,0,0,0,0,0,0,0,0,0,0,0,0,0,0,0,0,0,0,0,0,0,0,0,0,0
1,3,1,10,7,70,0,0,0,0,0,0,0,0,0,0,0,0,0,0,0,0,0,0,0,0,0,0,0,0,0
1,65,13,17,16,86,1,32,2,77,38,26,178,0,0,0,0,0,0,0,0,0,0,0,0,0,0,0,0,0,0
16,3,13,11,1,88,199,0,0,0,0,0,0,0,0,0,0,0,0,0,0,0,0,0,0,0,0,0,0,0,0
16,65,2,18,1,86,1,32,3,0,140,88,52,204,0,0,0,0,0,0,0,0,0,0,0,0,0,0,0,0,0
1,3,2,11,16,216,237,0,0,0,0,0,0,0,0,0,0,0,0,0,0,0,0,0,0,0,0,0,0,0,0
1,65,3,17,9,86,1,32,2,77,38,117,114,0,0,0,0,0,0,0,0,0,0,0,0,0,0,0,0,0,0
9,3,3,11,1,239,224,0,0,0,0,0,0,0,0,0,0,0,0,0,0,0,0,0,0,0,0,0,0,0,0
9,65,8,18,1,86,1,32,3,0,140,88,143,128,0,0,0,0,0,0,0,0,0,0,0,0,0,0,0,0,0
1,3,8,11,9,156,52,0,0,0,0,0,0,0,0,0,0,0,0,0,0,0,0,0,0,0,0,0,0,0,0
1,65,9,12,8,37,2,34,0,0,0,0,0,0,0,0,0,0,0,0,0,0,0,0,0,0,0,0,0,0,0
1,65,9,12,8,37,2,34,0,0,0,0,0,0,0,0,0,0,0,0,0,0,0,0,0,0,0,0,0,0,0
1,65,9,12,8,37,2,34,0,0,0,0,0,0,0,0,0,0,0,0,0,0,0,0,0,0,0,0,0,0,0
1,65,10,12,8,37,2,33,0,0,0,0,0,0,0,0,0,0,0,0,0,0,0,0,0,0,0,0,0,0,0
8,3,10,10,1,66,0,0,0,0,0,0,0,0,0,0,0,0,0,0,0,0,0,0,0,0,0,0,0,0,0
8,65,65,13,1,37,3,0,106,0,0,0,0,0,0,0,0,0,0,0,0,0,0,0,0,0,0,0,0,0,0
1,3,1,10,8,73,0,0,0,0,0,0,0,0,0,0,0,0,0,0,0,0,0,0,0,0,0,0,0,0,0
1,65,14,13,13,32,2,218,121,0,0,0,0,0,0,0,0,0,0,0,0,0,0,0,0,0,0,0,0,0,0
13,3,14,11,1,36,183,0,0,0,0,0,0,0,0,0,0,0,0,0,0,0,0,0,0,0,0,0,0,0,0
13,65,5,14,1,32,3,0,83,243,0,0,0,0,0,0,0,0,0,0,0,0,0,0,0,0,0,0,0,0,0
1,3,5,11,13,158,225,0,0,0,0,0,0,0,0,0,0,0,0,0,0,0,0,0,0,0,0,0,0,0,0
1,65,5,13,10,32,2,179,22,0,0,0,0,0,0,0,0,0,0,0,0,0,0,0,0,0,0,0,0,0,0
10,3,5,11,1,179,146,0,0,0,0,0,0,0,0,0,0,0,0,0,0,0,0,0,0,0,0,0,0,0,0
10,65,11,14,1,32,3,0,20,72,0,0,0,0,0,0,0,0,0,0,0,0,0,0,0,0,0,0,0,0,0
1,3,11,11,10,245,7,0,0,0,0,0,0,0,0,0,0,0,0,0,0,0,0,0,0,0,0,0,0,0,0
10,65,12,33,1,86,1,96,13,1,0,50,2,33,68,0,0,0,0,0,0,0,0,0,0,7,90,252,21,0,0
1,3,12,11,10,112,151,0,0,0,0,0,0,0,0,0,0,0,0,0,0,0,0,0,0,0,0,0,0,0,0
10,65,13,33,1,86,1,96,13,2,0,50,2,33,68,0,0,0,11,0,0,0,0,0,0,164,56,185,161,0,0
1,3,13,11,10,71,167,0,0,0,0,0,0,0,0,0,0,0,0,0,0,0,0,0,0,0,0,0,0,0,0
10,65,14,29,1,86,1,96,13,1,0,50,2,33,50,0,0,0,0,0,0,202,252,160,102,0,0,0,0,0,0
1,3,14,11,10,30,247,0,0,0,0,0,0,0,0,0,0,0,0,0,0,0,0,0,0,0,0,0,0,0,0
10,65,15,29,1,86,1,96,13,2,0,50,2,33,50,0,0,0,0,0,0,207,99,117,144,0,0,0,0,0,0
1,3,15,11,10,41,199,0,0,0,0,0,0,0,0,0,0,0,0,0,0,0,0,0,0,0,0,0,0,0,0
1,65,14,17,16,86,1,32,2,77,38,55,246,0,0,0,0,0,0,0,0,0,0,0,0,0,0,0,0,0,0
16,3,14,11,1,1,151,0,0,0,0,0,0,0,0,0,0,0,0,0,0,0,0,0,0,0,0,0,0,0,0
16,65,3,18,1,86,1,32,3,0,140,88,91,137,0,0,0,0,0,0,0,0,0,0,0,0,0,0,0,0,0
1,3,3,11,16,239,221,0,0,0,0,0,0,0,0,0,0,0,0,0,0,0,0,0,0,0,0,0,0,0,0
1,65,4,17,9,86,1,32,2,77,38,196,217,0,0,0,0,0,0,0,0,0,0,0,0,0,0,0,0,0,0
9,3,4,11,1,106,112,0,0,0,0,0,0,0,0,0,0,0,0,0,0,0,0,0,0,0,0,0,0,0,0
9,65,9,18,1,86,1,32,3,0,140,88,224,197,0,0,0,0,0,0,0,0,0,0,0,0,0,0,0,0,0
1,3,9,11,9,171,4,0,0,0,0,0,0,0,0,0,0,0,0,0,0,0,0,0,0,0,0,0,0,0,0
1,65,15,13,13,32,2,112,40,0,0,0,0,0,0,0,0,0,0,0,0,0,0,0,0,0,0,0,0,0,0
13,3,15,11,1,19,135,0,0,0,0,0,0,0,0,0,0,0,0,0,0,0,0,0,0,0,0,0,0,0,0
13,65,6,14,1,32,3,0,157,19,0,0,0,0,0,0,0,0,0,0,0,0,0,0,0,0,0,0,0,0,0
1,3,6,11,13,199,177,0,0,0,0,0,0,0,0,0,0,0,0,0,0,0,0,0,0,0,0,0,0,0,0
17,65,1,17,1,49,5,1,42,2,91,183,143,0,0,0,0,0,0,0,0,0,0,0,0,0,0,0,0,0,0
1,3,1,11,17,145,156,0,0,0,0,0,0,0,0,0,0,0,0,0,0,0,0,0,0,0,0,0,0,0,0
17,65,2,16,1,49,5,5,1,27,199,154,0,0,0,0,0,0,0,0,0,0,0,0,0,0,0,0,0,0,0
1,3,2,11,17,200,204,0,0,0,0,0,0,0,0,0,0,0,0,0,0,0,0,0,0,0,0,0,0,0,0
17,65,3,17,1,49,5,3,10,0,46,82,22,0,0,0,0,0,0,0,0,0,0,0,0,0,0,0,0,0,0
1,3,3,11,17,255,252,0,0,0,0,0,0,0,0,0,0,0,0,0,0,0,0,0,0,0,0,0,0,0,0
17,65,4,16,1,49,5,27,1,0,188,105,0,0,0,0,0,0,0,0,0,0,0,0,0,0,0,0,0,0,0
1,3,4,11,17,122,108,0,0,0,0,0,0,0,0,0,0,0,0,0,0,0,0,0,0,0,0,0,0,0,0
17,65,5,13,1,132,7,245,131,0,0,0,0,0,0,0,0,0,0,0,0,0,0,0,0,0,0,0,0,0,0
1,3,5,11,17,77,92,0,0,0,0,0,0,0,0,0,0,0,0,0,0,0,0,0,0,0,0,0,0,0,0
1,65,14,13,17,132,8,156,139,0,0,0,0,0,0,0,0,0,0,0,0,0,0,0,0,0,0,0,0,0,0
17,3,14,11,1,171,198,0,0,0,0,0,0,0,0,0,0,0,0,0,0,0,0,0,0,0,0,0,0,0,0
11,65,1,12,1,132,7,141,0,0,0,0,0,0,0,0,0,0,0,0,0,0,0,0,0,0,0,0,0,0,0
1,3,1,10,11,74,0,0,0,0,0,0,0,0,0,0,0,0,0,0,0,0,0,0,0,0,0,0,0,0,0
1,65,11,12,11,132,8,136,0,0,0,0,0,0,0,0,0,0,0,0,0,0,0,0,0,0,0,0,0,0,0
11,3,11,10,1,64,0,0,0,0,0,0,0,0,0,0,0,0,0,0,0,0,0,0,0,0,0,0,0,0,0
12,65,1,12,1,132,7,138,0,0,0,0,0,0,0,0,0,0,0,0,0,0,0,0,0,0,0,0,0,0,0
1,3,1,10,12,77,0,0,0,0,0,0,0,0,0,0,0,0,0,0,0,0,0,0,0,0,0,0,0,0,0
1,65,12,12,12,132,8,136,0,0,0,0,0,0,0,0,0,0,0,0,0,0,0,0,0,0,0,0,0,0,0
12,3,12,10,1,64,0,0,0,0,0,0,0,0,0,0,0,0,0,0,0,0,0,0,0,0,0,0,0,0,0
1,65,6,13,10,32,2,93,196,0,0,0,0,0,0,0,0,0,0,0,0,0,0,0,0,0,0,0,0,0,0
10,3,6,11,1,234,194,0,0,0,0,0,0,0,0,0,0,0,0,0,0,0,0,0,0,0,0,0,0,0,0
10,65,1,14,1,32,3,0,146,74,0,0,0,0,0,0,0,0,0,0,0,0,0,0,0,0,0,0,0,0,0
1,3,1,11,10,50,198,0,0,0,0,0,0,0,0,0,0,0,0,0,0,0,0,0,0,0,0,0,0,0,0
1,65,15,17,16,86,1,32,2,77,38,220,213,0,0,0,0,0,0,0,0,0,0,0,0,0,0,0,0,0,0
16,3,15,11,1,54,167,0,0,0,0,0,0,0,0,0,0,0,0,0,0,0,0,0,0,0,0,0,0,0,0
16,65,4,18,1,86,1,32,3,0,140,88,71,115,0,0,0,0,0,0,0,0,0,0,0,0,0,0,0,0,0
1,3,4,11,16,106,77,0,0,0,0,0,0,0,0,0,0,0,0,0,0,0,0,0,0,0,0,0,0,0,0
1,65,5,17,9,86,1,32,2,77,38,47,250,0,0,0,0,0,0,0,0,0,0,0,0,0,0,0,0,0,0
9,3,5,11,1,93,64,0,0,0,0,0,0,0,0,0,0,0,0,0,0,0,0,0,0,0,0,0,0,0,0
9,65,10,18,1,86,1,32,3,0,140,88,81,10,0,0,0,0,0,0,0,0,0,0,0,0,0,0,0,0,0
1,3,10,11,9,242,84,0,0,0,0,0,0,0,0,0,0,0,0,0,0,0,0,0,0,0,0,0,0,0,0
1,65,1,13,13,32,2,191,128,0,0,0,0,0,0,0,0,0,0,0,0,0,0,0,0,0,0,0,0,0,0
13,3,1,11,1,8,134,0,0,0,0,0,0,0,0,0,0,0,0,0,0,0,0,0,0,0,0,0,0,0,0
13,65,7,14,1,32,3,0,216,179,0,0,0,0,0,0,0,0,0,0,0,0,0,0,0,0,0,0,0,0,0
1,3,7,11,13,240,129,0,0,0,0,0,0,0,0,0,0,0,0,0,0,0,0,0,0,0,0,0,0,0,0
1,65,9,13,10,32,2,56,61,0,0,0,0,0,0,0,0,0,0,0,0,0,0,0,0,0,0,0,0,0,0
10,3,9,11,1,198,243,0,0,0,0,0,0,0,0,0,0,0,0,0,0,0,0,0,0,0,0,0,0,0,0
10,65,2,14,1,32,3,0,92,170,0,0,0,0,0,0,0,0,0,0,0,0,0,0,0,0,0,0,0,0,0
1,3,2,11,10,107,150,0,0,0,0,0,0,0,0,0,0,0,0,0,0,0,0,0,0,0,0,0,0,0,0
1,65,13,12,15,49,4,51,0,0,0,0,0,0,0,0,0,0,0,0,0,0,0,0,0,0,0,0,0,0,0
1,65,13,12,15,49,4,51,0,0,0,0,0,0,0,0,0,0,0,0,0,0,0,0,0,0,0,0,0,0,0
1,65,13,12,15,49,4,51,0,0,0,0,0,0,0,0,0,0,0,0,0,0,0,0,0,0,0,0,0,0,0
1,129,6,16,15,0,32,16,13,49,4,217,0,0,0,0,0,0,0,0,0,0,0,0,0,0,0,0,0,0,0
1,129,6,16,15,0,33,16,13,49,4,216,0,0,0,0,0,0,0,0,0,0,0,0,0,0,0,0,0,0,0
1,129,6,16,15,0,34,16,13,49,4,219,0,0,0,0,0,0,0,0,0,0,0,0,0,0,0,0,0,0,0
1,129,6,16,15,0,34,16,13,49,4,219,0,0,0,0,0,0,0,0,0,0,0,0,0,0,0,0,0,0,0
1,129,6,16,15,0,34,16,13,49,4,219,0,0,0,0,0,0,0,0,0,0,0,0,0,0,0,0,0,0,0
15,129,6,14,1,37,32,16,13,215,0,0,0,0,0,0,0,0,0,0,0,0,0,0,0,0,0,0,0,0,0
15,193,6,14,1,37,47,16,13,152,0,0,0,0,0,0,0,0,0,0,0,0,0,0,0,0,0,0,0,0,0
1,3,6,10,16,86,0,0,0,0,0,0,0,0,0,0,0,0,0,0,0,0,0,0,0,0,0,0,0,0,0
1,129,7,16,15,0,32,16,9,49,4,220,0,0,0,0,0,0,0,0,0,0,0,0,0,0,0,0,0,0,0
1,129,7,16,15,0,33,16,9,49,4,221,0,0,0,0,0,0,0,0,0,0,0,0,0,0,0,0,0,0,0
1,129,7,16,15,0,34,16,9,49,4,222,0,0,0,0,0,0,0,0,0,0,0,0,0,0,0,0,0,0,0
1,129,7,16,15,0,34,16,9,49,4,222,0,0,0,0,0,0,0,0,0,0,0,0,0,0,0,0,0,0,0
1,129,7,16,15,0,34,16,9,49,4,222,0,0,0,0,0,0,0,0,0,0,0,0,0,0,0,0,0,0,0
15,129,7,14,1,37,32,16,9,210,0,0,0,0,0,0,0,0,0,0,0,0,0,0,0,0,0,0,0,0,0
15,193,7,14,1,37,47,16,9,157,0,0,0,0,0,0,0,0,0,0,0,0,0,0,0,0,0,0,0,0,0
1,3,7,10,16,87,0,0,0,0,0,0,0,0,0,0,0,0,0,0,0,0,0,0,0,0,0,0,0,0,0
1,129,8,15,15,0,16,13,49,4,232,0,0,0,0,0,0,0,0,0,0,0,0,0,0,0,0,0,0,0,0
1,129,8,15,15,0,17,13,49,4,233,0,0,0,0,0,0,0,0,0,0,0,0,0,0,0,0,0,0,0,0
1,129,8,15,15,0,17,13,49,4,233,0,0,0,0,0,0,0,0,0,0,0,0,0,0,0,0,0,0,0,0
1,129,8,15,15,0,17,13,49,4,233,0,0,0,0,0,0,0,0,0,0,0,0,0,0,0,0,0,0,0,0
15,193,8,13,1,21,31,13,133,0,0,0,0,0,0,0,0,0,0,0,0,0,0,0,0,0,0,0,0,0,0
1,3,8,10,13,69,0,0,0,0,0,0,0,0,0,0,0,0,0,0,0,0,0,0,0,0,0,0,0,0,0
1,129,9,16,15,0,32,13,10,49,4,204,0,0,0,0,0,0,0,0,0,0,0,0,0,0,0,0,0,0,0
1,129,9,16,15,0,33,13,10,49,4,205,0,0,0,0,0,0,0,0,0,0,0,0,0,0,0,0,0,0,0
1,129,9,16,15,0,34,13,10,49,4,206,0,0,0,0,0,0,0,0,0,0,0,0,0,0,0,0,0,0,0
1,129,9,16,15,0,34,13,10,49,4,206,0,0,0,0,0,0,0,0,0,0,0,0,0,0,0,0,0,0,0
1,129,9,16,15,0,34,13,10,49,4,206,0,0,0,0,0,0,0,0,0,0,0,0,0,0,0,0,0,0,0
15,129,9,14,1,37,32,13,10,194,0,0,0,0,0,0,0,0,0,0,0,0,0,0,0,0,0,0,0,0,0
15,193,9,14,1,37,47,13,10,141,0,0,0,0,0,0,0,0,0,0,0,0,0,0,0,0,0,0,0,0,0
1,3,9,10,13,68,0,0,0,0,0,0,0,0,0,0,0,0,0,0,0,0,0,0,0,0,0,0,0,0,0
1,129,10,15,15,0,16,10,49,4,237,0,0,0,0,0,0,0,0,0,0,0,0,0,0,0,0,0,0,0,0
1,129,10,15,15,0,17,10,49,4,236,0,0,0,0,0,0,0,0,0,0,0,0,0,0,0,0,0,0,0,0
1,129,10,15,15,0,17,10,49,4,236,0,0,0,0,0,0,0,0,0,0,0,0,0,0,0,0,0,0,0,0
1,129,10,15,15,0,17,10,49,4,236,0,0,0,0,0,0,0,0,0,0,0,0,0,0,0,0,0,0,0,0
15,193,10,13,1,21,31,10,128,0,0,0,0,0,0,0,0,0,0,0,0,0,0,0,0,0,0,0,0,0,0
1,3,10,10,10,64,0,0,0,0,0,0,0,0,0,0,0,0,0,0,0,0,0,0,0,0,0,0,0,0,0
1,65,14,12,15,49,4,48,0,0,0,0,0,0,0,0,0,0,0,0,0,0,0,0,0,0,0,0,0,0,0
1,65,14,12,15,49,4,48,0,0,0,0,0,0,0,0,0,0,0,0,0,0,0,0,0,0,0,0,0,0,0
1,65,14,12,15,49,4,48,0,0,0,0,0,0,0,0,0,0,0,0,0,0,0,0,0,0,0,0,0,0,0
1,69,11,20,15,32,0,250,64,0,0,0,0,49,4,179,0,0,0,0,0,0,0,0,0,0,0,0,0,0,0
1,69,11,20,15,32,0,250,49,10,0,0,0,49,4,200,0,0,0,0,0,0,0,0,0,0,0,0,0,0,0
1,69,11,20,15,32,0,250,49,18,0,0,0,49,4,208,0,0,0,0,0,0,0,0,0,0,0,0,0,0,0
1,69,11,20,15,32,0,250,49,16,0,0,0,49,4,210,0,0,0,0,0,0,0,0,0,0,0,0,0,0,0
1,69,11,20,15,32,0,250,49,9,0,0,0,49,4,203,0,0,0,0,0,0,0,0,0,0,0,0,0,0,0
1,69,11,20,15,32,0,250,49,13,0,0,0,49,4,207,0,0,0,0,0,0,0,0,0,0,0,0,0,0,0
1,65,3,17,16,86,1,32,2,77,38,105,197,0,0,0,0,0,0,0,0,0,0,0,0,0,0,0,0,0,0
16,3,3,11,1,67,198,0,0,0,0,0,0,0,0,0,0,0,0,0,0,0,0,0,0,0,0,0,0,0,0
16,65,5,18,1,86,1,32,3,0,140,88,40,54,0,0,0,0,0,0,0,0,0,0,0,0,0,0,0,0,0
1,3,5,11,16,93,125,0,0,0,0,0,0,0,0,0,0,0,0,0,0,0,0,0,0,0,0,0,0,0,0
1,65,8,17,9,86,1,32,2,77,38,113,201,0,0,0,0,0,0,0,0,0,0,0,0,0,0,0,0,0,0
9,3,8,11,1,31,17,0,0,0,0,0,0,0,0,0,0,0,0,0,0,0,0,0,0,0,0,0,0,0,0
9,65,11,18,1,86,1,32,3,0,140,88,62,79,0,0,0,0,0,0,0,0,0,0,0,0,0,0,0,0,0
1,3,11,11,9,197,100,0,0,0,0,0,0,0,0,0,0,0,0,0,0,0,0,0,0,0,0,0,0,0,0
1,65,4,13,13,32,2,156,215,0,0,0,0,0,0,0,0,0,0,0,0,0,0,0,0,0,0,0,0,0,0
13,3,4,11,1,227,118,0,0,0,0,0,0,0,0,0,0,0,0,0,0,0,0,0,0,0,0,0,0,0,0
13,65,8,14,1,32,3,0,29,176,0,0,0,0,0,0,0,0,0,0,0,0,0,0,0,0,0,0,0,0,0
1,3,8,11,13,220,176,0,0,0,0,0,0,0,0,0,0,0,0,0,0,0,0,0,0,0,0,0,0,0,0
1,65,9,13,10,32,2,56,61,0,0,0,0,0,0,0,0,0,0,0,0,0,0,0,0,0,0,0,0,0,0
10,3,9,11,1,198,243,0,0,0,0,0,0,0,0,0,0,0,0,0,0,0,0,0,0,0,0,0,0,0,0
10,65,3,14,1,32,3,0,25,10,0,0,0,0,0,0,0,0,0,0,0,0,0,0,0,0,0,0,0,0,0
1,3,3,11,10,92,166,0,0,0,0,0,0,0,0,0,0,0,0,0,0,0,0,0,0,0,0,0,0,0,0
7,3,1,10,1,70,0,0,0,0,0,0,0,0,0,0,0,0,0,0,0,0,0,0,0,0,0,0,0,0,0
1,3,1,10,7,70,0,0,0,0,0,0,0,0,0,0,0,0,0,0,0,0,0,0,0,0,0,0,0,0,0
1,65,3,17,16,86,1,32,2,77,38,105,197,0,0,0,0,0,0,0,0,0,0,0,0,0,0,0,0,0,0
16,3,3,11,1,67,198,0,0,0,0,0,0,0,0,0,0,0,0,0,0,0,0,0,0,0,0,0,0,0,0
16,65,6,18,1,86,1,32,3,0,140,88,153,249,0,0,0,0,0,0,0,0,0,0,0,0,0,0,0,0,0
1,3,6,11,16,4,45,0,0,0,0,0,0,0,0,0,0,0,0,0,0,0,0,0,0,0,0,0,0,0,0
1,65,8,17,9,86,1,32,2,77,38,113,201,0,0,0,0,0,0,0,0,0,0,0,0,0,0,0,0,0,0
9,3,8,11,1,31,17,0,0,0,0,0,0,0,0,0,0,0,0,0,0,0,0,0,0,0,0,0,0,0,0
9,65,12,18,1,86,1,32,3,0,140,88,34,181,0,0,0,0,0,0,0,0,0,0,0,0,0,0,0,0,0
1,3,12,11,9,64,244,0,0,0,0,0,0,0,0,0,0,0,0,0,0,0,0,0,0,0,0,0,0,0,0
1,65,4,13,13,32,2,156,215,0,0,0,0,0,0,0,0,0,0,0,0,0,0,0,0,0,0,0,0,0,0
13,3,4,11,1,227,118,0,0,0,0,0,0,0,0,0,0,0,0,0,0,0,0,0,0,0,0,0,0,0,0
13,65,9,14,1,32,3,0,88,16,0,0,0,0,0,0,0,0,0,0,0,0,0,0,0,0,0,0,0,0,0
1,3,9,11,13,235,128,0,0,0,0,0,0,0,0,0,0,0,0,0,0,0,0,0,0,0,0,0,0,0,0
1,65,11,13,10,32,2,124,190,0,0,0,0,0,0,0,0,0,0,0,0,0,0,0,0,0,0,0,0,0,0
10,3,11,11,1,168,147,0,0,0,0,0,0,0,0,0,0,0,0,0,0,0,0,0,0,0,0,0,0,0,0
10,65,4,14,1,32,3,0,209,75,0,0,0,0,0,0,0,0,0,0,0,0,0,0,0,0,0,0,0,0,0
1,3,4,11,10,217,54,0,0,0,0,0,0,0,0,0,0,0,0,0,0,0,0,0,0,0,0,0,0,0,0
10,65,5,33,1,86,1,96,13,1,0,50,2,33,68,0,0,0,0,0,0,0,0,0,0,7,90,180,67,0,0
1,3,5,11,10,238,6,0,0,0,0,0,0,0,0,0,0,0,0,0,0,0,0,0,0,0,0,0,0,0,0
10,65,6,33,1,86,1,96,13,2,0,50,2,33,68,0,0,0,12,0,0,0,0,0,0,189,124,122,159,0,0
1,3,6,11,10,183,86,0,0,0,0,0,0,0,0,0,0,0,0,0,0,0,0,0,0,0,0,0,0,0,0
10,65,7,29,1,86,1,96,13,1,0,50,2,33,50,0,0,0,0,0,0,202,252,186,230,0,0,0,0,0,0
1,3,7,11,10,128,102,0,0,0,0,0,0,0,0,0,0,0,0,0,0,0,0,0,0,0,0,0,0,0,0
10,65,8,29,1,86,1,96,13,2,0,50,2,33,50,0,0,0,0,0,0,207,99,124,16,0,0,0,0,0,0
1,3,8,11,10,172,87,0,0,0,0,0,0,0,0,0,0,0,0,0,0,0,0,0,0,0,0,0,0,0,0
1,65,4,17,16,86,1,32,2,77,38,216,110,0,0,0,0,0,0,0,0,0,0,0,0,0,0,0,0,0,0
16,3,4,11,1,198,86,0,0,0,0,0,0,0,0,0,0,0,0,0,0,0,0,0,0,0,0,0,0,0,0
16,65,7,18,1,86,1,32,3,0,140,88,246,188,0,0,0,0,0,0,0,0,0,0,0,0,0,0,0,0,0
1,3,7,11,16,51,29,0,0,0,0,0,0,0,0,0,0,0,0,0,0,0,0,0,0,0,0,0,0,0,0
1,65,9,17,9,86,1,32,2,77,38,154,234,0,0,0,0,0,0,0,0,0,0,0,0,0,0,0,0,0,0
9,3,9,11,1,40,33,0,0,0,0,0,0,0,0,0,0,0,0,0,0,0,0,0,0,0,0,0,0,0,0
9,65,13,18,1,86,1,32,3,0,140,88,77,240,0,0,0,0,0,0,0,0,0,0,0,0,0,0,0,0,0
1,3,13,11,9,119,196,0,0,0,0,0,0,0,0,0,0,0,0,0,0,0,0,0,0,0,0,0,0,0,0
1,65,5,13,13,32,2,54,134,0,0,0,0,0,0,0,0,0,0,0,0,0,0,0,0,0,0,0,0,0,0
13,3,5,11,1,212,70,0,0,0,0,0,0,0,0,0,0,0,0,0,0,0,0,0,0,0,0,0,0,0,0
13,65,10,14,1,32,3,0,150,240,0,0,0,0,0,0,0,0,0,0,0,0,0,0,0,0,0,0,0,0,0
1,3,10,11,13,178,208,0,0,0,0,0,0,0,0,0,0,0,0,0,0,0,0,0,0,0,0,0,0,0,0
17,65,1,17,1,49,5,1,42,2,90,167,174,0,0,0,0,0,0,0,0,0,0,0,0,0,0,0,0,0,0
1,3,1,11,17,145,156,0,0,0,0,0,0,0,0,0,0,0,0,0,0,0,0,0,0,0,0,0,0,0,0
17,65,2,16,1,49,5,5,1,26,215,187,0,0,0,0,0,0,0,0,0,0,0,0,0,0,0,0,0,0,0
1,3,2,11,17,200,204,0,0,0,0,0,0,0,0,0,0,0,0,0,0,0,0,0,0,0,0,0,0,0,0
17,65,3,17,1,49,5,3,10,0,65,207,95,0,0,0,0,0,0,0,0,0,0,0,0,0,0,0,0,0,0
1,3,3,11,17,255,252,0,0,0,0,0,0,0,0,0,0,0,0,0,0,0,0,0,0,0,0,0,0,0,0
17,65,4,16,1,49,5,27,1,0,188,105,0,0,0,0,0,0,0,0,0,0,0,0,0,0,0,0,0,0,0
1,3,4,11,17,122,108,0,0,0,0,0,0,0,0,0,0,0,0,0,0,0,0,0,0,0,0,0,0,0,0
17,65,5,13,1,132,7,245,131,0,0,0,0,0,0,0,0,0,0,0,0,0,0,0,0,0,0,0,0,0,0
1,3,5,11,17,77,92,0,0,0,0,0,0,0,0,0,0,0,0,0,0,0,0,0,0,0,0,0,0,0,0
1,65,12,13,17,132,8,216,8,0,0,0,0,0,0,0,0,0,0,0,0,0,0,0,0,0,0,0,0,0,0
17,3,12,11,1,197,166,0,0,0,0,0,0,0,0,0,0,0,0,0,0,0,0,0,0,0,0,0,0,0,0
1,65,13,13,10,32,2,177,59,0,0,0,0,0,0,0,0,0,0,0,0,0,0,0,0,0,0,0,0,0,0
10,3,13,11,1,26,51,0,0,0,0,0,0,0,0,0,0,0,0,0,0,0,0,0,0,0,0,0,0,0,0
10,65,9,14,1,32,3,0,159,8,0,0,0,0,0,0,0,0,0,0,0,0,0,0,0,0,0,0,0,0,0
1,3,9,11,10,155,103,0,0,0,0,0,0,0,0,0,0,0,0,0,0,0,0,0,0,0,0,0,0,0,0
1,65,6,17,16,86,1,32,2,77,38,30,9,0,0,0,0,0,0,0,0,0,0,0,0,0,0,0,0,0,0
16,3,6,11,1,168,54,0,0,0,0,0,0,0,0,0,0,0,0,0,0,0,0,0,0,0,0,0,0,0,0
16,65,8,18,1,86,1,32,3,0,140,88,160,13,0,0,0,0,0,0,0,0,0,0,0,0,0,0,0,0,0
1,3,8,11,16,31,44,0,0,0,0,0,0,0,0,0,0,0,0,0,0,0,0,0,0,0,0,0,0,0,0
1,65,11,17,9,86,1,32,2,77,38,92,141,0,0,0,0,0,0,0,0,0,0,0,0,0,0,0,0,0,0
9,3,11,11,1,70,65,0,0,0,0,0,0,0,0,0,0,0,0,0,0,0,0,0,0,0,0,0,0,0,0
9,65,14,18,1,86,1,32,3,0,140,88,252,63,0,0,0,0,0,0,0,0,0,0,0,0,0,0,0,0,0
1,3,14,11,9,46,148,0,0,0,0,0,0,0,0,0,0,0,0,0,0,0,0,0,0,0,0,0,0,0,0
11,65,1,12,1,132,7,141,0,0,0,0,0,0,0,0,0,0,0,0,0,0,0,0,0,0,0,0,0,0,0
1,3,1,10,11,74,0,0,0,0,0,0,0,0,0,0,0,0,0,0,0,0,0,0,0,0,0,0,0,0,0
1,65,2,12,11,132,8,129,0,0,0,0,0,0,0,0,0,0,0,0,0,0,0,0,0,0,0,0,0,0,0
11,3,2,10,1,73,0,0,0,0,0,0,0,0,0,0,0,0,0,0,0,0,0,0,0,0,0,0,0,0,0
12,65,1,12,1,132,7,138,0,0,0,0,0,0,0,0,0,0,0,0,0,0,0,0,0,0,0,0,0,0,0
1,3,1,10,12,77,0,0,0,0,0,0,0,0,0,0,0,0,0,0,0,0,0,0,0,0,0,0,0,0,0
1,65,3,12,12,132,8,135,0,0,0,0,0,0,0,0,0,0,0,0,0,0,0,0,0,0,0,0,0,0,0
12,3,3,10,1,79,0,0,0,0,0,0,0,0,0,0,0,0,0,0,0,0,0,0,0,0,0,0,0,0,0
1,65,7,13,13,32,2,114,5,0,0,0,0,0,0,0,0,0,0,0,0,0,0,0,0,0,0,0,0,0,0
13,3,7,11,1,186,38,0,0,0,0,0,0,0,0,0,0,0,0,0,0,0,0,0,0,0,0,0,0,0,0
13,65,11,14,1,32,3,0,211,80,0,0,0,0,0,0,0,0,0,0,0,0,0,0,0,0,0,0,0,0,0
1,3,11,11,13,133,224,0,0,0,0,0,0,0,0,0,0,0,0,0,0,0,0,0,0,0,0,0,0,0,0
1,65,14,13,10,32,2,95,233,0,0,0,0,0,0,0,0,0,0,0,0,0,0,0,0,0,0,0,0,0,0
10,3,14,11,1,67,99,0,0,0,0,0,0,0,0,0,0,0,0,0,0,0,0,0,0,0,0,0,0,0,0
10,65,10,14,1,32,3,0,81,232,0,0,0,0,0,0,0,0,0,0,0,0,0,0,0,0,0,0,0,0,0
1,3,10,11,10,194,55,0,0,0,0,0,0,0,0,0,0,0,0,0,0,0,0,0,0,0,0,0,0,0,0
1,65,7,17,16,86,1,32,2,77,38,245,42,0,0,0,0,0,0,0,0,0,0,0,0,0,0,0,0,0,0
16,3,7,11,1,159,6,0,0,0,0,0,0,0,0,0,0,0,0,0,0,0,0,0,0,0,0,0,0,0,0
16,65,9,18,1,86,1,32,3,0,140,88,207,72,0,0,0,0,0,0,0,0,0,0,0,0,0,0,0,0,0
1,3,9,11,16,40,28,0,0,0,0,0,0,0,0,0,0,0,0,0,0,0,0,0,0,0,0,0,0,0,0
1,65,12,17,9,86,1,32,2,77,38,237,38,0,0,0,0,0,0,0,0,0,0,0,0,0,0,0,0,0,0
9,3,12,11,1,195,209,0,0,0,0,0,0,0,0,0,0,0,0,0,0,0,0,0,0,0,0,0,0,0,0
9,65,15,18,1,86,1,32,3,0,140,88,147,122,0,0,0,0,0,0,0,0,0,0,0,0,0,0,0,0,0
1,3,15,11,9,25,164,0,0,0,0,0,0,0,0,0,0,0,0,0,0,0,0,0,0,0,0,0,0,0,0
1,65,11,13,13,32,2,249,46,0,0,0,0,0,0,0,0,0,0,0,0,0,0,0,0,0,0,0,0,0,0
13,3,11,11,1,207,71,0,0,0,0,0,0,0,0,0,0,0,0,0,0,0,0,0,0,0,0,0,0,0,0
13,65,12,14,1,32,3,0,27,17,0,0,0,0,0,0,0,0,0,0,0,0,0,0,0,0,0,0,0,0,0
1,3,12,11,13,0,112,0,0,0,0,0,0,0,0,0,0,0,0,0,0,0,0,0,0,0,0,0,0,0,0
1,65,4,12,15,49,4,58,0,0,0,0,0,0,0,0,0,0,0,0,0,0,0,0,0,0,0,0,0,0,0
1,65,4,12,15,49,4,58,0,0,0,0,0,0,0,0,0,0,0,0,0,0,0,0,0,0,0,0,0,0,0
1,65,4,12,15,49,4,58,0,0,0,0,0,0,0,0,0,0,0,0,0,0,0,0,0,0,0,0,0,0,0
1,129,12,16,15,0,32,16,13,49,4,211,0,0,0,0,0,0,0,0,0,0,0,0,0,0,0,0,0,0,0
1,129,12,16,15,0,33,16,13,49,4,210,0,0,0,0,0,0,0,0,0,0,0,0,0,0,0,0,0,0,0
1,129,12,16,15,0,34,16,13,49,4,209,0,0,0,0,0,0,0,0,0,0,0,0,0,0,0,0,0,0,0
1,129,12,16,15,0,34,16,13,49,4,209,0,0,0,0,0,0,0,0,0,0,0,0,0,0,0,0,0,0,0
1,129,12,16,15,0,34,16,13,49,4,209,0,0,0,0,0,0,0,0,0,0,0,0,0,0,0,0,0,0,0
15,129,12,14,1,37,32,16,13,221,0,0,0,0,0,0,0,0,0,0,0,0,0,0,0,0,0,0,0,0,0
15,193,12,14,1,37,47,16,13,146,0,0,0,0,0,0,0,0,0,0,0,0,0,0,0,0,0,0,0,0,0
1,3,12,10,16,92,0,0,0,0,0,0,0,0,0,0,0,0,0,0,0,0,0,0,0,0,0,0,0,0,0
1,129,13,16,15,0,32,16,9,49,4,214,0,0,0,0,0,0,0,0,0,0,0,0,0,0,0,0,0,0,0
1,129,13,16,15,0,33,16,9,49,4,215,0,0,0,0,0,0,0,0,0,0,0,0,0,0,0,0,0,0,0
1,129,13,16,15,0,34,16,9,49,4,212,0,0,0,0,0,0,0,0,0,0,0,0,0,0,0,0,0,0,0
1,129,13,16,15,0,34,16,9,49,4,212,0,0,0,0,0,0,0,0,0,0,0,0,0,0,0,0,0,0,0
1,129,13,16,15,0,34,16,9,49,4,212,0,0,0,0,0,0,0,0,0,0,0,0,0,0,0,0,0,0,0
15,129,13,14,1,37,32,16,9,216,0,0,0,0,0,0,0,0,0,0,0,0,0,0,0,0,0,0,0,0,0
15,193,13,14,1,37,47,16,9,151,0,0,0,0,0,0,0,0,0,0,0,0,0,0,0,0,0,0,0,0,0
1,3,13,10,16,93,0,0,0,0,0,0,0,0,0,0,0,0,0,0,0,0,0,0,0,0,0,0,0,0,0
1,129,14,15,15,0,16,13,49,4,238,0,0,0,0,0,0,0,0,0,0,0,0,0,0,0,0,0,0,0,0
1,129,14,15,15,0,17,13,49,4,239,0,0,0,0,0,0,0,0,0,0,0,0,0,0,0,0,0,0,0,0
1,129,14,15,15,0,17,13,49,4,239,0,0,0,0,0,0,0,0,0,0,0,0,0,0,0,0,0,0,0,0
1,129,14,15,15,0,17,13,49,4,239,0,0,0,0,0,0,0,0,0,0,0,0,0,0,0,0,0,0,0,0
15,193,14,13,1,21,31,13,131,0,0,0,0,0,0,0,0,0,0,0,0,0,0,0,0,0,0,0,0,0,0
1,3,14,10,13,67,0,0,0,0,0,0,0,0,0,0,0,0,0,0,0,0,0,0,0,0,0,0,0,0,0
1,129,15,16,15,0,32,13,10,49,4,202,0,0,0,0,0,0,0,0,0,0,0,0,0,0,0,0,0,0,0
1,129,15,16,15,0,33,13,10,49,4,203,0,0,0,0,0,0,0,0,0,0,0,0,0,0,0,0,0,0,0
1,129,15,16,15,0,34,13,10,49,4,200,0,0,0,0,0,0,0,0,0,0,0,0,0,0,0,0,0,0,0
1,129,15,16,15,0,34,13,10,49,4,200,0,0,0,0,0,0,0,0,0,0,0,0,0,0,0,0,0,0,0
1,129,15,16,15,0,34,13,10,49,4,200,0,0,0,0,0,0,0,0,0,0,0,0,0,0,0,0,0,0,0
15,129,15,14,1,37,32,13,10,196,0,0,0,0,0,0,0,0,0,0,0,0,0,0,0,0,0,0,0,0,0
15,193,15,14,1,37,47,13,10,139,0,0,0,0,0,0,0,0,0,0,0,0,0,0,0,0,0,0,0,0,0
1,3,15,10,13,66,0,0,0,0,0,0,0,0,0,0,0,0,0,0,0,0,0,0,0,0,0,0,0,0,0
1,129,1,15,15,0,16,10,49,4,230,0,0,0,0,0,0,0,0,0,0,0,0,0,0,0,0,0,0,0,0
1,129,1,15,15,0,17,10,49,4,231,0,0,0,0,0,0,0,0,0,0,0,0,0,0,0,0,0,0,0,0
1,129,1,15,15,0,17,10,49,4,231,0,0,0,0,0,0,0,0,0,0,0,0,0,0,0,0,0,0,0,0
1,129,1,15,15,0,17,10,49,4,231,0,0,0,0,0,0,0,0,0,0,0,0,0,0,0,0,0,0,0,0
15,193,1,13,1,21,31,10,139,0,0,0,0,0,0,0,0,0,0,0,0,0,0,0,0,0,0,0,0,0,0
1,3,1,10,10,75,0,0,0,0,0,0,0,0,0,0,0,0,0,0,0,0,0,0,0,0,0,0,0,0,0
1,65,5,12,15,49,4,59,0,0,0,0,0,0,0,0,0,0,0,0,0,0,0,0,0,0,0,0,0,0,0
1,65,5,12,15,49,4,59,0,0,0,0,0,0,0,0,0,0,0,0,0,0,0,0,0,0,0,0,0,0,0
1,65,5,12,15,49,4,59,0,0,0,0,0,0,0,0,0,0,0,0,0,0,0,0,0,0,0,0,0,0,0
1,69,2,20,15,32,0,250,64,0,0,0,0,49,4,186,0,0,0,0,0,0,0,0,0,0,0,0,0,0,0
1,69,2,20,15,32,0,250,49,18,0,0,0,49,4,217,0,0,0,0,0,0,0,0,0,0,0,0,0,0,0
1,69,2,20,15,32,0,250,49,16,0,0,0,49,4,219,0,0,0,0,0,0,0,0,0,0,0,0,0,0,0
1,69,2,20,15,32,0,250,49,10,0,0,0,49,4,193,0,0,0,0,0,0,0,0,0,0,0,0,0,0,0
1,69,2,20,15,32,0,250,49,9,0,0,0,49,4,194,0,0,0,0,0,0,0,0,0,0,0,0,0,0,0
1,69,2,20,15,32,0,250,49,13,0,0,0,49,4,198,0,0,0,0,0,0,0,0,0,0,0,0,0,0,0
1,65,3,13,10,32,2,126,147,0,0,0,0,0,0,0,0,0,0,0,0,0,0,0,0,0,0,0,0,0,0
10,3,3,11,1,1,50,0,0,0,0,0,0,0,0,0,0,0,0,0,0,0,0,0,0,0,0,0,0,0,0
10,65,11,14,1,32,3,0,20,72,0,0,0,0,0,0,0,0,0,0,0,0,0,0,0,0,0,0,0,0,0
1,3,11,11,10,245,7,0,0,0,0,0,0,0,0,0,0,0,0,0,0,0,0,0,0,0,0,0,0,0,0
7,3,7,10,1,64,0,0,0,0,0,0,0,0,0,0,0,0,0,0,0,0,0,0,0,0,0,0,0,0,0
7,3,7,10,1,64,0,0,0,0,0,0,0,0,0,0,0,0,0,0,0,0,0,0,0,0,0,0,0,0,0
1,3,1,10,7,70,0,0,0,0,0,0,0,0,0,0,0,0,0,0,0,0,0,0,0,0,0,0,0,0,0
1,65,11,17,16,86,1,32,2,77,38,64,58,0,0,0,0,0,0,0,0,0,0,0,0,0,0,0,0,0,0
16,3,11,11,1,234,103,0,0,0,0,0,0,0,0,0,0,0,0,0,0,0,0,0,0,0,0,0,0,0,0
16,65,10,18,1,86,1,32,3,0,140,88,126,135,0,0,0,0,0,0,0,0,0,0,0,0,0,0,0,0,0
1,3,10,11,16,113,76,0,0,0,0,0,0,0,0,0,0,0,0,0,0,0,0,0,0,0,0,0,0,0,0
1,65,1,17,9,86,1,32,2,77,38,179,21,0,0,0,0,0,0,0,0,0,0,0,0,0,0,0,0,0,0
9,3,1,11,1,129,128,0,0,0,0,0,0,0,0,0,0,0,0,0,0,0,0,0,0,0,0,0,0,0,0
9,65,1,18,1,86,1,32,3,0,140,88,170,142,0,0,0,0,0,0,0,0,0,0,0,0,0,0,0,0,0
1,3,1,11,9,2,165,0,0,0,0,0,0,0,0,0,0,0,0,0,0,0,0,0,0,0,0,0,0,0,0
1,65,12,13,13,32,2,158,250,0,0,0,0,0,0,0,0,0,0,0,0,0,0,0,0,0,0,0,0,0,0
13,3,12,11,1,74,215,0,0,0,0,0,0,0,0,0,0,0,0,0,0,0,0,0,0,0,0,0,0,0,0
13,65,13,14,1,32,3,0,94,177,0,0,0,0,0,0,0,0,0,0,0,0,0,0,0,0,0,0,0,0,0
1,3,13,11,13,55,64,0,0,0,0,0,0,0,0,0,0,0,0,0,0,0,0,0,0,0,0,0,0,0,0
1,65,8,12,8,37,2,35,0,0,0,0,0,0,0,0,0,0,0,0,0,0,0,0,0,0,0,0,0,0,0
1,65,8,12,8,37,2,35,0,0,0,0,0,0,0,0,0,0,0,0,0,0,0,0,0,0,0,0,0,0,0
1,65,8,12,8,37,2,35,0,0,0,0,0,0,0,0,0,0,0,0,0,0,0,0,0,0,0,0,0,0,0
1,65,9,12,8,37,2,34,0,0,0,0,0,0,0,0,0,0,0,0,0,0,0,0,0,0,0,0,0,0,0
8,3,9,10,1,65,0,0,0,0,0,0,0,0,0,0,0,0,0,0,0,0,0,0,0,0,0,0,0,0,0
8,65,65,13,1,37,3,0,106,0,0,0,0,0,0,0,0,0,0,0,0,0,0,0,0,0,0,0,0,0,0
1,3,1,10,8,73,0,0,0,0,0,0,0,0,0,0,0,0,0,0,0,0,0,0,0,0,0,0,0,0,0
1,65,4,13,10,32,2,25,71,0,0,0,0,0,0,0,0,0,0,0,0,0,0,0,0,0,0,0,0,0,0
10,3,4,11,1,132,162,0,0,0,0,0,0,0,0,0,0,0,0,0,0,0,0,0,0,0,0,0,0,0,0
10,65,12,14,1,32,3,0,220,9,0,0,0,0,0,0,0,0,0,0,0,0,0,0,0,0,0,0,0,0,0
1,3,12,11,10,112,151,0,0,0,0,0,0,0,0,0,0,0,0,0,0,0,0,0,0,0,0,0,0,0,0
10,65,13,33,1,86,1,96,13,1,0,50,2,33,68,0,0,0,0,0,0,0,0,0,0,7,90,185,161,0,0
1,3,13,11,10,71,167,0,0,0,0,0,0,0,0,0,0,0,0,0,0,0,0,0,0,0,0,0,0,0,0
10,65,14,33,1,86,1,96,13,2,0,50,2,33,68,0,0,0,13,0,0,0,0,0,0,5,29,119,125,0,0
1,3,14,11,10,30,247,0,0,0,0,0,0,0,0,0,0,0,0,0,0,0,0,0,0,0,0,0,0,0,0
10,65,15,29,1,86,1,96,13,1,0,50,2,33,50,0,0,0,0,0,0,202,252,117,144,0,0,0,0,0,0
1,3,15,11,10,41,199,0,0,0,0,0,0,0,0,0,0,0,0,0,0,0,0,0,0,0,0,0,0,0,0
10,65,1,29,1,86,1,96,13,2,0,50,2,33,50,0,0,0,0,0,0,207,99,102,144,0,0,0,0,0,0
1,3,1,11,10,50,198,0,0,0,0,0,0,0,0,0,0,0,0,0,0,0,0,0,0,0,0,0,0,0,0
1,65,12,17,16,86,1,32,2,77,38,241,145,0,0,0,0,0,0,0,0,0,0,0,0,0,0,0,0,0,0
16,3,12,11,1,111,247,0,0,0,0,0,0,0,0,0,0,0,0,0,0,0,0,0,0,0,0,0,0,0,0
16,65,11,18,1,86,1,32,3,0,140,88,17,194,0,0,0,0,0,0,0,0,0,0,0,0,0,0,0,0,0
1,3,11,11,16,70,124,0,0,0,0,0,0,0,0,0,0,0,0,0,0,0,0,0,0,0,0,0,0,0,0
1,65,2,17,9,86,1,32,2,77,38,158,81,0,0,0,0,0,0,0,0,0,0,0,0,0,0,0,0,0,0
9,3,2,11,1,216,208,0,0,0,0,0,0,0,0,0,0,0,0,0,0,0,0,0,0,0,0,0,0,0,0
9,65,2,18,1,86,1,32,3,0,140,88,27,65,0,0,0,0,0,0,0,0,0,0,0,0,0,0,0,0,0
1,3,2,11,9,91,245,0,0,0,0,0,0,0,0,0,0,0,0,0,0,0,0,0,0,0,0,0,0,0,0
1,65,13,13,13,32,2,52,171,0,0,0,0,0,0,0,0,0,0,0,0,0,0,0,0,0,0,0,0,0,0
13,3,13,11,1,125,231,0,0,0,0,0,0,0,0,0,0,0,0,0,0,0,0,0,0,0,0,0,0,0,0
13,65,14,14,1,32,3,0,144,81,0,0,0,0,0,0,0,0,0,0,0,0,0,0,0,0,0,0,0,0,0
1,3,14,11,13,110,16,0,0,0,0,0,0,0,0,0,0,0,0,0,0,0,0,0,0,0,0,0,0,0,0
17,65,1,17,1,49,5,1,42,2,94,231,42,0,0,0,0,0,0,0,0,0,0,0,0,0,0,0,0,0,0
1,3,1,11,17,145,156,0,0,0,0,0,0,0,0,0,0,0,0,0,0,0,0,0,0,0,0,0,0,0,0
17,65,2,16,1,49,5,5,1,26,215,187,0,0,0,0,0,0,0,0,0,0,0,0,0,0,0,0,0,0,0
1,3,2,11,17,200,204,0,0,0,0,0,0,0,0,0,0,0,0,0,0,0,0,0,0,0,0,0,0,0,0
17,65,3,17,1,49,5,3,10,0,72,94,118,0,0,0,0,0,0,0,0,0,0,0,0,0,0,0,0,0,0
1,3,3,11,17,255,252,0,0,0,0,0,0,0,0,0,0,0,0,0,0,0,0,0,0,0,0,0,0,0,0
17,65,4,16,1,49,5,27,1,0,188,105,0,0,0,0,0,0,0,0,0,0,0,0,0,0,0,0,0,0,0
1,3,4,11,17,122,108,0,0,0,0,0,0,0,0,0,0,0,0,0,0,0,0,0,0,0,0,0,0,0,0
17,65,4,16,1,49,5,27,1,0,188,105,0,0,0,0,0,0,0,0,0,0,0,0,0,0,0,0,0,0,0
1,3,4,11,17,122,108,0,0,0,0,0,0,0,0,0,0,0,0,0,0,0,0,0,0,0,0,0,0,0,0
17,65,5,13,1,132,7,245,131,0,0,0,0,0,0,0,0,0,0,0,0,0,0,0,0,0,0,0,0,0,0
1,3,5,11,17,77,92,0,0,0,0,0,0,0,0,0,0,0,0,0,0,0,0,0,0,0,0,0,0,0,0
1,65,15,13,17,132,8,54,218,0,0,0,0,0,0,0,0,0,0,0,0,0,0,0,0,0,0,0,0,0,0
17,3,15,11,1,156,246,0,0,0,0,0,0,0,0,0,0,0,0,0,0,0,0,0,0,0,0,0,0,0,0
1,65,6,13,10,32,2,93,196,0,0,0,0,0,0,0,0,0,0,0,0,0,0,0,0,0,0,0,0,0,0
10,3,6,11,1,234,194,0,0,0,0,0,0,0,0,0,0,0,0,0,0,0,0,0,0,0,0,0,0,0,0
10,65,2,14,1,32,3,0,92,170,0,0,0,0,0,0,0,0,0,0,0,0,0,0,0,0,0,0,0,0,0
1,3,2,11,10,107,150,0,0,0,0,0,0,0,0,0,0,0,0,0,0,0,0,0,0,0,0,0,0,0,0
1,65,14,17,16,86,1,32,2,77,38,55,246,0,0,0,0,0,0,0,0,0,0,0,0,0,0,0,0,0,0
16,3,14,11,1,1,151,0,0,0,0,0,0,0,0,0,0,0,0,0,0,0,0,0,0,0,0,0,0,0,0
16,65,12,18,1,86,1,32,3,0,140,88,13,56,0,0,0,0,0,0,0,0,0,0,0,0,0,0,0,0,0
1,3,12,11,16,195,236,0,0,0,0,0,0,0,0,0,0,0,0,0,0,0,0,0,0,0,0,0,0,0,0
1,65,4,17,9,86,1,32,2,77,38,196,217,0,0,0,0,0,0,0,0,0,0,0,0,0,0,0,0,0,0
9,3,4,11,1,106,112,0,0,0,0,0,0,0,0,0,0,0,0,0,0,0,0,0,0,0,0,0,0,0,0
9,65,3,18,1,86,1,32,3,0,140,88,116,4,0,0,0,0,0,0,0,0,0,0,0,0,0,0,0,0,0
1,3,3,11,9,108,197,0,0,0,0,0,0,0,0,0,0,0,0,0,0,0,0,0,0,0,0,0,0,0,0
1,65,15,13,13,32,2,112,40,0,0,0,0,0,0,0,0,0,0,0,0,0,0,0,0,0,0,0,0,0,0
13,3,15,11,1,19,135,0,0,0,0,0,0,0,0,0,0,0,0,0,0,0,0,0,0,0,0,0,0,0,0
13,65,15,14,1,32,3,0,213,241,0,0,0,0,0,0,0,0,0,0,0,0,0,0,0,0,0,0,0,0,0
1,3,15,11,13,89,32,0,0,0,0,0,0,0,0,0,0,0,0,0,0,0,0,0,0,0,0,0,0,0,0
1,65,7,13,10,32,2,247,149,0,0,0,0,0,0,0,0,0,0,0,0,0,0,0,0,0,0,0,0,0,0
10,3,7,11,1,221,242,0,0,0,0,0,0,0,0,0,0,0,0,0,0,0,0,0,0,0,0,0,0,0,0
10,65,3,14,1,32,3,0,25,10,0,0,0,0,0,0,0,0,0,0,0,0,0,0,0,0,0,0,0,0,0
1,3,3,11,10,92,166,0,0,0,0,0,0,0,0,0,0,0,0,0,0,0,0,0,0,0,0,0,0,0,0
11,65,1,12,1,132,7,141,0,0,0,0,0,0,0,0,0,0,0,0,0,0,0,0,0,0,0,0,0,0,0
1,3,1,10,11,74,0,0,0,0,0,0,0,0,0,0,0,0,0,0,0,0,0,0,0,0,0,0,0,0,0
1,65,10,12,11,132,8,137,0,0,0,0,0,0,0,0,0,0,0,0,0,0,0,0,0,0,0,0,0,0,0
11,3,10,10,1,65,0,0,0,0,0,0,0,0,0,0,0,0,0,0,0,0,0,0,0,0,0,0,0,0,0
12,65,1,12,1,132,7,138,0,0,0,0,0,0,0,0,0,0,0,0,0,0,0,0,0,0,0,0,0,0,0
1,3,1,10,12,77,0,0,0,0,0,0,0,0,0,0,0,0,0,0,0,0,0,0,0,0,0,0,0,0,0
1,65,11,12,12,132,8,143,0,0,0,0,0,0,0,0,0,0,0,0,0,0,0,0,0,0,0,0,0,0,0
12,3,11,10,1,71,0,0,0,0,0,0,0,0,0,0,0,0,0,0,0,0,0,0,0,0,0,0,0,0,0
1,65,15,17,16,86,1,32,2,77,38,220,213,0,0,0,0,0,0,0,0,0,0,0,0,0,0,0,0,0,0
16,3,15,11,1,54,167,0,0,0,0,0,0,0,0,0,0,0,0,0,0,0,0,0,0,0,0,0,0,0,0
16,65,13,18,1,86,1,32,3,0,140,88,98,125,0,0,0,0,0,0,0,0,0,0,0,0,0,0,0,0,0
1,3,13,11,16,244,220,0,0,0,0,0,0,0,0,0,0,0,0,0,0,0,0,0,0,0,0,0,0,0,0
1,65,5,17,9,86,1,32,2,77,38,47,250,0,0,0,0,0,0,0,0,0,0,0,0,0,0,0,0,0,0
9,3,5,11,1,93,64,0,0,0,0,0,0,0,0,0,0,0,0,0,0,0,0,0,0,0,0,0,0,0,0
9,65,4,18,1,86,1,32,3,0,140,88,104,254,0,0,0,0,0,0,0,0,0,0,0,0,0,0,0,0,0
1,3,4,11,9,233,85,0,0,0,0,0,0,0,0,0,0,0,0,0,0,0,0,0,0,0,0,0,0,0,0
1,65,1,13,13,32,2,191,128,0,0,0,0,0,0,0,0,0,0,0,0,0,0,0,0,0,0,0,0,0,0
13,3,1,11,1,8,134,0,0,0,0,0,0,0,0,0,0,0,0,0,0,0,0,0,0,0,0,0,0,0,0
13,65,1,14,1,32,3,0,85,82,0,0,0,0,0,0,0,0,0,0,0,0,0,0,0,0,0,0,0,0,0
1,3,1,11,13,66,33,0,0,0,0,0,0,0,0,0,0,0,0,0,0,0,0,0,0,0,0,0,0,0,0
1,65,8,13,10,32,2,146,108,0,0,0,0,0,0,0,0,0,0,0,0,0,0,0,0,0,0,0,0,0,0
10,3,8,11,1,241,195,0,0,0,0,0,0,0,0,0,0,0,0,0,0,0,0,0,0,0,0,0,0,0,0
10,65,4,14,1,32,3,0,209,75,0,0,0,0,0,0,0,0,0,0,0,0,0,0,0,0,0,0,0,0,0
1,3,4,11,10,217,54,0,0,0,0,0,0,0,0,0,0,0,0,0,0,0,0,0,0,0,0,0,0,0,0
7,3,13,10,1,74,0,0,0,0,0,0,0,0,0,0,0,0,0,0,0,0,0,0,0,0,0,0,0,0,0
1,3,1,10,7,70,0,0,0,0,0,0,0,0,0,0,0,0,0,0,0,0,0,0,0,0,0,0,0,0,0
1,65,1,17,16,86,1,32,2,77,38,175,162,0,0,0,0,0,0,0,0,0,0,0,0,0,0,0,0,0,0
16,3,1,11,1,45,166,0,0,0,0,0,0,0,0,0,0,0,0,0,0,0,0,0,0,0,0,0,0,0,0
16,65,14,18,1,86,1,32,3,0,140,88,211,178,0,0,0,0,0,0,0,0,0,0,0,0,0,0,0,0,0
1,3,14,11,16,173,140,0,0,0,0,0,0,0,0,0,0,0,0,0,0,0,0,0,0,0,0,0,0,0,0
1,65,6,17,9,86,1,32,2,77,38,2,190,0,0,0,0,0,0,0,0,0,0,0,0,0,0,0,0,0,0
9,3,6,11,1,4,16,0,0,0,0,0,0,0,0,0,0,0,0,0,0,0,0,0,0,0,0,0,0,0,0
9,65,5,18,1,86,1,32,3,0,140,88,7,187,0,0,0,0,0,0,0,0,0,0,0,0,0,0,0,0,0
1,3,5,11,9,222,101,0,0,0,0,0,0,0,0,0,0,0,0,0,0,0,0,0,0,0,0,0,0,0,0
1,65,5,13,13,32,2,54,134,0,0,0,0,0,0,0,0,0,0,0,0,0,0,0,0,0,0,0,0,0,0
13,3,5,11,1,212,70,0,0,0,0,0,0,0,0,0,0,0,0,0,0,0,0,0,0,0,0,0,0,0,0
13,65,2,14,1,32,3,0,155,178,0,0,0,0,0,0,0,0,0,0,0,0,0,0,0,0,0,0,0,0,0
1,3,2,11,13,27,113,0,0,0,0,0,0,0,0,0,0,0,0,0,0,0,0,0,0,0,0,0,0,0,0
1,65,12,13,10,32,2,27,106,0,0,0,0,0,0,0,0,0,0,0,0,0,0,0,0,0,0,0,0,0,0
10,3,12,11,1,45,3,0,0,0,0,0,0,0,0,0,0,0,0,0,0,0,0,0,0,0,0,0,0,0,0
10,65,5,14,1,32,3,0,148,235,0,0,0,0,0,0,0,0,0,0,0,0,0,0,0,0,0,0,0,0,0
1,3,5,11,10,238,6,0,0,0,0,0,0,0,0,0,0,0,0,0,0,0,0,0,0,0,0,0,0,0,0
1,65,14,12,15,49,4,48,0,0,0,0,0,0,0,0,0,0,0,0,0,0,0,0,0,0,0,0,0,0,0
1,65,14,12,15,49,4,48,0,0,0,0,0,0,0,0,0,0,0,0,0,0,0,0,0,0,0,0,0,0,0
1,65,14,12,15,49,4,48,0,0,0,0,0,0,0,0,0,0,0,0,0,0,0,0,0,0,0,0,0,0,0
1,129,3,16,15,0,32,16,13,49,4,220,0,0,0,0,0,0,0,0,0,0,0,0,0,0,0,0,0,0,0
1,129,3,16,15,0,33,16,13,49,4,221,0,0,0,0,0,0,0,0,0,0,0,0,0,0,0,0,0,0,0
1,129,3,16,15,0,34,16,13,49,4,222,0,0,0,0,0,0,0,0,0,0,0,0,0,0,0,0,0,0,0
1,129,3,16,15,0,34,16,13,49,4,222,0,0,0,0,0,0,0,0,0,0,0,0,0,0,0,0,0,0,0
1,129,3,16,15,0,34,16,13,49,4,222,0,0,0,0,0,0,0,0,0,0,0,0,0,0,0,0,0,0,0
15,129,3,14,1,37,32,16,13,210,0,0,0,0,0,0,0,0,0,0,0,0,0,0,0,0,0,0,0,0,0
15,193,3,14,1,37,47,16,13,157,0,0,0,0,0,0,0,0,0,0,0,0,0,0,0,0,0,0,0,0,0
1,3,3,10,16,83,0,0,0,0,0,0,0,0,0,0,0,0,0,0,0,0,0,0,0,0,0,0,0,0,0
1,129,4,16,15,0,32,16,9,49,4,223,0,0,0,0,0,0,0,0,0,0,0,0,0,0,0,0,0,0,0
1,129,4,16,15,0,33,16,9,49,4,222,0,0,0,0,0,0,0,0,0,0,0,0,0,0,0,0,0,0,0
1,129,4,16,15,0,34,16,9,49,4,221,0,0,0,0,0,0,0,0,0,0,0,0,0,0,0,0,0,0,0
1,129,4,16,15,0,34,16,9,49,4,221,0,0,0,0,0,0,0,0,0,0,0,0,0,0,0,0,0,0,0
1,129,4,16,15,0,34,16,9,49,4,221,0,0,0,0,0,0,0,0,0,0,0,0,0,0,0,0,0,0,0
15,129,4,14,1,37,32,16,9,209,0,0,0,0,0,0,0,0,0,0,0,0,0,0,0,0,0,0,0,0,0
15,193,4,14,1,37,47,16,9,158,0,0,0,0,0,0,0,0,0,0,0,0,0,0,0,0,0,0,0,0,0
1,3,4,10,16,84,0,0,0,0,0,0,0,0,0,0,0,0,0,0,0,0,0,0,0,0,0,0,0,0,0
1,129,5,15,15,0,16,13,49,4,229,0,0,0,0,0,0,0,0,0,0,0,0,0,0,0,0,0,0,0,0
1,129,5,15,15,0,17,13,49,4,228,0,0,0,0,0,0,0,0,0,0,0,0,0,0,0,0,0,0,0,0
1,129,5,15,15,0,17,13,49,4,228,0,0,0,0,0,0,0,0,0,0,0,0,0,0,0,0,0,0,0,0
1,129,5,15,15,0,17,13,49,4,228,0,0,0,0,0,0,0,0,0,0,0,0,0,0,0,0,0,0,0,0
15,193,5,13,1,21,31,13,136,0,0,0,0,0,0,0,0,0,0,0,0,0,0,0,0,0,0,0,0,0,0
1,3,5,10,13,72,0,0,0,0,0,0,0,0,0,0,0,0,0,0,0,0,0,0,0,0,0,0,0,0,0
1,129,6,16,15,0,32,13,10,49,4,195,0,0,0,0,0,0,0,0,0,0,0,0,0,0,0,0,0,0,0
1,129,6,16,15,0,33,13,10,49,4,194,0,0,0,0,0,0,0,0,0,0,0,0,0,0,0,0,0,0,0
1,129,6,16,15,0,34,13,10,49,4,193,0,0,0,0,0,0,0,0,0,0,0,0,0,0,0,0,0,0,0
1,129,6,16,15,0,34,13,10,49,4,193,0,0,0,0,0,0,0,0,0,0,0,0,0,0,0,0,0,0,0
1,129,6,16,15,0,34,13,10,49,4,193,0,0,0,0,0,0,0,0,0,0,0,0,0,0,0,0,0,0,0
15,129,6,14,1,37,32,13,10,205,0,0,0,0,0,0,0,0,0,0,0,0,0,0,0,0,0,0,0,0,0
15,193,6,14,1,37,47,13,10,130,0,0,0,0,0,0,0,0,0,0,0,0,0,0,0,0,0,0,0,0,0
1,3,6,10,13,75,0,0,0,0,0,0,0,0,0,0,0,0,0,0,0,0,0,0,0,0,0,0,0,0,0
1,129,7,15,15,0,16,10,49,4,224,0,0,0,0,0,0,0,0,0,0,0,0,0,0,0,0,0,0,0,0
1,129,7,15,15,0,17,10,49,4,225,0,0,0,0,0,0,0,0,0,0,0,0,0,0,0,0,0,0,0,0
1,129,7,15,15,0,17,10,49,4,225,0,0,0,0,0,0,0,0,0,0,0,0,0,0,0,0,0,0,0,0
1,129,7,15,15,0,17,10,49,4,225,0,0,0,0,0,0,0,0,0,0,0,0,0,0,0,0,0,0,0,0
15,193,7,13,1,21,31,10,141,0,0,0,0,0,0,0,0,0,0,0,0,0,0,0,0,0,0,0,0,0,0
1,3,7,10,10,77,0,0,0,0,0,0,0,0,0,0,0,0,0,0,0,0,0,0,0,0,0,0,0,0,0
1,65,15,12,15,49,4,49,0,0,0,0,0,0,0,0,0,0,0,0,0,0,0,0,0,0,0,0,0,0,0
1,65,15,12,15,49,4,49,0,0,0,0,0,0,0,0,0,0,0,0,0,0,0,0,0,0,0,0,0,0,0
1,65,15,12,15,49,4,49,0,0,0,0,0,0,0,0,0,0,0,0,0,0,0,0,0,0,0,0,0,0,0
1,69,8,20,15,32,0,250,64,0,0,0,0,49,4,176,0,0,0,0,0,0,0,0,0,0,0,0,0,0,0
1,69,8,20,15,32,0,250,49,9,0,0,0,49,4,200,0,0,0,0,0,0,0,0,0,0,0,0,0,0,0
1,69,8,20,15,32,0,250,49,16,0,0,0,49,4,209,0,0,0,0,0,0,0,0,0,0,0,0,0,0,0
1,69,8,20,15,32,0,250,49,10,0,0,0,49,4,203,0,0,0,0,0,0,0,0,0,0,0,0,0,0,0
1,69,8,20,15,32,0,250,49,18,0,0,0,49,4,211,0,0,0,0,0,0,0,0,0,0,0,0,0,0,0
1,69,8,20,15,32,0,250,49,13,0,0,0,49,4,204,0,0,0,0,0,0,0,0,0,0,0,0,0,0,0
10,65,6,33,1,86,1,96,13,1,0,50,2,33,68,0,0,0,0,0,0,0,0,0,0,7,90,122,159,0,0
1,3,6,11,10,183,86,0,0,0,0,0,0,0,0,0,0,0,0,0,0,0,0,0,0,0,0,0,0,0,0
10,65,7,33,1,86,1,96,13,2,0,50,2,33,68,0,0,0,14,0,0,0,0,0,0,221,159,63,43,0,0
1,3,7,11,10,128,102,0,0,0,0,0,0,0,0,0,0,0,0,0,0,0,0,0,0,0,0,0,0,0,0
10,65,8,29,1,86,1,96,13,1,0,50,2,33,50,0,0,0,0,0,0,202,252,124,16,0,0,0,0,0,0
1,3,8,11,10,172,87,0,0,0,0,0,0,0,0,0,0,0,0,0,0,0,0,0,0,0,0,0,0,0,0
10,65,9,29,1,86,1,96,13,2,0,50,2,33,50,0,0,0,0,0,0,207,99,169,230,0,0,0,0,0,0
1,3,9,11,10,155,103,0,0,0,0,0,0,0,0,0,0,0,0,0,0,0,0,0,0,0,0,0,0,0,0
1,65,5,17,16,86,1,32,2,77,38,51,77,0,0,0,0,0,0,0,0,0,0,0,0,0,0,0,0,0,0
16,3,5,11,1,241,102,0,0,0,0,0,0,0,0,0,0,0,0,0,0,0,0,0,0,0,0,0,0,0,0
16,65,15,18,1,86,1,32,3,0,140,88,188,247,0,0,0,0,0,0,0,0,0,0,0,0,0,0,0,0,0
1,3,15,11,16,154,188,0,0,0,0,0,0,0,0,0,0,0,0,0,0,0,0,0,0,0,0,0,0,0,0
1,65,10,17,9,86,1,32,2,77,38,183,174,0,0,0,0,0,0,0,0,0,0,0,0,0,0,0,0,0,0
9,3,10,11,1,113,113,0,0,0,0,0,0,0,0,0,0,0,0,0,0,0,0,0,0,0,0,0,0,0,0
9,65,6,18,1,86,1,32,3,0,140,88,182,116,0,0,0,0,0,0,0,0,0,0,0,0,0,0,0,0,0
1,3,6,11,9,135,53,0,0,0,0,0,0,0,0,0,0,0,0,0,0,0,0,0,0,0,0,0,0,0,0
17,65,1,17,1,49,5,1,42,2,106,145,253,0,0,0,0,0,0,0,0,0,0,0,0,0,0,0,0,0,0
1,3,1,11,17,145,156,0,0,0,0,0,0,0,0,0,0,0,0,0,0,0,0,0,0,0,0,0,0,0,0
17,65,2,16,1,49,5,5,1,26,215,187,0,0,0,0,0,0,0,0,0,0,0,0,0,0,0,0,0,0,0
1,3,2,11,17,200,204,0,0,0,0,0,0,0,0,0,0,0,0,0,0,0,0,0,0,0,0,0,0,0,0
17,65,3,14,1,128,3,88,148,112,0,0,0,0,0,0,0,0,0,0,0,0,0,0,0,0,0,0,0,0,0
1,3,3,11,17,255,252,0,0,0,0,0,0,0,0,0,0,0,0,0,0,0,0,0,0,0,0,0,0,0,0
17,65,4,17,1,49,5,3,10,0,68,46,81,0,0,0,0,0,0,0,0,0,0,0,0,0,0,0,0,0,0
1,3,4,11,17,122,108,0,0,0,0,0,0,0,0,0,0,0,0,0,0,0,0,0,0,0,0,0,0,0,0
17,65,5,16,1,49,5,27,1,0,251,186,0,0,0,0,0,0,0,0,0,0,0,0,0,0,0,0,0,0,0
1,3,5,11,17,77,92,0,0,0,0,0,0,0,0,0,0,0,0,0,0,0,0,0,0,0,0,0,0,0,0
17,65,6,13,1,132,7,27,81,0,0,0,0,0,0,0,0,0,0,0,0,0,0,0,0,0,0,0,0,0,0
1,3,6,11,17,20,12,0,0,0,0,0,0,0,0,0,0,0,0,0,0,0,0,0,0,0,0,0,0,0,0
1,65,5,13,17,132,8,112,116,0,0,0,0,0,0,0,0,0,0,0,0,0,0,0,0,0,0,0,0,0,0
17,3,5,11,1,91,55,0,0,0,0,0,0,0,0,0,0,0,0,0,0,0,0,0,0,0,0,0,0,0,0
1,65,7,13,13,32,2,114,5,0,0,0,0,0,0,0,0,0,0,0,0,0,0,0,0,0,0,0,0,0,0
13,3,7,11,1,186,38,0,0,0,0,0,0,0,0,0,0,0,0,0,0,0,0,0,0,0,0,0,0,0,0
13,65,3,14,1,32,3,0,222,18,0,0,0,0,0,0,0,0,0,0,0,0,0,0,0,0,0,0,0,0,0
1,3,3,11,13,44,65,0,0,0,0,0,0,0,0,0,0,0,0,0,0,0,0,0,0,0,0,0,0,0,0
1,65,14,13,10,32,2,95,233,0,0,0,0,0,0,0,0,0,0,0,0,0,0,0,0,0,0,0,0,0,0
10,3,14,11,1,67,99,0,0,0,0,0,0,0,0,0,0,0,0,0,0,0,0,0,0,0,0,0,0,0,0
10,65,10,14,1,32,3,0,81,232,0,0,0,0,0,0,0,0,0,0,0,0,0,0,0,0,0,0,0,0,0
1,3,10,11,10,194,55,0,0,0,0,0,0,0,0,0,0,0,0,0,0,0,0,0,0,0,0,0,0,0,0
1,65,7,17,16,86,1,32,2,77,38,245,42,0,0,0,0,0,0,0,0,0,0,0,0,0,0,0,0,0,0
16,3,7,11,1,159,6,0,0,0,0,0,0,0,0,0,0,0,0,0,0,0,0,0,0,0,0,0,0,0,0
16,65,1,18,1,86,1,32,3,0,140,88,133,3,0,0,0,0,0,0,0,0,0,0,0,0,0,0,0,0,0
1,3,1,11,16,129,189,0,0,0,0,0,0,0,0,0,0,0,0,0,0,0,0,0,0,0,0,0,0,0,0
1,65,12,17,9,86,1,32,2,77,38,237,38,0,0,0,0,0,0,0,0,0,0,0,0,0,0,0,0,0,0
9,3,12,11,1,195,209,0,0,0,0,0,0,0,0,0,0,0,0,0,0,0,0,0,0,0,0,0,0,0,0
9,65,7,18,1,86,1,32,3,0,140,88,217,49,0,0,0,0,0,0,0,0,0,0,0,0,0,0,0,0,0
1,3,7,11,9,176,5,0,0,0,0,0,0,0,0,0,0,0,0,0,0,0,0,0,0,0,0,0,0,0,0
1,65,8,13,13,32,2,23,252,0,0,0,0,0,0,0,0,0,0,0,0,0,0,0,0,0,0,0,0,0,0
13,3,8,11,1,150,23,0,0,0,0,0,0,0,0,0,0,0,0,0,0,0,0,0,0,0,0,0,0,0,0
13,65,4,14,1,32,3,0,22,83,0,0,0,0,0,0,0,0,0,0,0,0,0,0,0,0,0,0,0,0,0
1,3,4,11,13,169,209,0,0,0,0,0,0,0,0,0,0,0,0,0,0,0,0,0,0,0,0,0,0,0,0
1,65,15,13,10,32,2,245,184,0,0,0,0,0,0,0,0,0,0,0,0,0,0,0,0,0,0,0,0,0,0
10,3,15,11,1,116,83,0,0,0,0,0,0,0,0,0,0,0,0,0,0,0,0,0,0,0,0,0,0,0,0
10,65,11,14,1,32,3,0,20,72,0,0,0,0,0,0,0,0,0,0,0,0,0,0,0,0,0,0,0,0,0
1,3,11,11,10,245,7,0,0,0,0,0,0,0,0,0,0,0,0,0,0,0,0,0,0,0,0,0,0,0,0
1,65,8,17,16,86,1,32,2,77,38,109,126,0,0,0,0,0,0,0,0,0,0,0,0,0,0,0,0,0,0
16,3,8,11,1,179,55,0,0,0,0,0,0,0,0,0,0,0,0,0,0,0,0,0,0,0,0,0,0,0,0
16,65,2,18,1,86,1,32,3,0,140,88,52,204,0,0,0,0,0,0,0,0,0,0,0,0,0,0,0,0,0
1,3,2,11,16,216,237,0,0,0,0,0,0,0,0,0,0,0,0,0,0,0,0,0,0,0,0,0,0,0,0
1,65,13,17,9,86,1,32,2,77,38,6,5,0,0,0,0,0,0,0,0,0,0,0,0,0,0,0,0,0,0
9,3,13,11,1,244,225,0,0,0,0,0,0,0,0,0,0,0,0,0,0,0,0,0,0,0,0,0,0,0,0
9,65,8,18,1,86,1,32,3,0,140,88,143,128,0,0,0,0,0,0,0,0,0,0,0,0,0,0,0,0,0
1,3,8,11,9,156,52,0,0,0,0,0,0,0,0,0,0,0,0,0,0,0,0,0,0,0,0,0,0,0,0
1,65,9,13,13,32,2,189,173,0,0,0,0,0,0,0,0,0,0,0,0,0,0,0,0,0,0,0,0,0,0
13,3,9,11,1,161,39,0,0,0,0,0,0,0,0,0,0,0,0,0,0,0,0,0,0,0,0,0,0,0,0
13,65,5,14,1,32,3,0,83,243,0,0,0,0,0,0,0,0,0,0,0,0,0,0,0,0,0,0,0,0,0
1,3,5,11,13,158,225,0,0,0,0,0,0,0,0,0,0,0,0,0,0,0,0,0,0,0,0,0,0,0,0
11,65,1,12,1,132,7,141,0,0,0,0,0,0,0,0,0,0,0,0,0,0,0,0,0,0,0,0,0,0,0
1,3,1,10,11,74,0,0,0,0,0,0,0,0,0,0,0,0,0,0,0,0,0,0,0,0,0,0,0,0,0
1,65,1,12,11,132,8,130,0,0,0,0,0,0,0,0,0,0,0,0,0,0,0,0,0,0,0,0,0,0,0
11,3,1,10,1,74,0,0,0,0,0,0,0,0,0,0,0,0,0,0,0,0,0,0,0,0,0,0,0,0,0
12,65,1,12,1,132,7,138,0,0,0,0,0,0,0,0,0,0,0,0,0,0,0,0,0,0,0,0,0,0,0
1,3,1,10,12,77,0,0,0,0,0,0,0,0,0,0,0,0,0,0,0,0,0,0,0,0,0,0,0,0,0
1,65,2,12,12,132,8,134,0,0,0,0,0,0,0,0,0,0,0,0,0,0,0,0,0,0,0,0,0,0,0
12,3,2,10,1,78,0,0,0,0,0,0,0,0,0,0,0,0,0,0,0,0,0,0,0,0,0,0,0,0,0
1,65,1,13,10,32,2,58,16,0,0,0,0,0,0,0,0,0,0,0,0,0,0,0,0,0,0,0,0,0,0
10,3,1,11,1,111,82,0,0,0,0,0,0,0,0,0,0,0,0,0,0,0,0,0,0,0,0,0,0,0,0
10,65,12,14,1,32,3,0,220,9,0,0,0,0,0,0,0,0,0,0,0,0,0,0,0,0,0,0,0,0,0
1,3,12,11,10,112,151,0,0,0,0,0,0,0,0,0,0,0,0,0,0,0,0,0,0,0,0,0,0,0,0
7,3,4,10,1,67,0,0,0,0,0,0,0,0,0,0,0,0,0,0,0,0,0,0,0,0,0,0,0,0,0
1,3,1,10,7,70,0,0,0,0,0,0,0,0,0,0,0,0,0,0,0,0,0,0,0,0,0,0,0,0,0
1,65,10,17,16,86,1,32,2,77,38,171,25,0,0,0,0,0,0,0,0,0,0,0,0,0,0,0,0,0,0
16,3,10,11,1,221,87,0,0,0,0,0,0,0,0,0,0,0,0,0,0,0,0,0,0,0,0,0,0,0,0
16,65,3,18,1,86,1,32,3,0,140,88,91,137,0,0,0,0,0,0,0,0,0,0,0,0,0,0,0,0,0
1,3,3,11,16,239,221,0,0,0,0,0,0,0,0,0,0,0,0,0,0,0,0,0,0,0,0,0,0,0,0
1,65,14,17,9,86,1,32,2,77,38,43,65,0,0,0,0,0,0,0,0,0,0,0,0,0,0,0,0,0,0
9,3,14,11,1,173,177,0,0,0,0,0,0,0,0,0,0,0,0,0,0,0,0,0,0,0,0,0,0,0,0
9,65,9,18,1,86,1,32,3,0,140,88,224,197,0,0,0,0,0,0,0,0,0,0,0,0,0,0,0,0,0
1,3,9,11,9,171,4,0,0,0,0,0,0,0,0,0,0,0,0,0,0,0,0,0,0,0,0,0,0,0,0
1,65,10,13,13,32,2,83,127,0,0,0,0,0,0,0,0,0,0,0,0,0,0,0,0,0,0,0,0,0,0
13,3,10,11,1,248,119,0,0,0,0,0,0,0,0,0,0,0,0,0,0,0,0,0,0,0,0,0,0,0,0
13,65,6,14,1,32,3,0,157,19,0,0,0,0,0,0,0,0,0,0,0,0,0,0,0,0,0,0,0,0,0
1,3,6,11,13,199,177,0,0,0,0,0,0,0,0,0,0,0,0,0,0,0,0,0,0,0,0,0,0,0,0
1,65,5,12,8,37,2,46,0,0,0,0,0,0,0,0,0,0,0,0,0,0,0,0,0,0,0,0,0,0,0
1,65,5,12,8,37,2,46,0,0,0,0,0,0,0,0,0,0,0,0,0,0,0,0,0,0,0,0,0,0,0
1,65,5,12,8,37,2,46,0,0,0,0,0,0,0,0,0,0,0,0,0,0,0,0,0,0,0,0,0,0,0
1,65,6,12,8,37,2,45,0,0,0,0,0,0,0,0,0,0,0,0,0,0,0,0,0,0,0,0,0,0,0
8,3,6,10,1,78,0,0,0,0,0,0,0,0,0,0,0,0,0,0,0,0,0,0,0,0,0,0,0,0,0
8,65,65,13,1,37,3,0,106,0,0,0,0,0,0,0,0,0,0,0,0,0,0,0,0,0,0,0,0,0,0
1,3,1,10,8,73,0,0,0,0,0,0,0,0,0,0,0,0,0,0,0,0,0,0,0,0,0,0,0,0,0
1,65,2,13,10,32,2,212,194,0,0,0,0,0,0,0,0,0,0,0,0,0,0,0,0,0,0,0,0,0,0
10,3,2,11,1,54,2,0,0,0,0,0,0,0,0,0,0,0,0,0,0,0,0,0,0,0,0,0,0,0,0
10,65,13,14,1,32,3,0,153,169,0,0,0,0,0,0,0,0,0,0,0,0,0,0,0,0,0,0,0,0,0
1,3,13,11,10,71,167,0,0,0,0,0,0,0,0,0,0,0,0,0,0,0,0,0,0,0,0,0,0,0,0
10,65,14,33,1,86,1,96,13,1,0,50,2,33,68,0,0,0,0,0,0,0,0,0,0,7,90,119,125,0,0
1,3,14,11,10,30,247,0,0,0,0,0,0,0,0,0,0,0,0,0,0,0,0,0,0,0,0,0,0,0,0
10,65,15,33,1,86,1,96,13,2,0,50,2,33,68,0,0,0,15,0,0,0,0,0,0,101,254,50,201,0,0
1,3,15,11,10,41,199,0,0,0,0,0,0,0,0,0,0,0,0,0,0,0,0,0,0,0,0,0,0,0,0
1,65,14,17,16,86,1,32,2,77,38,55,246,0,0,0,0,0,0,0,0,0,0,0,0,0,0,0,0,0,0
16,3,14,11,1,1,151,0,0,0,0,0,0,0,0,0,0,0,0,0,0,0,0,0,0,0,0,0,0,0,0
16,65,4,18,1,86,1,32,3,0,140,88,71,115,0,0,0,0,0,0,0,0,0,0,0,0,0,0,0,0,0
1,3,4,11,16,106,77,0,0,0,0,0,0,0,0,0,0,0,0,0,0,0,0,0,0,0,0,0,0,0,0
10,65,1,29,1,86,1,96,13,1,0,50,2,33,50,0,0,0,0,0,0,202,252,102,144,0,0,0,0,0,0
1,3,1,11,10,50,198,0,0,0,0,0,0,0,0,0,0,0,0,0,0,0,0,0,0,0,0,0,0,0,0
10,65,2,29,1,86,1,96,13,2,0,50,2,33,50,0,0,0,0,0,0,207,99,8,171,0,0,0,0,0,0
1,3,2,11,10,107,150,0,0,0,0,0,0,0,0,0,0,0,0,0,0,0,0,0,0,0,0,0,0,0,0
1,65,4,17,9,86,1,32,2,77,38,196,217,0,0,0,0,0,0,0,0,0,0,0,0,0,0,0,0,0,0
9,3,4,11,1,106,112,0,0,0,0,0,0,0,0,0,0,0,0,0,0,0,0,0,0,0,0,0,0,0,0
9,65,10,18,1,86,1,32,3,0,140,88,81,10,0,0,0,0,0,0,0,0,0,0,0,0,0,0,0,0,0
1,3,10,11,9,242,84,0,0,0,0,0,0,0,0,0,0,0,0,0,0,0,0,0,0,0,0,0,0,0,0
17,65,1,17,1,49,5,1,42,2,113,50,167,0,0,0,0,0,0,0,0,0,0,0,0,0,0,0,0,0,0
1,3,1,11,17,145,156,0,0,0,0,0,0,0,0,0,0,0,0,0,0,0,0,0,0,0,0,0,0,0,0
17,65,2,16,1,49,5,5,1,26,215,187,0,0,0,0,0,0,0,0,0,0,0,0,0,0,0,0,0,0,0
1,3,2,11,17,200,204,0,0,0,0,0,0,0,0,0,0,0,0,0,0,0,0,0,0,0,0,0,0,0,0
17,65,3,17,1,49,5,3,10,0,61,112,68,0,0,0,0,0,0,0,0,0,0,0,0,0,0,0,0,0,0
1,3,3,11,17,255,252,0,0,0,0,0,0,0,0,0,0,0,0,0,0,0,0,0,0,0,0,0,0,0,0
17,65,4,16,1,49,5,27,1,0,188,105,0,0,0,0,0,0,0,0,0,0,0,0,0,0,0,0,0,0,0
1,3,4,11,17,122,108,0,0,0,0,0,0,0,0,0,0,0,0,0,0,0,0,0,0,0,0,0,0,0,0
17,65,5,13,1,132,7,245,131,0,0,0,0,0,0,0,0,0,0,0,0,0,0,0,0,0,0,0,0,0,0
1,3,5,11,17,77,92,0,0,0,0,0,0,0,0,0,0,0,0,0,0,0,0,0,0,0,0,0,0,0,0
1,65,10,13,17,132,8,21,141,0,0,0,0,0,0,0,0,0,0,0,0,0,0,0,0,0,0,0,0,0,0
17,3,10,11,1,119,6,0,0,0,0,0,0,0,0,0,0,0,0,0,0,0,0,0,0,0,0,0,0,0,0
1,65,15,13,13,32,2,112,40,0,0,0,0,0,0,0,0,0,0,0,0,0,0,0,0,0,0,0,0,0,0
13,3,15,11,1,19,135,0,0,0,0,0,0,0,0,0,0,0,0,0,0,0,0,0,0,0,0,0,0,0,0
13,65,7,14,1,32,3,0,216,179,0,0,0,0,0,0,0,0,0,0,0,0,0,0,0,0,0,0,0,0,0
1,3,7,11,13,240,129,0,0,0,0,0,0,0,0,0,0,0,0,0,0,0,0,0,0,0,0,0,0,0,0
1,65,7,13,10,32,2,247,149,0,0,0,0,0,0,0,0,0,0,0,0,0,0,0,0,0,0,0,0,0,0
10,3,7,11,1,221,242,0,0,0,0,0,0,0,0,0,0,0,0,0,0,0,0,0,0,0,0,0,0,0,0
10,65,3,14,1,32,3,0,25,10,0,0,0,0,0,0,0,0,0,0,0,0,0,0,0,0,0,0,0,0,0
1,3,3,11,10,92,166,0,0,0,0,0,0,0,0,0,0,0,0,0,0,0,0,0,0,0,0,0,0,0,0
1,65,1,17,16,86,1,32,2,77,38,175,162,0,0,0,0,0,0,0,0,0,0,0,0,0,0,0,0,0,0
16,3,1,11,1,45,166,0,0,0,0,0,0,0,0,0,0,0,0,0,0,0,0,0,0,0,0,0,0,0,0
16,65,5,18,1,86,1,32,3,0,140,88,40,54,0,0,0,0,0,0,0,0,0,0,0,0,0,0,0,0,0
1,3,5,11,16,93,125,0,0,0,0,0,0,0,0,0,0,0,0,0,0,0,0,0,0,0,0,0,0,0,0
1,65,5,17,9,86,1,32,2,77,38,47,250,0,0,0,0,0,0,0,0,0,0,0,0,0,0,0,0,0,0
9,3,5,11,1,93,64,0,0,0,0,0,0,0,0,0,0,0,0,0,0,0,0,0,0,0,0,0,0,0,0
9,65,11,18,1,86,1,32,3,0,140,88,62,79,0,0,0,0,0,0,0,0,0,0,0,0,0,0,0,0,0
1,3,11,11,9,197,100,0,0,0,0,0,0,0,0,0,0,0,0,0,0,0,0,0,0,0,0,0,0,0,0
1,65,8,13,13,38,2,189,90,0,0,0,0,0,0,0,0,0,0,0,0,0,0,0,0,0,0,0,0,0,0
13,3,8,11,1,150,23,0,0,0,0,0,0,0,0,0,0,0,0,0,0,0,0,0,0,0,0,0,0,0,0
13,65,8,14,1,38,3,0,175,16,0,0,0,0,0,0,0,0,0,0,0,0,0,0,0,0,0,0,0,0,0
1,3,8,11,13,220,176,0,0,0,0,0,0,0,0,0,0,0,0,0,0,0,0,0,0,0,0,0,0,0,0
7,3,8,10,1,79,0,0,0,0,0,0,0,0,0,0,0,0,0,0,0,0,0,0,0,0,0,0,0,0,0
1,3,1,10,7,70,0,0,0,0,0,0,0,0,0,0,0,0,0,0,0,0,0,0,0,0,0,0,0,0,0
1,65,8,13,10,32,2,146,108,0,0,0,0,0,0,0,0,0,0,0,0,0,0,0,0,0,0,0,0,0,0
10,3,8,11,1,241,195,0,0,0,0,0,0,0,0,0,0,0,0,0,0,0,0,0,0,0,0,0,0,0,0
10,65,4,14,1,32,3,0,209,75,0,0,0,0,0,0,0,0,0,0,0,0,0,0,0,0,0,0,0,0,0
1,3,4,11,10,217,54,0,0,0,0,0,0,0,0,0,0,0,0,0,0,0,0,0,0,0,0,0,0,0,0
1,65,9,12,15,49,4,55,0,0,0,0,0,0,0,0,0,0,0,0,0,0,0,0,0,0,0,0,0,0,0
1,65,9,12,15,49,4,55,0,0,0,0,0,0,0,0,0,0,0,0,0,0,0,0,0,0,0,0,0,0,0
1,65,9,12,15,49,4,55,0,0,0,0,0,0,0,0,0,0,0,0,0,0,0,0,0,0,0,0,0,0,0
1,129,9,16,15,0,32,16,13,49,4,214,0,0,0,0,0,0,0,0,0,0,0,0,0,0,0,0,0,0,0
1,129,9,16,15,0,33,16,13,49,4,215,0,0,0,0,0,0,0,0,0,0,0,0,0,0,0,0,0,0,0
1,129,9,16,15,0,34,16,13,49,4,212,0,0,0,0,0,0,0,0,0,0,0,0,0,0,0,0,0,0,0
1,129,9,16,15,0,34,16,13,49,4,212,0,0,0,0,0,0,0,0,0,0,0,0,0,0,0,0,0,0,0
1,129,9,16,15,0,34,16,13,49,4,212,0,0,0,0,0,0,0,0,0,0,0,0,0,0,0,0,0,0,0
15,129,9,14,1,37,32,16,13,216,0,0,0,0,0,0,0,0,0,0,0,0,0,0,0,0,0,0,0,0,0
15,193,9,14,1,37,47,16,13,151,0,0,0,0,0,0,0,0,0,0,0,0,0,0,0,0,0,0,0,0,0
1,3,9,10,16,89,0,0,0,0,0,0,0,0,0,0,0,0,0,0,0,0,0,0,0,0,0,0,0,0,0
1,129,10,16,15,0,32,16,9,49,4,209,0,0,0,0,0,0,0,0,0,0,0,0,0,0,0,0,0,0,0
1,129,10,16,15,0,33,16,9,49,4,208,0,0,0,0,0,0,0,0,0,0,0,0,0,0,0,0,0,0,0
1,129,10,16,15,0,34,16,9,49,4,211,0,0,0,0,0,0,0,0,0,0,0,0,0,0,0,0,0,0,0
1,129,10,16,15,0,34,16,9,49,4,211,0,0,0,0,0,0,0,0,0,0,0,0,0,0,0,0,0,0,0
1,129,10,16,15,0,34,16,9,49,4,211,0,0,0,0,0,0,0,0,0,0,0,0,0,0,0,0,0,0,0
15,129,10,14,1,37,32,16,9,223,0,0,0,0,0,0,0,0,0,0,0,0,0,0,0,0,0,0,0,0,0
15,193,10,14,1,37,47,16,9,144,0,0,0,0,0,0,0,0,0,0,0,0,0,0,0,0,0,0,0,0,0
1,3,10,10,16,90,0,0,0,0,0,0,0,0,0,0,0,0,0,0,0,0,0,0,0,0,0,0,0,0,0
1,129,11,15,15,0,16,13,49,4,235,0,0,0,0,0,0,0,0,0,0,0,0,0,0,0,0,0,0,0,0
1,129,11,15,15,0,17,13,49,4,234,0,0,0,0,0,0,0,0,0,0,0,0,0,0,0,0,0,0,0,0
1,129,11,15,15,0,17,13,49,4,234,0,0,0,0,0,0,0,0,0,0,0,0,0,0,0,0,0,0,0,0
1,129,11,15,15,0,17,13,49,4,234,0,0,0,0,0,0,0,0,0,0,0,0,0,0,0,0,0,0,0,0
15,193,11,13,1,21,31,13,134,0,0,0,0,0,0,0,0,0,0,0,0,0,0,0,0,0,0,0,0,0,0
1,3,11,10,13,70,0,0,0,0,0,0,0,0,0,0,0,0,0,0,0,0,0,0,0,0,0,0,0,0,0
1,129,12,16,15,0,32,13,10,49,4,201,0,0,0,0,0,0,0,0,0,0,0,0,0,0,0,0,0,0,0
1,129,12,16,15,0,33,13,10,49,4,200,0,0,0,0,0,0,0,0,0,0,0,0,0,0,0,0,0,0,0
1,129,12,16,15,0,34,13,10,49,4,203,0,0,0,0,0,0,0,0,0,0,0,0,0,0,0,0,0,0,0
1,129,12,16,15,0,34,13,10,49,4,203,0,0,0,0,0,0,0,0,0,0,0,0,0,0,0,0,0,0,0
1,129,12,16,15,0,34,13,10,49,4,203,0,0,0,0,0,0,0,0,0,0,0,0,0,0,0,0,0,0,0
15,129,12,14,1,37,32,13,10,199,0,0,0,0,0,0,0,0,0,0,0,0,0,0,0,0,0,0,0,0,0
15,193,12,14,1,37,47,13,10,136,0,0,0,0,0,0,0,0,0,0,0,0,0,0,0,0,0,0,0,0,0
1,3,12,10,13,65,0,0,0,0,0,0,0,0,0,0,0,0,0,0,0,0,0,0,0,0,0,0,0,0,0
1,129,13,15,15,0,16,10,49,4,234,0,0,0,0,0,0,0,0,0,0,0,0,0,0,0,0,0,0,0,0
1,129,13,15,15,0,17,10,49,4,235,0,0,0,0,0,0,0,0,0,0,0,0,0,0,0,0,0,0,0,0
1,129,13,15,15,0,17,10,49,4,235,0,0,0,0,0,0,0,0,0,0,0,0,0,0,0,0,0,0,0,0
1,129,13,15,15,0,17,10,49,4,235,0,0,0,0,0,0,0,0,0,0,0,0,0,0,0,0,0,0,0,0
15,193,13,13,1,21,31,10,135,0,0,0,0,0,0,0,0,0,0,0,0,0,0,0,0,0,0,0,0,0,0
1,3,13,10,10,71,0,0,0,0,0,0,0,0,0,0,0,0,0,0,0,0,0,0,0,0,0,0,0,0,0
1,65,10,12,15,49,4,52,0,0,0,0,0,0,0,0,0,0,0,0,0,0,0,0,0,0,0,0,0,0,0
1,65,10,12,15,49,4,52,0,0,0,0,0,0,0,0,0,0,0,0,0,0,0,0,0,0,0,0,0,0,0
1,65,10,12,15,49,4,52,0,0,0,0,0,0,0,0,0,0,0,0,0,0,0,0,0,0,0,0,0,0,0
1,69,14,20,15,32,0,250,64,0,0,0,0,49,4,182,0,0,0,0,0,0,0,0,0,0,0,0,0,0,0
1,69,14,20,15,32,0,250,49,18,0,0,0,49,4,213,0,0,0,0,0,0,0,0,0,0,0,0,0,0,0
1,69,14,20,15,32,0,250,49,13,0,0,0,49,4,202,0,0,0,0,0,0,0,0,0,0,0,0,0,0,0
1,69,14,20,15,32,0,250,49,9,0,0,0,49,4,206,0,0,0,0,0,0,0,0,0,0,0,0,0,0,0
1,69,14,20,15,32,0,250,49,16,0,0,0,49,4,215,0,0,0,0,0,0,0,0,0,0,0,0,0,0,0
1,65,3,17,16,86,1,32,2,77,38,105,197,0,0,0,0,0,0,0,0,0,0,0,0,0,0,0,0,0,0
16,3,3,11,1,67,198,0,0,0,0,0,0,0,0,0,0,0,0,0,0,0,0,0,0,0,0,0,0,0,0
16,65,6,18,1,86,1,32,3,0,140,88,153,249,0,0,0,0,0,0,0,0,0,0,0,0,0,0,0,0,0
1,3,6,11,16,4,45,0,0,0,0,0,0,0,0,0,0,0,0,0,0,0,0,0,0,0,0,0,0,0,0
1,65,6,17,9,86,1,32,2,77,38,2,190,0,0,0,0,0,0,0,0,0,0,0,0,0,0,0,0,0,0
9,3,6,11,1,4,16,0,0,0,0,0,0,0,0,0,0,0,0,0,0,0,0,0,0,0,0,0,0,0,0
9,65,12,18,1,86,1,32,3,0,140,88,34,181,0,0,0,0,0,0,0,0,0,0,0,0,0,0,0,0,0
1,3,12,11,9,64,244,0,0,0,0,0,0,0,0,0,0,0,0,0,0,0,0,0,0,0,0,0,0,0,0
1,65,9,13,13,32,2,189,173,0,0,0,0,0,0,0,0,0,0,0,0,0,0,0,0,0,0,0,0,0,0
13,3,9,11,1,161,39,0,0,0,0,0,0,0,0,0,0,0,0,0,0,0,0,0,0,0,0,0,0,0,0
13,65,9,14,1,32,3,0,88,16,0,0,0,0,0,0,0,0,0,0,0,0,0,0,0,0,0,0,0,0,0
1,3,9,11,13,235,128,0,0,0,0,0,0,0,0,0,0,0,0,0,0,0,0,0,0,0,0,0,0,0,0
1,65,9,13,10,32,2,56,61,0,0,0,0,0,0,0,0,0,0,0,0,0,0,0,0,0,0,0,0,0,0
10,3,9,11,1,198,243,0,0,0,0,0,0,0,0,0,0,0,0,0,0,0,0,0,0,0,0,0,0,0,0
10,65,5,14,1,32,3,0,148,235,0,0,0,0,0,0,0,0,0,0,0,0,0,0,0,0,0,0,0,0,0
1,3,5,11,10,238,6,0,0,0,0,0,0,0,0,0,0,0,0,0,0,0,0,0,0,0,0,0,0,0,0
1,65,4,17,16,86,1,32,2,77,38,216,110,0,0,0,0,0,0,0,0,0,0,0,0,0,0,0,0,0,0
16,3,4,11,1,198,86,0,0,0,0,0,0,0,0,0,0,0,0,0,0,0,0,0,0,0,0,0,0,0,0
16,65,7,18,1,86,1,32,3,0,140,88,246,188,0,0,0,0,0,0,0,0,0,0,0,0,0,0,0,0,0
1,3,7,11,16,51,29,0,0,0,0,0,0,0,0,0,0,0,0,0,0,0,0,0,0,0,0,0,0,0,0
1,65,7,17,9,86,1,32,2,77,38,233,157,0,0,0,0,0,0,0,0,0,0,0,0,0,0,0,0,0,0
9,3,7,11,1,51,32,0,0,0,0,0,0,0,0,0,0,0,0,0,0,0,0,0,0,0,0,0,0,0,0
9,65,13,18,1,86,1,32,3,0,140,88,77,240,0,0,0,0,0,0,0,0,0,0,0,0,0,0,0,0,0
1,3,13,11,9,119,196,0,0,0,0,0,0,0,0,0,0,0,0,0,0,0,0,0,0,0,0,0,0,0,0
1,65,10,13,13,32,2,83,127,0,0,0,0,0,0,0,0,0,0,0,0,0,0,0,0,0,0,0,0,0,0
13,3,10,11,1,248,119,0,0,0,0,0,0,0,0,0,0,0,0,0,0,0,0,0,0,0,0,0,0,0,0
13,65,10,14,1,32,3,0,150,240,0,0,0,0,0,0,0,0,0,0,0,0,0,0,0,0,0,0,0,0,0
1,3,10,11,13,178,208,0,0,0,0,0,0,0,0,0,0,0,0,0,0,0,0,0,0,0,0,0,0,0,0
11,65,1,12,1,132,7,141,0,0,0,0,0,0,0,0,0,0,0,0,0,0,0,0,0,0,0,0,0,0,0
1,3,1,10,11,74,0,0,0,0,0,0,0,0,0,0,0,0,0,0,0,0,0,0,0,0,0,0,0,0,0
1,65,11,12,11,132,8,136,0,0,0,0,0,0,0,0,0,0,0,0,0,0,0,0,0,0,0,0,0,0,0
11,3,11,10,1,64,0,0,0,0,0,0,0,0,0,0,0,0,0,0,0,0,0,0,0,0,0,0,0,0,0
12,65,1,12,1,132,7,138,0,0,0,0,0,0,0,0,0,0,0,0,0,0,0,0,0,0,0,0,0,0,0
1,3,1,10,12,77,0,0,0,0,0,0,0,0,0,0,0,0,0,0,0,0,0,0,0,0,0,0,0,0,0
1,65,12,12,12,132,8,136,0,0,0,0,0,0,0,0,0,0,0,0,0,0,0,0,0,0,0,0,0,0,0
12,3,12,10,1,64,0,0,0,0,0,0,0,0,0,0,0,0,0,0,0,0,0,0,0,0,0,0,0,0,0
1,65,10,13,10,32,2,214,239,0,0,0,0,0,0,0,0,0,0,0,0,0,0,0,0,0,0,0,0,0,0
10,3,10,11,1,159,163,0,0,0,0,0,0,0,0,0,0,0,0,0,0,0,0,0,0,0,0,0,0,0,0
10,65,6,14,1,32,3,0,90,11,0,0,0,0,0,0,0,0,0,0,0,0,0,0,0,0,0,0,0,0,0
1,3,6,11,10,183,86,0,0,0,0,0,0,0,0,0,0,0,0,0,0,0,0,0,0,0,0,0,0,0,0
10,65,7,33,1,86,1,96,13,1,0,50,2,33,68,0,0,0,0,0,0,0,0,0,0,7,90,63,43,0,0
1,3,7,11,10,128,102,0,0,0,0,0,0,0,0,0,0,0,0,0,0,0,0,0,0,0,0,0,0,0,0
1,65,5,17,16,86,1,32,2,77,38,51,77,0,0,0,0,0,0,0,0,0,0,0,0,0,0,0,0,0,0
16,3,5,11,1,241,102,0,0,0,0,0,0,0,0,0,0,0,0,0,0,0,0,0,0,0,0,0,0,0,0
16,65,8,18,1,86,1,32,3,0,140,88,160,13,0,0,0,0,0,0,0,0,0,0,0,0,0,0,0,0,0
1,3,8,11,16,31,44,0,0,0,0,0,0,0,0,0,0,0,0,0,0,0,0,0,0,0,0,0,0,0,0
10,65,8,33,1,86,1,96,13,2,0,50,2,33,68,0,0,0,15,0,0,0,0,0,0,101,254,250,228,0,0
1,3,8,11,10,172,87,0,0,0,0,0,0,0,0,0,0,0,0,0,0,0,0,0,0,0,0,0,0,0,0
10,65,9,29,1,86,1,96,13,1,0,50,2,33,50,0,0,0,0,0,0,202,252,169,230,0,0,0,0,0,0
1,3,9,11,10,155,103,0,0,0,0,0,0,0,0,0,0,0,0,0,0,0,0,0,0,0,0,0,0,0,0
10,65,10,29,1,86,1,96,13,2,0,50,2,33,50,0,0,0,0,0,0,207,99,199,221,0,0,0,0,0,0
1,3,10,11,10,194,55,0,0,0,0,0,0,0,0,0,0,0,0,0,0,0,0,0,0,0,0,0,0,0,0
1,65,8,17,9,86,1,32,2,77,38,113,201,0,0,0,0,0,0,0,0,0,0,0,0,0,0,0,0,0,0
9,3,8,11,1,31,17,0,0,0,0,0,0,0,0,0,0,0,0,0,0,0,0,0,0,0,0,0,0,0,0
9,65,14,18,1,86,1,32,3,0,140,88,252,63,0,0,0,0,0,0,0,0,0,0,0,0,0,0,0,0,0
1,3,14,11,9,46,148,0,0,0,0,0,0,0,0,0,0,0,0,0,0,0,0,0,0,0,0,0,0,0,0
1,65,11,13,13,32,2,249,46,0,0,0,0,0,0,0,0,0,0,0,0,0,0,0,0,0,0,0,0,0,0
13,3,11,11,1,207,71,0,0,0,0,0,0,0,0,0,0,0,0,0,0,0,0,0,0,0,0,0,0,0,0
13,65,11,14,1,32,3,0,211,80,0,0,0,0,0,0,0,0,0,0,0,0,0,0,0,0,0,0,0,0,0
1,3,11,11,13,133,224,0,0,0,0,0,0,0,0,0,0,0,0,0,0,0,0,0,0,0,0,0,0,0,0
17,65,1,17,1,49,5,1,42,2,124,227,10,0,0,0,0,0,0,0,0,0,0,0,0,0,0,0,0,0,0
1,3,1,11,17,145,156,0,0,0,0,0,0,0,0,0,0,0,0,0,0,0,0,0,0,0,0,0,0,0,0
17,65,2,16,1,49,5,5,1,25,231,216,0,0,0,0,0,0,0,0,0,0,0,0,0,0,0,0,0,0,0
1,3,2,11,17,200,204,0,0,0,0,0,0,0,0,0,0,0,0,0,0,0,0,0,0,0,0,0,0,0,0
17,65,3,17,1,49,5,3,10,0,61,112,68,0,0,0,0,0,0,0,0,0,0,0,0,0,0,0,0,0,0
1,3,3,11,17,255,252,0,0,0,0,0,0,0,0,0,0,0,0,0,0,0,0,0,0,0,0,0,0,0,0
17,65,4,16,1,49,5,27,1,0,188,105,0,0,0,0,0,0,0,0,0,0,0,0,0,0,0,0,0,0,0
1,3,4,11,17,122,108,0,0,0,0,0,0,0,0,0,0,0,0,0,0,0,0,0,0,0,0,0,0,0,0
17,65,5,13,1,132,7,245,131,0,0,0,0,0,0,0,0,0,0,0,0,0,0,0,0,0,0,0,0,0,0
1,3,5,11,17,77,92,0,0,0,0,0,0,0,0,0,0,0,0,0,0,0,0,0,0,0,0,0,0,0,0
1,65,14,13,17,132,8,156,139,0,0,0,0,0,0,0,0,0,0,0,0,0,0,0,0,0,0,0,0,0,0
17,3,14,11,1,171,198,0,0,0,0,0,0,0,0,0,0,0,0,0,0,0,0,0,0,0,0,0,0,0,0
1,65,15,13,10,32,2,245,184,0,0,0,0,0,0,0,0,0,0,0,0,0,0,0,0,0,0,0,0,0,0
10,3,15,11,1,116,83,0,0,0,0,0,0,0,0,0,0,0,0,0,0,0,0,0,0,0,0,0,0,0,0
10,65,11,14,1,32,3,0,20,72,0,0,0,0,0,0,0,0,0,0,0,0,0,0,0,0,0,0,0,0,0
1,3,11,11,10,245,7,0,0,0,0,0,0,0,0,0,0,0,0,0,0,0,0,0,0,0,0,0,0,0,0
1,65,10,17,16,86,1,32,2,77,38,171,25,0,0,0,0,0,0,0,0,0,0,0,0,0,0,0,0,0,0
16,3,10,11,1,221,87,0,0,0,0,0,0,0,0,0,0,0,0,0,0,0,0,0,0,0,0,0,0,0,0
16,65,9,18,1,86,1,32,3,0,140,88,207,72,0,0,0,0,0,0,0,0,0,0,0,0,0,0,0,0,0
1,3,9,11,16,40,28,0,0,0,0,0,0,0,0,0,0,0,0,0,0,0,0,0,0,0,0,0,0,0,0
1,65,13,17,9,86,1,32,2,77,38,6,5,0,0,0,0,0,0,0,0,0,0,0,0,0,0,0,0,0,0
9,3,13,11,1,244,225,0,0,0,0,0,0,0,0,0,0,0,0,0,0,0,0,0,0,0,0,0,0,0,0
9,65,15,18,1,86,1,32,3,0,140,88,147,122,0,0,0,0,0,0,0,0,0,0,0,0,0,0,0,0,0
1,3,15,11,9,25,164,0,0,0,0,0,0,0,0,0,0,0,0,0,0,0,0,0,0,0,0,0,0,0,0
1,65,1,13,13,32,2,191,128,0,0,0,0,0,0,0,0,0,0,0,0,0,0,0,0,0,0,0,0,0,0
13,3,1,11,1,8,134,0,0,0,0,0,0,0,0,0,0,0,0,0,0,0,0,0,0,0,0,0,0,0,0
13,65,12,14,1,32,3,0,27,17,0,0,0,0,0,0,0,0,0,0,0,0,0,0,0,0,0,0,0,0,0
1,3,12,11,13,0,112,0,0,0,0,0,0,0,0,0,0,0,0,0,0,0,0,0,0,0,0,0,0,0,0
7,3,14,10,1,73,0,0,0,0,0,0,0,0,0,0,0,0,0,0,0,0,0,0,0,0,0,0,0,0,0
1,3,1,10,7,70,0,0,0,0,0,0,0,0,0,0,0,0,0,0,0,0,0,0,0,0,0,0,0,0,0
1,65,1,13,10,32,2,58,16,0,0,0,0,0,0,0,0,0,0,0,0,0,0,0,0,0,0,0,0,0,0
10,3,1,11,1,111,82,0,0,0,0,0,0,0,0,0,0,0,0,0,0,0,0,0,0,0,0,0,0,0,0
10,65,12,14,1,32,3,0,220,9,0,0,0,0,0,0,0,0,0,0,0,0,0,0,0,0,0,0,0,0,0
1,3,12,11,10,112,151,0,0,0,0,0,0,0,0,0,0,0,0,0,0,0,0,0,0,0,0,0,0,0,0
1,65,11,17,16,86,1,32,2,77,38,64,58,0,0,0,0,0,0,0,0,0,0,0,0,0,0,0,0,0,0
16,3,11,11,1,234,103,0,0,0,0,0,0,0,0,0,0,0,0,0,0,0,0,0,0,0,0,0,0,0,0
16,65,10,18,1,86,1,32,3,0,140,88,126,135,0,0,0,0,0,0,0,0,0,0,0,0,0,0,0,0,0
1,3,10,11,16,113,76,0,0,0,0,0,0,0,0,0,0,0,0,0,0,0,0,0,0,0,0,0,0,0,0
1,65,14,17,9,86,1,32,2,77,38,43,65,0,0,0,0,0,0,0,0,0,0,0,0,0,0,0,0,0,0
9,3,14,11,1,173,177,0,0,0,0,0,0,0,0,0,0,0,0,0,0,0,0,0,0,0,0,0,0,0,0
9,65,1,18,1,86,1,32,3,0,140,88,170,142,0,0,0,0,0,0,0,0,0,0,0,0,0,0,0,0,0
1,3,1,11,9,2,165,0,0,0,0,0,0,0,0,0,0,0,0,0,0,0,0,0,0,0,0,0,0,0,0
1,65,2,13,13,32,2,81,82,0,0,0,0,0,0,0,0,0,0,0,0,0,0,0,0,0,0,0,0,0,0
13,3,2,11,1,81,214,0,0,0,0,0,0,0,0,0,0,0,0,0,0,0,0,0,0,0,0,0,0,0,0
13,65,13,14,1,32,3,0,94,177,0,0,0,0,0,0,0,0,0,0,0,0,0,0,0,0,0,0,0,0,0
1,3,13,11,13,55,64,0,0,0,0,0,0,0,0,0,0,0,0,0,0,0,0,0,0,0,0,0,0,0,0
1,65,2,13,10,32,2,212,194,0,0,0,0,0,0,0,0,0,0,0,0,0,0,0,0,0,0,0,0,0,0
10,3,2,11,1,54,2,0,0,0,0,0,0,0,0,0,0,0,0,0,0,0,0,0,0,0,0,0,0,0,0
10,65,13,14,1,32,3,0,153,169,0,0,0,0,0,0,0,0,0,0,0,0,0,0,0,0,0,0,0,0,0
1,3,13,11,10,71,167,0,0,0,0,0,0,0,0,0,0,0,0,0,0,0,0,0,0,0,0,0,0,0,0
1,65,12,17,16,86,1,32,2,77,38,241,145,0,0,0,0,0,0,0,0,0,0,0,0,0,0,0,0,0,0
16,3,12,11,1,111,247,0,0,0,0,0,0,0,0,0,0,0,0,0,0,0,0,0,0,0,0,0,0,0,0
16,65,11,18,1,86,1,32,3,0,140,88,17,194,0,0,0,0,0,0,0,0,0,0,0,0,0,0,0,0,0
1,3,11,11,16,70,124,0,0,0,0,0,0,0,0,0,0,0,0,0,0,0,0,0,0,0,0,0,0,0,0
1,65,15,17,9,86,1,32,2,77,38,192,98,0,0,0,0,0,0,0,0,0,0,0,0,0,0,0,0,0,0
9,3,15,11,1,154,129,0,0,0,0,0,0,0,0,0,0,0,0,0,0,0,0,0,0,0,0,0,0,0,0
9,65,2,18,1,86,1,32,3,0,140,88,27,65,0,0,0,0,0,0,0,0,0,0,0,0,0,0,0,0,0
1,3,2,11,9,91,245,0,0,0,0,0,0,0,0,0,0,0,0,0,0,0,0,0,0,0,0,0,0,0,0
1,65,3,13,13,32,2,251,3,0,0,0,0,0,0,0,0,0,0,0,0,0,0,0,0,0,0,0,0,0,0
13,3,3,11,1,102,230,0,0,0,0,0,0,0,0,0,0,0,0,0,0,0,0,0,0,0,0,0,0,0,0
13,65,14,14,1,32,3,0,144,81,0,0,0,0,0,0,0,0,0,0,0,0,0,0,0,0,0,0,0,0,0
1,3,14,11,13,110,16,0,0,0,0,0,0,0,0,0,0,0,0,0,0,0,0,0,0,0,0,0,0,0,0
1,65,3,13,10,32,2,126,147,0,0,0,0,0,0,0,0,0,0,0,0,0,0,0,0,0,0,0,0,0,0
10,3,3,11,1,1,50,0,0,0,0,0,0,0,0,0,0,0,0,0,0,0,0,0,0,0,0,0,0,0,0
10,65,14,14,1,32,3,0,87,73,0,0,0,0,0,0,0,0,0,0,0,0,0,0,0,0,0,0,0,0,0
1,3,14,11,10,30,247,0,0,0,0,0,0,0,0,0,0,0,0,0,0,0,0,0,0,0,0,0,0,0,0
1,65,15,12,8,37,2,36,0,0,0,0,0,0,0,0,0,0,0,0,0,0,0,0,0,0,0,0,0,0,0
1,65,15,12,8,37,2,36,0,0,0,0,0,0,0,0,0,0,0,0,0,0,0,0,0,0,0,0,0,0,0
1,65,15,12,8,37,2,36,0,0,0,0,0,0,0,0,0,0,0,0,0,0,0,0,0,0,0,0,0,0,0
1,65,1,12,8,37,2,42,0,0,0,0,0,0,0,0,0,0,0,0,0,0,0,0,0,0,0,0,0,0,0
8,3,1,10,1,73,0,0,0,0,0,0,0,0,0,0,0,0,0,0,0,0,0,0,0,0,0,0,0,0,0
8,65,65,13,1,37,3,0,106,0,0,0,0,0,0,0,0,0,0,0,0,0,0,0,0,0,0,0,0,0,0
1,3,1,10,8,73,0,0,0,0,0,0,0,0,0,0,0,0,0,0,0,0,0,0,0,0,0,0,0,0,0
11,65,1,12,1,132,7,141,0,0,0,0,0,0,0,0,0,0,0,0,0,0,0,0,0,0,0,0,0,0,0
1,3,1,10,11,74,0,0,0,0,0,0,0,0,0,0,0,0,0,0,0,0,0,0,0,0,0,0,0,0,0
1,65,2,12,11,132,8,129,0,0,0,0,0,0,0,0,0,0,0,0,0,0,0,0,0,0,0,0,0,0,0
11,3,2,10,1,73,0,0,0,0,0,0,0,0,0,0,0,0,0,0,0,0,0,0,0,0,0,0,0,0,0
12,65,1,12,1,132,7,138,0,0,0,0,0,0,0,0,0,0,0,0,0,0,0,0,0,0,0,0,0,0,0
1,3,1,10,12,77,0,0,0,0,0,0,0,0,0,0,0,0,0,0,0,0,0,0,0,0,0,0,0,0,0
1,65,3,12,12,132,8,135,0,0,0,0,0,0,0,0,0,0,0,0,0,0,0,0,0,0,0,0,0,0,0
12,3,3,10,1,79,0,0,0,0,0,0,0,0,0,0,0,0,0,0,0,0,0,0,0,0,0,0,0,0,0
1,65,13,17,16,86,1,32,2,77,38,26,178,0,0,0,0,0,0,0,0,0,0,0,0,0,0,0,0,0,0
16,3,13,11,1,88,199,0,0,0,0,0,0,0,0,0,0,0,0,0,0,0,0,0,0,0,0,0,0,0,0
16,65,12,18,1,86,1,32,3,0,140,88,13,56,0,0,0,0,0,0,0,0,0,0,0,0,0,0,0,0,0
1,3,12,11,16,195,236,0,0,0,0,0,0,0,0,0,0,0,0,0,0,0,0,0,0,0,0,0,0,0,0
10,65,15,33,1,86,1,96,13,1,0,50,2,33,68,0,0,0,0,0,0,0,0,0,0,7,90,50,201,0,0
1,3,15,11,10,41,199,0,0,0,0,0,0,0,0,0,0,0,0,0,0,0,0,0,0,0,0,0,0,0,0
10,65,1,33,1,86,1,96,13,2,0,50,2,33,68,0,0,0,16,0,0,0,0,0,0,216,108,178,178,0,0
1,3,1,11,10,50,198,0,0,0,0,0,0,0,0,0,0,0,0,0,0,0,0,0,0,0,0,0,0,0,0
1,65,1,17,9,86,1,32,2,77,38,179,21,0,0,0,0,0,0,0,0,0,0,0,0,0,0,0,0,0,0
9,3,1,11,1,129,128,0,0,0,0,0,0,0,0,0,0,0,0,0,0,0,0,0,0,0,0,0,0,0,0
9,65,3,18,1,86,1,32,3,0,140,88,116,4,0,0,0,0,0,0,0,0,0,0,0,0,0,0,0,0,0
1,3,3,11,9,108,197,0,0,0,0,0,0,0,0,0,0,0,0,0,0,0,0,0,0,0,0,0,0,0,0
10,65,2,29,1,86,1,96,13,1,0,50,2,33,50,0,0,0,0,0,0,202,252,8,171,0,0,0,0,0,0
1,3,2,11,10,107,150,0,0,0,0,0,0,0,0,0,0,0,0,0,0,0,0,0,0,0,0,0,0,0,0
10,65,3,29,1,86,1,96,13,2,0,50,2,33,50,0,0,0,0,0,0,207,99,221,93,0,0,0,0,0,0
1,3,3,11,10,92,166,0,0,0,0,0,0,0,0,0,0,0,0,0,0,0,0,0,0,0,0,0,0,0,0
17,65,1,17,1,49,5,1,42,2,130,237,219,0,0,0,0,0,0,0,0,0,0,0,0,0,0,0,0,0,0
1,3,1,11,17,145,156,0,0,0,0,0,0,0,0,0,0,0,0,0,0,0,0,0,0,0,0,0,0,0,0
17,65,2,16,1,49,5,5,1,24,247,249,0,0,0,0,0,0,0,0,0,0,0,0,0,0,0,0,0,0,0
1,3,2,11,17,200,204,0,0,0,0,0,0,0,0,0,0,0,0,0,0,0,0,0,0,0,0,0,0,0,0
17,65,3,17,1,49,5,3,10,0,49,177,200,0,0,0,0,0,0,0,0,0,0,0,0,0,0,0,0,0,0
1,3,3,11,17,255,252,0,0,0,0,0,0,0,0,0,0,0,0,0,0,0,0,0,0,0,0,0,0,0,0
17,65,4,16,1,49,5,27,1,0,188,105,0,0,0,0,0,0,0,0,0,0,0,0,0,0,0,0,0,0,0
1,3,4,11,17,122,108,0,0,0,0,0,0,0,0,0,0,0,0,0,0,0,0,0,0,0,0,0,0,0,0
17,65,5,13,1,132,7,245,131,0,0,0,0,0,0,0,0,0,0,0,0,0,0,0,0,0,0,0,0,0,0
1,3,5,11,17,77,92,0,0,0,0,0,0,0,0,0,0,0,0,0,0,0,0,0,0,0,0,0,0,0,0
1,65,4,13,17,132,8,218,37,0,0,0,0,0,0,0,0,0,0,0,0,0,0,0,0,0,0,0,0,0,0
17,3,4,11,1,108,7,0,0,0,0,0,0,0,0,0,0,0,0,0,0,0,0,0,0,0,0,0,0,0,0
1,65,5,13,13,32,2,54,134,0,0,0,0,0,0,0,0,0,0,0,0,0,0,0,0,0,0,0,0,0,0
13,3,5,11,1,212,70,0,0,0,0,0,0,0,0,0,0,0,0,0,0,0,0,0,0,0,0,0,0,0,0
13,65,15,14,1,32,3,0,213,241,0,0,0,0,0,0,0,0,0,0,0,0,0,0,0,0,0,0,0,0,0
1,3,15,11,13,89,32,0,0,0,0,0,0,0,0,0,0,0,0,0,0,0,0,0,0,0,0,0,0,0,0
1,65,4,12,15,49,4,58,0,0,0,0,0,0,0,0,0,0,0,0,0,0,0,0,0,0,0,0,0,0,0
1,65,4,12,15,49,4,58,0,0,0,0,0,0,0,0,0,0,0,0,0,0,0,0,0,0,0,0,0,0,0
1,65,4,12,15,49,4,58,0,0,0,0,0,0,0,0,0,0,0,0,0,0,0,0,0,0,0,0,0,0,0
1,129,15,16,15,0,32,16,13,49,4,208,0,0,0,0,0,0,0,0,0,0,0,0,0,0,0,0,0,0,0
1,129,15,16,15,0,33,16,13,49,4,209,0,0,0,0,0,0,0,0,0,0,0,0,0,0,0,0,0,0,0
1,129,15,16,15,0,34,16,13,49,4,210,0,0,0,0,0,0,0,0,0,0,0,0,0,0,0,0,0,0,0
1,129,15,16,15,0,34,16,13,49,4,210,0,0,0,0,0,0,0,0,0,0,0,0,0,0,0,0,0,0,0
1,129,15,16,15,0,34,16,13,49,4,210,0,0,0,0,0,0,0,0,0,0,0,0,0,0,0,0,0,0,0
15,129,15,14,1,37,32,16,13,222,0,0,0,0,0,0,0,0,0,0,0,0,0,0,0,0,0,0,0,0,0
15,193,15,14,1,37,47,16,13,145,0,0,0,0,0,0,0,0,0,0,0,0,0,0,0,0,0,0,0,0,0
1,3,15,10,16,95,0,0,0,0,0,0,0,0,0,0,0,0,0,0,0,0,0,0,0,0,0,0,0,0,0
1,129,1,16,15,0,32,16,9,49,4,218,0,0,0,0,0,0,0,0,0,0,0,0,0,0,0,0,0,0,0
1,129,1,16,15,0,33,16,9,49,4,219,0,0,0,0,0,0,0,0,0,0,0,0,0,0,0,0,0,0,0
1,129,1,16,15,0,34,16,9,49,4,216,0,0,0,0,0,0,0,0,0,0,0,0,0,0,0,0,0,0,0
1,129,1,16,15,0,34,16,9,49,4,216,0,0,0,0,0,0,0,0,0,0,0,0,0,0,0,0,0,0,0
1,129,1,16,15,0,34,16,9,49,4,216,0,0,0,0,0,0,0,0,0,0,0,0,0,0,0,0,0,0,0
15,129,1,14,1,37,32,16,9,212,0,0,0,0,0,0,0,0,0,0,0,0,0,0,0,0,0,0,0,0,0
15,193,1,14,1,37,47,16,9,155,0,0,0,0,0,0,0,0,0,0,0,0,0,0,0,0,0,0,0,0,0
1,3,1,10,16,81,0,0,0,0,0,0,0,0,0,0,0,0,0,0,0,0,0,0,0,0,0,0,0,0,0
1,129,2,15,15,0,16,13,49,4,226,0,0,0,0,0,0,0,0,0,0,0,0,0,0,0,0,0,0,0,0
1,129,2,15,15,0,17,13,49,4,227,0,0,0,0,0,0,0,0,0,0,0,0,0,0,0,0,0,0,0,0
1,129,2,15,15,0,17,13,49,4,227,0,0,0,0,0,0,0,0,0,0,0,0,0,0,0,0,0,0,0,0
1,129,2,15,15,0,17,13,49,4,227,0,0,0,0,0,0,0,0,0,0,0,0,0,0,0,0,0,0,0,0
15,193,2,13,1,21,31,13,143,0,0,0,0,0,0,0,0,0,0,0,0,0,0,0,0,0,0,0,0,0,0
1,3,2,10,13,79,0,0,0,0,0,0,0,0,0,0,0,0,0,0,0,0,0,0,0,0,0,0,0,0,0
1,129,3,16,15,0,32,13,10,49,4,198,0,0,0,0,0,0,0,0,0,0,0,0,0,0,0,0,0,0,0
1,129,3,16,15,0,33,13,10,49,4,199,0,0,0,0,0,0,0,0,0,0,0,0,0,0,0,0,0,0,0
1,129,3,16,15,0,34,13,10,49,4,196,0,0,0,0,0,0,0,0,0,0,0,0,0,0,0,0,0,0,0
1,129,3,16,15,0,34,13,10,49,4,196,0,0,0,0,0,0,0,0,0,0,0,0,0,0,0,0,0,0,0
1,129,3,16,15,0,34,13,10,49,4,196,0,0,0,0,0,0,0,0,0,0,0,0,0,0,0,0,0,0,0
15,129,3,14,1,37,32,13,10,200,0,0,0,0,0,0,0,0,0,0,0,0,0,0,0,0,0,0,0,0,0
15,193,3,14,1,37,47,13,10,135,0,0,0,0,0,0,0,0,0,0,0,0,0,0,0,0,0,0,0,0,0
1,3,3,10,13,78,0,0,0,0,0,0,0,0,0,0,0,0,0,0,0,0,0,0,0,0,0,0,0,0,0
1,129,4,15,15,0,16,10,49,4,227,0,0,0,0,0,0,0,0,0,0,0,0,0,0,0,0,0,0,0,0
1,129,4,15,15,0,17,10,49,4,226,0,0,0,0,0,0,0,0,0,0,0,0,0,0,0,0,0,0,0,0
1,129,4,15,15,0,17,10,49,4,226,0,0,0,0,0,0,0,0,0,0,0,0,0,0,0,0,0,0,0,0
1,129,4,15,15,0,17,10,49,4,226,0,0,0,0,0,0,0,0,0,0,0,0,0,0,0,0,0,0,0,0
15,193,4,13,1,21,31,10,142,0,0,0,0,0,0,0,0,0,0,0,0,0,0,0,0,0,0,0,0,0,0
1,3,4,10,10,78,0,0,0,0,0,0,0,0,0,0,0,0,0,0,0,0,0,0,0,0,0,0,0,0,0
1,65,5,12,15,49,4,59,0,0,0,0,0,0,0,0,0,0,0,0,0,0,0,0,0,0,0,0,0,0,0
1,65,5,12,15,49,4,59,0,0,0,0,0,0,0,0,0,0,0,0,0,0,0,0,0,0,0,0,0,0,0
1,65,5,12,15,49,4,59,0,0,0,0,0,0,0,0,0,0,0,0,0,0,0,0,0,0,0,0,0,0,0
1,69,5,20,15,32,0,250,64,0,0,0,0,49,4,189,0,0,0,0,0,0,0,0,0,0,0,0,0,0,0
1,69,5,20,15,32,0,250,49,10,0,0,0,49,4,198,0,0,0,0,0,0,0,0,0,0,0,0,0,0,0
1,69,5,20,15,32,0,250,49,16,0,0,0,49,4,220,0,0,0,0,0,0,0,0,0,0,0,0,0,0,0
1,69,5,20,15,32,0,250,49,13,0,0,0,49,4,193,0,0,0,0,0,0,0,0,0,0,0,0,0,0,0
1,69,5,20,15,32,0,250,49,18,0,0,0,49,4,222,0,0,0,0,0,0,0,0,0,0,0,0,0,0,0
1,69,5,20,15,32,0,250,49,9,0,0,0,49,4,197,0,0,0,0,0,0,0,0,0,0,0,0,0,0,0
1,65,5,13,10,32,2,179,22,0,0,0,0,0,0,0,0,0,0,0,0,0,0,0,0,0,0,0,0,0,0
10,3,5,11,1,179,146,0,0,0,0,0,0,0,0,0,0,0,0,0,0,0,0,0,0,0,0,0,0,0,0
10,65,4,14,1,32,3,0,209,75,0,0,0,0,0,0,0,0,0,0,0,0,0,0,0,0,0,0,0,0,0
1,3,4,11,10,217,54,0,0,0,0,0,0,0,0,0,0,0,0,0,0,0,0,0,0,0,0,0,0,0,0
1,65,15,17,16,86,1,32,2,77,38,220,213,0,0,0,0,0,0,0,0,0,0,0,0,0,0,0,0,0,0
16,3,15,11,1,54,167,0,0,0,0,0,0,0,0,0,0,0,0,0,0,0,0,0,0,0,0,0,0,0,0
16,65,13,18,1,86,1,32,3,0,140,88,98,125,0,0,0,0,0,0,0,0,0,0,0,0,0,0,0,0,0
1,3,13,11,16,244,220,0,0,0,0,0,0,0,0,0,0,0,0,0,0,0,0,0,0,0,0,0,0,0,0
1,65,3,17,9,86,1,32,2,77,38,117,114,0,0,0,0,0,0,0,0,0,0,0,0,0,0,0,0,0,0
9,3,3,11,1,239,224,0,0,0,0,0,0,0,0,0,0,0,0,0,0,0,0,0,0,0,0,0,0,0,0
9,65,4,18,1,86,1,32,3,0,140,88,104,254,0,0,0,0,0,0,0,0,0,0,0,0,0,0,0,0,0
1,3,4,11,9,233,85,0,0,0,0,0,0,0,0,0,0,0,0,0,0,0,0,0,0,0,0,0,0,0,0
1,65,6,13,13,32,2,216,84,0,0,0,0,0,0,0,0,0,0,0,0,0,0,0,0,0,0,0,0,0,0
13,3,6,11,1,141,22,0,0,0,0,0,0,0,0,0,0,0,0,0,0,0,0,0,0,0,0,0,0,0,0
13,65,1,14,1,32,3,0,85,82,0,0,0,0,0,0,0,0,0,0,0,0,0,0,0,0,0,0,0,0,0
1,3,1,11,13,66,33,0,0,0,0,0,0,0,0,0,0,0,0,0,0,0,0,0,0,0,0,0,0,0,0
7,3,7,10,1,64,0,0,0,0,0,0,0,0,0,0,0,0,0,0,0,0,0,0,0,0,0,0,0,0,0
1,3,1,10,7,70,0,0,0,0,0,0,0,0,0,0,0,0,0,0,0,0,0,0,0,0,0,0,0,0,0
1,65,9,13,10,32,2,56,61,0,0,0,0,0,0,0,0,0,0,0,0,0,0,0,0,0,0,0,0,0,0
10,3,9,11,1,198,243,0,0,0,0,0,0,0,0,0,0,0,0,0,0,0,0,0,0,0,0,0,0,0,0
10,65,5,14,1,32,3,0,148,235,0,0,0,0,0,0,0,0,0,0,0,0,0,0,0,0,0,0,0,0,0
1,3,5,11,10,238,6,0,0,0,0,0,0,0,0,0,0,0,0,0,0,0,0,0,0,0,0,0,0,0,0
1,65,4,17,16,86,1,32,2,77,38,216,110,0,0,0,0,0,0,0,0,0,0,0,0,0,0,0,0,0,0
16,3,4,11,1,198,86,0,0,0,0,0,0,0,0,0,0,0,0,0,0,0,0,0,0,0,0,0,0,0,0
16,65,14,18,1,86,1,32,3,0,140,88,211,178,0,0,0,0,0,0,0,0,0,0,0,0,0,0,0,0,0
1,3,14,11,16,173,140,0,0,0,0,0,0,0,0,0,0,0,0,0,0,0,0,0,0,0,0,0,0,0,0
1,65,7,17,9,86,1,32,2,77,38,233,157,0,0,0,0,0,0,0,0,0,0,0,0,0,0,0,0,0,0
9,3,7,11,1,51,32,0,0,0,0,0,0,0,0,0,0,0,0,0,0,0,0,0,0,0,0,0,0,0,0
9,65,5,18,1,86,1,32,3,0,140,88,7,187,0,0,0,0,0,0,0,0,0,0,0,0,0,0,0,0,0
1,3,5,11,9,222,101,0,0,0,0,0,0,0,0,0,0,0,0,0,0,0,0,0,0,0,0,0,0,0,0
1,65,11,13,13,32,2,249,46,0,0,0,0,0,0,0,0,0,0,0,0,0,0,0,0,0,0,0,0,0,0
13,3,11,11,1,207,71,0,0,0,0,0,0,0,0,0,0,0,0,0,0,0,0,0,0,0,0,0,0,0,0
13,65,2,14,1,32,3,0,155,178,0,0,0,0,0,0,0,0,0,0,0,0,0,0,0,0,0,0,0,0,0
1,3,2,11,13,27,113,0,0,0,0,0,0,0,0,0,0,0,0,0,0,0,0,0,0,0,0,0,0,0,0
1,65,10,13,10,32,2,214,239,0,0,0,0,0,0,0,0,0,0,0,0,0,0,0,0,0,0,0,0,0,0
10,3,10,11,1,159,163,0,0,0,0,0,0,0,0,0,0,0,0,0,0,0,0,0,0,0,0,0,0,0,0
10,65,6,14,1,32,3,0,90,11,0,0,0,0,0,0,0,0,0,0,0,0,0,0,0,0,0,0,0,0,0
1,3,6,11,10,183,86,0,0,0,0,0,0,0,0,0,0,0,0,0,0,0,0,0,0,0,0,0,0,0,0
1,65,5,17,16,86,1,32,2,77,38,51,77,0,0,0,0,0,0,0,0,0,0,0,0,0,0,0,0,0,0
16,3,5,11,1,241,102,0,0,0,0,0,0,0,0,0,0,0,0,0,0,0,0,0,0,0,0,0,0,0,0
16,65,15,18,1,86,1,32,3,0,140,88,188,247,0,0,0,0,0,0,0,0,0,0,0,0,0,0,0,0,0
1,3,15,11,16,154,188,0,0,0,0,0,0,0,0,0,0,0,0,0,0,0,0,0,0,0,0,0,0,0,0
1,65,8,17,9,86,1,32,2,77,38,113,201,0,0,0,0,0,0,0,0,0,0,0,0,0,0,0,0,0,0
9,3,8,11,1,31,17,0,0,0,0,0,0,0,0,0,0,0,0,0,0,0,0,0,0,0,0,0,0,0,0
9,65,6,18,1,86,1,32,3,0,140,88,182,116,0,0,0,0,0,0,0,0,0,0,0,0,0,0,0,0,0
1,3,6,11,9,135,53,0,0,0,0,0,0,0,0,0,0,0,0,0,0,0,0,0,0,0,0,0,0,0,0
1,65,12,13,13,32,2,158,250,0,0,0,0,0,0,0,0,0,0,0,0,0,0,0,0,0,0,0,0,0,0
13,3,12,11,1,74,215,0,0,0,0,0,0,0,0,0,0,0,0,0,0,0,0,0,0,0,0,0,0,0,0
13,65,3,14,1,32,3,0,222,18,0,0,0,0,0,0,0,0,0,0,0,0,0,0,0,0,0,0,0,0,0
1,3,3,11,13,44,65,0,0,0,0,0,0,0,0,0,0,0,0,0,0,0,0,0,0,0,0,0,0,0,0
1,65,10,13,10,32,2,214,239,0,0,0,0,0,0,0,0,0,0,0,0,0,0,0,0,0,0,0,0,0,0
10,3,10,11,1,159,163,0,0,0,0,0,0,0,0,0,0,0,0,0,0,0,0,0,0,0,0,0,0,0,0
10,65,7,14,1,32,3,0,31,171,0,0,0,0,0,0,0,0,0,0,0,0,0,0,0,0,0,0,0,0,0
1,3,7,11,10,128,102,0,0,0,0,0,0,0,0,0,0,0,0,0,0,0,0,0,0,0,0,0,0,0,0
1,65,5,17,16,86,1,32,2,77,38,51,77,0,0,0,0,0,0,0,0,0,0,0,0,0,0,0,0,0,0
16,3,5,11,1,241,102,0,0,0,0,0,0,0,0,0,0,0,0,0,0,0,0,0,0,0,0,0,0,0,0
16,65,1,18,1,86,1,32,3,0,140,88,133,3,0,0,0,0,0,0,0,0,0,0,0,0,0,0,0,0,0
1,3,1,11,16,129,189,0,0,0,0,0,0,0,0,0,0,0,0,0,0,0,0,0,0,0,0,0,0,0,0
17,65,1,17,1,49,5,1,42,2,136,76,145,0,0,0,0,0,0,0,0,0,0,0,0,0,0,0,0,0,0
1,3,1,11,17,145,156,0,0,0,0,0,0,0,0,0,0,0,0,0,0,0,0,0,0,0,0,0,0,0,0
17,65,2,16,1,49,5,5,1,23,6,22,0,0,0,0,0,0,0,0,0,0,0,0,0,0,0,0,0,0,0
1,3,2,11,17,200,204,0,0,0,0,0,0,0,0,0,0,0,0,0,0,0,0,0,0,0,0,0,0,0,0
10,65,8,33,1,86,1,96,13,1,0,50,2,33,68,0,0,0,0,0,0,0,0,0,0,7,90,250,228,0,0
1,3,8,11,10,172,87,0,0,0,0,0,0,0,0,0,0,0,0,0,0,0,0,0,0,0,0,0,0,0,0
17,65,3,17,1,49,5,3,10,0,28,68,7,0,0,0,0,0,0,0,0,0,0,0,0,0,0,0,0,0,0
1,3,3,11,17,255,252,0,0,0,0,0,0,0,0,0,0,0,0,0,0,0,0,0,0,0,0,0,0,0,0
17,65,4,16,1,49,5,27,1,0,188,105,0,0,0,0,0,0,0,0,0,0,0,0,0,0,0,0,0,0,0
1,3,4,11,17,122,108,0,0,0,0,0,0,0,0,0,0,0,0,0,0,0,0,0,0,0,0,0,0,0,0
17,65,5,13,1,132,7,245,131,0,0,0,0,0,0,0,0,0,0,0,0,0,0,0,0,0,0,0,0,0,0
1,3,5,11,17,77,92,0,0,0,0,0,0,0,0,0,0,0,0,0,0,0,0,0,0,0,0,0,0,0,0
1,65,8,13,17,132,8,81,14,0,0,0,0,0,0,0,0,0,0,0,0,0,0,0,0,0,0,0,0,0,0
17,3,8,11,1,25,102,0,0,0,0,0,0,0,0,0,0,0,0,0,0,0,0,0,0,0,0,0,0,0,0
1,65,9,17,9,86,1,32,2,77,38,154,234,0,0,0,0,0,0,0,0,0,0,0,0,0,0,0,0,0,0
9,3,9,11,1,40,33,0,0,0,0,0,0,0,0,0,0,0,0,0,0,0,0,0,0,0,0,0,0,0,0
9,65,7,18,1,86,1,32,3,0,140,88,217,49,0,0,0,0,0,0,0,0,0,0,0,0,0,0,0,0,0
1,3,7,11,9,176,5,0,0,0,0,0,0,0,0,0,0,0,0,0,0,0,0,0,0,0,0,0,0,0,0
10,65,9,33,1,86,1,96,13,2,0,50,2,33,68,0,0,0,17,0,0,0,0,0,0,96,13,191,80,0,0
1,3,9,11,10,155,103,0,0,0,0,0,0,0,0,0,0,0,0,0,0,0,0,0,0,0,0,0,0,0,0
10,65,10,29,1,86,1,96,13,1,0,50,2,33,50,0,0,0,0,0,0,202,252,199,221,0,0,0,0,0,0
1,3,10,11,10,194,55,0,0,0,0,0,0,0,0,0,0,0,0,0,0,0,0,0,0,0,0,0,0,0,0
10,65,11,29,1,86,1,96,13,2,0,50,2,33,50,0,0,0,0,0,0,207,99,18,43,0,0,0,0,0,0
1,3,11,11,10,245,7,0,0,0,0,0,0,0,0,0,0,0,0,0,0,0,0,0,0,0,0,0,0,0,0
1,65,13,13,13,32,2,52,171,0,0,0,0,0,0,0,0,0,0,0,0,0,0,0,0,0,0,0,0,0,0
13,3,13,11,1,125,231,0,0,0,0,0,0,0,0,0,0,0,0,0,0,0,0,0,0,0,0,0,0,0,0
13,65,4,14,1,32,3,0,22,83,0,0,0,0,0,0,0,0,0,0,0,0,0,0,0,0,0,0,0,0,0
1,3,4,11,13,169,209,0,0,0,0,0,0,0,0,0,0,0,0,0,0,0,0,0,0,0,0,0,0,0,0
11,65,1,12,1,132,7,141,0,0,0,0,0,0,0,0,0,0,0,0,0,0,0,0,0,0,0,0,0,0,0
1,3,1,10,11,74,0,0,0,0,0,0,0,0,0,0,0,0,0,0,0,0,0,0,0,0,0,0,0,0,0
1,65,8,12,11,132,8,139,0,0,0,0,0,0,0,0,0,0,0,0,0,0,0,0,0,0,0,0,0,0,0
11,3,8,10,1,67,0,0,0,0,0,0,0,0,0,0,0,0,0,0,0,0,0,0,0,0,0,0,0,0,0
12,65,1,12,1,132,7,138,0,0,0,0,0,0,0,0,0,0,0,0,0,0,0,0,0,0,0,0,0,0,0
1,3,1,10,12,77,0,0,0,0,0,0,0,0,0,0,0,0,0,0,0,0,0,0,0,0,0,0,0,0,0
1,65,9,12,12,132,8,141,0,0,0,0,0,0,0,0,0,0,0,0,0,0,0,0,0,0,0,0,0,0,0
12,3,9,10,1,69,0,0,0,0,0,0,0,0,0,0,0,0,0,0,0,0,0,0,0,0,0,0,0,0,0
1,65,12,13,10,32,2,27,106,0,0,0,0,0,0,0,0,0,0,0,0,0,0,0,0,0,0,0,0,0,0
10,3,12,11,1,45,3,0,0,0,0,0,0,0,0,0,0,0,0,0,0,0,0,0,0,0,0,0,0,0,0
10,65,12,14,1,32,3,0,220,9,0,0,0,0,0,0,0,0,0,0,0,0,0,0,0,0,0,0,0,0,0
1,3,12,11,10,112,151,0,0,0,0,0,0,0,0,0,0,0,0,0,0,0,0,0,0,0,0,0,0,0,0
1,65,7,17,16,86,1,32,2,77,38,245,42,0,0,0,0,0,0,0,0,0,0,0,0,0,0,0,0,0,0
16,3,7,11,1,159,6,0,0,0,0,0,0,0,0,0,0,0,0,0,0,0,0,0,0,0,0,0,0,0,0
16,65,2,18,1,86,1,32,3,0,140,88,52,204,0,0,0,0,0,0,0,0,0,0,0,0,0,0,0,0,0
1,3,2,11,16,216,237,0,0,0,0,0,0,0,0,0,0,0,0,0,0,0,0,0,0,0,0,0,0,0,0
1,65,10,17,9,86,1,32,2,77,38,183,174,0,0,0,0,0,0,0,0,0,0,0,0,0,0,0,0,0,0
9,3,10,11,1,113,113,0,0,0,0,0,0,0,0,0,0,0,0,0,0,0,0,0,0,0,0,0,0,0,0
9,65,8,18,1,86,1,32,3,0,140,88,143,128,0,0,0,0,0,0,0,0,0,0,0,0,0,0,0,0,0
1,3,8,11,9,156,52,0,0,0,0,0,0,0,0,0,0,0,0,0,0,0,0,0,0,0,0,0,0,0,0
1,65,14,13,13,32,2,218,121,0,0,0,0,0,0,0,0,0,0,0,0,0,0,0,0,0,0,0,0,0,0
13,3,14,11,1,36,183,0,0,0,0,0,0,0,0,0,0,0,0,0,0,0,0,0,0,0,0,0,0,0,0
13,65,5,14,1,32,3,0,83,243,0,0,0,0,0,0,0,0,0,0,0,0,0,0,0,0,0,0,0,0,0
1,3,5,11,13,158,225,0,0,0,0,0,0,0,0,0,0,0,0,0,0,0,0,0,0,0,0,0,0,0,0
7,3,11,10,1,76,0,0,0,0,0,0,0,0,0,0,0,0,0,0,0,0,0,0,0,0,0,0,0,0,0
1,3,1,10,7,70,0,0,0,0,0,0,0,0,0,0,0,0,0,0,0,0,0,0,0,0,0,0,0,0,0
1,65,12,13,10,32,2,27,106,0,0,0,0,0,0,0,0,0,0,0,0,0,0,0,0,0,0,0,0,0,0
10,3,12,11,1,45,3,0,0,0,0,0,0,0,0,0,0,0,0,0,0,0,0,0,0,0,0,0,0,0,0
10,65,13,14,1,32,3,0,153,169,0,0,0,0,0,0,0,0,0,0,0,0,0,0,0,0,0,0,0,0,0
1,3,13,11,10,71,167,0,0,0,0,0,0,0,0,0,0,0,0,0,0,0,0,0,0,0,0,0,0,0,0
1,65,7,17,16,86,1,32,2,77,38,245,42,0,0,0,0,0,0,0,0,0,0,0,0,0,0,0,0,0,0
16,3,7,11,1,159,6,0,0,0,0,0,0,0,0,0,0,0,0,0,0,0,0,0,0,0,0,0,0,0,0
16,65,3,18,1,86,1,32,3,0,140,88,91,137,0,0,0,0,0,0,0,0,0,0,0,0,0,0,0,0,0
1,3,3,11,16,239,221,0,0,0,0,0,0,0,0,0,0,0,0,0,0,0,0,0,0,0,0,0,0,0,0
1,65,10,17,9,86,1,32,2,77,38,183,174,0,0,0,0,0,0,0,0,0,0,0,0,0,0,0,0,0,0
9,3,10,11,1,113,113,0,0,0,0,0,0,0,0,0,0,0,0,0,0,0,0,0,0,0,0,0,0,0,0
9,65,9,18,1,86,1,32,3,0,140,88,224,197,0,0,0,0,0,0,0,0,0,0,0,0,0,0,0,0,0
1,3,9,11,9,171,4,0,0,0,0,0,0,0,0,0,0,0,0,0,0,0,0,0,0,0,0,0,0,0,0
1,65,14,13,13,32,2,218,121,0,0,0,0,0,0,0,0,0,0,0,0,0,0,0,0,0,0,0,0,0,0
13,3,14,11,1,36,183,0,0,0,0,0,0,0,0,0,0,0,0,0,0,0,0,0,0,0,0,0,0,0,0
13,65,6,14,1,32,3,0,157,19,0,0,0,0,0,0,0,0,0,0,0,0,0,0,0,0,0,0,0,0,0
1,3,6,11,13,199,177,0,0,0,0,0,0,0,0,0,0,0,0,0,0,0,0,0,0,0,0,0,0,0,0
1,65,1,13,10,32,2,58,16,0,0,0,0,0,0,0,0,0,0,0,0,0,0,0,0,0,0,0,0,0,0
10,3,1,11,1,111,82,0,0,0,0,0,0,0,0,0,0,0,0,0,0,0,0,0,0,0,0,0,0,0,0
10,65,14,14,1,32,3,0,87,73,0,0,0,0,0,0,0,0,0,0,0,0,0,0,0,0,0,0,0,0,0
1,3,14,11,10,30,247,0,0,0,0,0,0,0,0,0,0,0,0,0,0,0,0,0,0,0,0,0,0,0,0
1,65,11,17,16,86,1,32,2,77,38,64,58,0,0,0,0,0,0,0,0,0,0,0,0,0,0,0,0,0,0
16,3,11,11,1,234,103,0,0,0,0,0,0,0,0,0,0,0,0,0,0,0,0,0,0,0,0,0,0,0,0
16,65,4,18,1,86,1,32,3,0,140,88,71,115,0,0,0,0,0,0,0,0,0,0,0,0,0,0,0,0,0
1,3,4,11,16,106,77,0,0,0,0,0,0,0,0,0,0,0,0,0,0,0,0,0,0,0,0,0,0,0,0
1,65,14,17,9,86,1,32,2,77,38,43,65,0,0,0,0,0,0,0,0,0,0,0,0,0,0,0,0,0,0
9,3,14,11,1,173,177,0,0,0,0,0,0,0,0,0,0,0,0,0,0,0,0,0,0,0,0,0,0,0,0
9,65,10,18,1,86,1,32,3,0,140,88,81,10,0,0,0,0,0,0,0,0,0,0,0,0,0,0,0,0,0
1,3,10,11,9,242,84,0,0,0,0,0,0,0,0,0,0,0,0,0,0,0,0,0,0,0,0,0,0,0,0
1,65,3,13,13,32,2,251,3,0,0,0,0,0,0,0,0,0,0,0,0,0,0,0,0,0,0,0,0,0,0
13,3,3,11,1,102,230,0,0,0,0,0,0,0,0,0,0,0,0,0,0,0,0,0,0,0,0,0,0,0,0
13,65,7,14,1,32,3,0,216,179,0,0,0,0,0,0,0,0,0,0,0,0,0,0,0,0,0,0,0,0,0
1,3,7,11,13,240,129,0,0,0,0,0,0,0,0,0,0,0,0,0,0,0,0,0,0,0,0,0,0,0,0
1,65,2,13,10,32,2,212,194,0,0,0,0,0,0,0,0,0,0,0,0,0,0,0,0,0,0,0,0,0,0
10,3,2,11,1,54,2,0,0,0,0,0,0,0,0,0,0,0,0,0,0,0,0,0,0,0,0,0,0,0,0
10,65,15,14,1,32,3,0,18,233,0,0,0,0,0,0,0,0,0,0,0,0,0,0,0,0,0,0,0,0,0
1,3,15,11,10,41,199,0,0,0,0,0,0,0,0,0,0,0,0,0,0,0,0,0,0,0,0,0,0,0,0
1,65,12,12,8,37,2,39,0,0,0,0,0,0,0,0,0,0,0,0,0,0,0,0,0,0,0,0,0,0,0
1,65,12,12,8,37,2,39,0,0,0,0,0,0,0,0,0,0,0,0,0,0,0,0,0,0,0,0,0,0,0
1,65,12,12,8,37,2,39,0,0,0,0,0,0,0,0,0,0,0,0,0,0,0,0,0,0,0,0,0,0,0
1,65,13,12,8,37,2,38,0,0,0,0,0,0,0,0,0,0,0,0,0,0,0,0,0,0,0,0,0,0,0
8,3,13,10,1,69,0,0,0,0,0,0,0,0,0,0,0,0,0,0,0,0,0,0,0,0,0,0,0,0,0
8,65,65,13,1,37,3,0,106,0,0,0,0,0,0,0,0,0,0,0,0,0,0,0,0,0,0,0,0,0,0
1,3,1,10,8,73,0,0,0,0,0,0,0,0,0,0,0,0,0,0,0,0,0,0,0,0,0,0,0,0,0
17,65,1,17,1,49,5,1,42,2,139,124,242,0,0,0,0,0,0,0,0,0,0,0,0,0,0,0,0,0,0
1,3,1,11,17,145,156,0,0,0,0,0,0,0,0,0,0,0,0,0,0,0,0,0,0,0,0,0,0,0,0
17,65,2,16,1,49,5,5,1,23,6,22,0,0,0,0,0,0,0,0,0,0,0,0,0,0,0,0,0,0,0
1,3,2,11,17,200,204,0,0,0,0,0,0,0,0,0,0,0,0,0,0,0,0,0,0,0,0,0,0,0,0
17,65,3,17,1,49,5,3,10,0,6,247,124,0,0,0,0,0,0,0,0,0,0,0,0,0,0,0,0,0,0
1,3,3,11,17,255,252,0,0,0,0,0,0,0,0,0,0,0,0,0,0,0,0,0,0,0,0,0,0,0,0
17,65,4,16,1,49,5,27,1,0,188,105,0,0,0,0,0,0,0,0,0,0,0,0,0,0,0,0,0,0,0
1,3,4,11,17,122,108,0,0,0,0,0,0,0,0,0,0,0,0,0,0,0,0,0,0,0,0,0,0,0,0
17,65,5,13,1,132,7,245,131,0,0,0,0,0,0,0,0,0,0,0,0,0,0,0,0,0,0,0,0,0,0
1,3,5,11,17,77,92,0,0,0,0,0,0,0,0,0,0,0,0,0,0,0,0,0,0,0,0,0,0,0,0
1,65,12,13,17,132,8,216,8,0,0,0,0,0,0,0,0,0,0,0,0,0,0,0,0,0,0,0,0,0,0
17,3,12,11,1,197,166,0,0,0,0,0,0,0,0,0,0,0,0,0,0,0,0,0,0,0,0,0,0,0,0
1,65,13,17,16,86,1,32,2,77,38,26,178,0,0,0,0,0,0,0,0,0,0,0,0,0,0,0,0,0,0
16,3,13,11,1,88,199,0,0,0,0,0,0,0,0,0,0,0,0,0,0,0,0,0,0,0,0,0,0,0,0
16,65,5,18,1,86,1,32,3,0,140,88,40,54,0,0,0,0,0,0,0,0,0,0,0,0,0,0,0,0,0
1,3,5,11,16,93,125,0,0,0,0,0,0,0,0,0,0,0,0,0,0,0,0,0,0,0,0,0,0,0,0
1,65,14,12,15,49,4,48,0,0,0,0,0,0,0,0,0,0,0,0,0,0,0,0,0,0,0,0,0,0,0
1,65,14,12,15,49,4,48,0,0,0,0,0,0,0,0,0,0,0,0,0,0,0,0,0,0,0,0,0,0,0
1,65,14,12,15,49,4,48,0,0,0,0,0,0,0,0,0,0,0,0,0,0,0,0,0,0,0,0,0,0,0
1,129,6,16,15,0,32,16,13,49,4,217,0,0,0,0,0,0,0,0,0,0,0,0,0,0,0,0,0,0,0
1,129,6,16,15,0,33,16,13,49,4,216,0,0,0,0,0,0,0,0,0,0,0,0,0,0,0,0,0,0,0
1,129,6,16,15,0,34,16,13,49,4,219,0,0,0,0,0,0,0,0,0,0,0,0,0,0,0,0,0,0,0
1,129,6,16,15,0,34,16,13,49,4,219,0,0,0,0,0,0,0,0,0,0,0,0,0,0,0,0,0,0,0
1,129,6,16,15,0,34,16,13,49,4,219,0,0,0,0,0,0,0,0,0,0,0,0,0,0,0,0,0,0,0
15,129,6,14,1,37,32,16,13,215,0,0,0,0,0,0,0,0,0,0,0,0,0,0,0,0,0,0,0,0,0
15,193,6,14,1,37,47,16,13,152,0,0,0,0,0,0,0,0,0,0,0,0,0,0,0,0,0,0,0,0,0
1,3,6,10,16,86,0,0,0,0,0,0,0,0,0,0,0,0,0,0,0,0,0,0,0,0,0,0,0,0,0
1,129,7,16,15,0,32,16,9,49,4,220,0,0,0,0,0,0,0,0,0,0,0,0,0,0,0,0,0,0,0
1,129,7,16,15,0,33,16,9,49,4,221,0,0,0,0,0,0,0,0,0,0,0,0,0,0,0,0,0,0,0
1,129,7,16,15,0,34,16,9,49,4,222,0,0,0,0,0,0,0,0,0,0,0,0,0,0,0,0,0,0,0
1,129,7,16,15,0,34,16,9,49,4,222,0,0,0,0,0,0,0,0,0,0,0,0,0,0,0,0,0,0,0
1,129,7,16,15,0,34,16,9,49,4,222,0,0,0,0,0,0,0,0,0,0,0,0,0,0,0,0,0,0,0
15,129,7,14,1,37,32,16,9,210,0,0,0,0,0,0,0,0,0,0,0,0,0,0,0,0,0,0,0,0,0
15,193,7,14,1,37,47,16,9,157,0,0,0,0,0,0,0,0,0,0,0,0,0,0,0,0,0,0,0,0,0
1,3,7,10,16,87,0,0,0,0,0,0,0,0,0,0,0,0,0,0,0,0,0,0,0,0,0,0,0,0,0
1,129,8,15,15,0,16,13,49,4,232,0,0,0,0,0,0,0,0,0,0,0,0,0,0,0,0,0,0,0,0
1,129,8,15,15,0,17,13,49,4,233,0,0,0,0,0,0,0,0,0,0,0,0,0,0,0,0,0,0,0,0
1,129,8,15,15,0,17,13,49,4,233,0,0,0,0,0,0,0,0,0,0,0,0,0,0,0,0,0,0,0,0
1,129,8,15,15,0,17,13,49,4,233,0,0,0,0,0,0,0,0,0,0,0,0,0,0,0,0,0,0,0,0
15,193,8,13,1,21,31,13,133,0,0,0,0,0,0,0,0,0,0,0,0,0,0,0,0,0,0,0,0,0,0
1,3,8,10,13,69,0,0,0,0,0,0,0,0,0,0,0,0,0,0,0,0,0,0,0,0,0,0,0,0,0
1,129,9,16,15,0,32,13,10,49,4,204,0,0,0,0,0,0,0,0,0,0,0,0,0,0,0,0,0,0,0
1,129,9,16,15,0,33,13,10,49,4,205,0,0,0,0,0,0,0,0,0,0,0,0,0,0,0,0,0,0,0
1,129,9,16,15,0,34,13,10,49,4,206,0,0,0,0,0,0,0,0,0,0,0,0,0,0,0,0,0,0,0
1,129,9,16,15,0,34,13,10,49,4,206,0,0,0,0,0,0,0,0,0,0,0,0,0,0,0,0,0,0,0
1,129,9,16,15,0,34,13,10,49,4,206,0,0,0,0,0,0,0,0,0,0,0,0,0,0,0,0,0,0,0
15,129,9,14,1,37,32,13,10,194,0,0,0,0,0,0,0,0,0,0,0,0,0,0,0,0,0,0,0,0,0
15,193,9,14,1,37,47,13,10,141,0,0,0,0,0,0,0,0,0,0,0,0,0,0,0,0,0,0,0,0,0
1,3,9,10,13,68,0,0,0,0,0,0,0,0,0,0,0,0,0,0,0,0,0,0,0,0,0,0,0,0,0
1,129,10,15,15,0,16,10,49,4,237,0,0,0,0,0,0,0,0,0,0,0,0,0,0,0,0,0,0,0,0
1,129,10,15,15,0,17,10,49,4,236,0,0,0,0,0,0,0,0,0,0,0,0,0,0,0,0,0,0,0,0
1,129,10,15,15,0,17,10,49,4,236,0,0,0,0,0,0,0,0,0,0,0,0,0,0,0,0,0,0,0,0
1,129,10,15,15,0,17,10,49,4,236,0,0,0,0,0,0,0,0,0,0,0,0,0,0,0,0,0,0,0,0
15,193,10,13,1,21,31,10,128,0,0,0,0,0,0,0,0,0,0,0,0,0,0,0,0,0,0,0,0,0,0
1,3,10,10,10,64,0,0,0,0,0,0,0,0,0,0,0,0,0,0,0,0,0,0,0,0,0,0,0,0,0
1,65,15,12,15,49,4,49,0,0,0,0,0,0,0,0,0,0,0,0,0,0,0,0,0,0,0,0,0,0,0
1,65,15,12,15,49,4,49,0,0,0,0,0,0,0,0,0,0,0,0,0,0,0,0,0,0,0,0,0,0,0
1,65,15,12,15,49,4,49,0,0,0,0,0,0,0,0,0,0,0,0,0,0,0,0,0,0,0,0,0,0,0
1,69,11,20,15,32,0,250,64,0,0,0,0,49,4,179,0,0,0,0,0,0,0,0,0,0,0,0,0,0,0
1,69,11,20,15,32,0,250,49,16,0,0,0,49,4,210,0,0,0,0,0,0,0,0,0,0,0,0,0,0,0
1,69,11,20,15,32,0,250,49,13,0,0,0,49,4,207,0,0,0,0,0,0,0,0,0,0,0,0,0,0,0
1,69,11,20,15,32,0,250,49,10,0,0,0,49,4,200,0,0,0,0,0,0,0,0,0,0,0,0,0,0,0
1,69,11,20,15,32,0,250,49,18,0,0,0,49,4,208,0,0,0,0,0,0,0,0,0,0,0,0,0,0,0
1,69,11,20,15,32,0,250,49,9,0,0,0,49,4,203,0,0,0,0,0,0,0,0,0,0,0,0,0,0,0
1,65,1,17,9,86,1,32,2,77,38,179,21,0,0,0,0,0,0,0,0,0,0,0,0,0,0,0,0,0,0
9,3,1,11,1,129,128,0,0,0,0,0,0,0,0,0,0,0,0,0,0,0,0,0,0,0,0,0,0,0,0
9,65,11,18,1,86,1,32,3,0,140,88,62,79,0,0,0,0,0,0,0,0,0,0,0,0,0,0,0,0,0
1,3,11,11,9,197,100,0,0,0,0,0,0,0,0,0,0,0,0,0,0,0,0,0,0,0,0,0,0,0,0
10,65,1,33,1,86,1,96,13,1,0,50,2,33,68,0,0,0,0,0,0,0,0,0,0,7,90,178,178,0,0
1,3,1,11,10,50,198,0,0,0,0,0,0,0,0,0,0,0,0,0,0,0,0,0,0,0,0,0,0,0,0
10,65,2,33,1,86,1,96,13,2,0,50,2,33,68,0,0,0,18,0,0,0,0,0,0,184,143,124,110,0,0
1,3,2,11,10,107,150,0,0,0,0,0,0,0,0,0,0,0,0,0,0,0,0,0,0,0,0,0,0,0,0
1,65,5,13,13,32,2,54,134,0,0,0,0,0,0,0,0,0,0,0,0,0,0,0,0,0,0,0,0,0,0
13,3,5,11,1,212,70,0,0,0,0,0,0,0,0,0,0,0,0,0,0,0,0,0,0,0,0,0,0,0,0
13,65,8,14,1,32,3,0,29,176,0,0,0,0,0,0,0,0,0,0,0,0,0,0,0,0,0,0,0,0,0
1,3,8,11,13,220,176,0,0,0,0,0,0,0,0,0,0,0,0,0,0,0,0,0,0,0,0,0,0,0,0
10,65,3,29,1,86,1,96,13,1,0,50,2,33,50,0,0,0,0,0,0,202,252,221,93,0,0,0,0,0,0
1,3,3,11,10,92,166,0,0,0,0,0,0,0,0,0,0,0,0,0,0,0,0,0,0,0,0,0,0,0,0
10,65,4,29,1,86,1,96,13,2,0,50,2,33,50,0,0,0,0,0,0,207,99,212,221,0,0,0,0,0,0
1,3,4,11,10,217,54,0,0,0,0,0,0,0,0,0,0,0,0,0,0,0,0,0,0,0,0,0,0,0,0
1,65,11,13,10,32,2,124,190,0,0,0,0,0,0,0,0,0,0,0,0,0,0,0,0,0,0,0,0,0,0
10,3,11,11,1,168,147,0,0,0,0,0,0,0,0,0,0,0,0,0,0,0,0,0,0,0,0,0,0,0,0
10,65,5,14,1,32,3,0,148,235,0,0,0,0,0,0,0,0,0,0,0,0,0,0,0,0,0,0,0,0,0
1,3,5,11,10,238,6,0,0,0,0,0,0,0,0,0,0,0,0,0,0,0,0,0,0,0,0,0,0,0,0
1,65,6,17,16,86,1,32,2,77,38,30,9,0,0,0,0,0,0,0,0,0,0,0,0,0,0,0,0,0,0
16,3,6,11,1,168,54,0,0,0,0,0,0,0,0,0,0,0,0,0,0,0,0,0,0,0,0,0,0,0,0
16,65,6,18,1,86,1,32,3,0,140,88,153,249,0,0,0,0,0,0,0,0,0,0,0,0,0,0,0,0,0
1,3,6,11,16,4,45,0,0,0,0,0,0,0,0,0,0,0,0,0,0,0,0,0,0,0,0,0,0,0,0
1,65,9,17,9,86,1,32,2,77,38,154,234,0,0,0,0,0,0,0,0,0,0,0,0,0,0,0,0,0,0
9,3,9,11,1,40,33,0,0,0,0,0,0,0,0,0,0,0,0,0,0,0,0,0,0,0,0,0,0,0,0
9,65,12,18,1,86,1,32,3,0,140,88,34,181,0,0,0,0,0,0,0,0,0,0,0,0,0,0,0,0,0
1,3,12,11,9,64,244,0,0,0,0,0,0,0,0,0,0,0,0,0,0,0,0,0,0,0,0,0,0,0,0
1,65,13,13,13,32,2,52,171,0,0,0,0,0,0,0,0,0,0,0,0,0,0,0,0,0,0,0,0,0,0
13,3,13,11,1,125,231,0,0,0,0,0,0,0,0,0,0,0,0,0,0,0,0,0,0,0,0,0,0,0,0
13,65,9,14,1,32,3,0,88,16,0,0,0,0,0,0,0,0,0,0,0,0,0,0,0,0,0,0,0,0,0
1,3,9,11,13,235,128,0,0,0,0,0,0,0,0,0,0,0,0,0,0,0,0,0,0,0,0,0,0,0,0
7,3,2,10,1,69,0,0,0,0,0,0,0,0,0,0,0,0,0,0,0,0,0,0,0,0,0,0,0,0,0
1,3,1,10,7,70,0,0,0,0,0,0,0,0,0,0,0,0,0,0,0,0,0,0,0,0,0,0,0,0,0
11,65,1,12,1,132,7,141,0,0,0,0,0,0,0,0,0,0,0,0,0,0,0,0,0,0,0,0,0,0,0
1,3,1,10,11,74,0,0,0,0,0,0,0,0,0,0,0,0,0,0,0,0,0,0,0,0,0,0,0,0,0
1,65,3,12,11,132,8,128,0,0,0,0,0,0,0,0,0,0,0,0,0,0,0,0,0,0,0,0,0,0,0
11,3,3,10,1,72,0,0,0,0,0,0,0,0,0,0,0,0,0,0,0,0,0,0,0,0,0,0,0,0,0
12,65,1,12,1,132,7,138,0,0,0,0,0,0,0,0,0,0,0,0,0,0,0,0,0,0,0,0,0,0,0
1,3,1,10,12,77,0,0,0,0,0,0,0,0,0,0,0,0,0,0,0,0,0,0,0,0,0,0,0,0,0
1,65,4,12,12,132,8,128,0,0,0,0,0,0,0,0,0,0,0,0,0,0,0,0,0,0,0,0,0,0,0
12,3,4,10,1,72,0,0,0,0,0,0,0,0,0,0,0,0,0,0,0,0,0,0,0,0,0,0,0,0,0
1,65,12,13,10,32,2,27,106,0,0,0,0,0,0,0,0,0,0,0,0,0,0,0,0,0,0,0,0,0,0
10,3,12,11,1,45,3,0,0,0,0,0,0,0,0,0,0,0,0,0,0,0,0,0,0,0,0,0,0,0,0
10,65,6,14,1,32,3,0,90,11,0,0,0,0,0,0,0,0,0,0,0,0,0,0,0,0,0,0,0,0,0
1,3,6,11,10,183,86,0,0,0,0,0,0,0,0,0,0,0,0,0,0,0,0,0,0,0,0,0,0,0,0
1,65,7,17,16,86,1,32,2,77,38,245,42,0,0,0,0,0,0,0,0,0,0,0,0,0,0,0,0,0,0
16,3,7,11,1,159,6,0,0,0,0,0,0,0,0,0,0,0,0,0,0,0,0,0,0,0,0,0,0,0,0
16,65,7,18,1,86,1,32,3,0,140,88,246,188,0,0,0,0,0,0,0,0,0,0,0,0,0,0,0,0,0
1,3,7,11,16,51,29,0,0,0,0,0,0,0,0,0,0,0,0,0,0,0,0,0,0,0,0,0,0,0,0
1,65,10,17,9,86,1,32,2,77,38,183,174,0,0,0,0,0,0,0,0,0,0,0,0,0,0,0,0,0,0
9,3,10,11,1,113,113,0,0,0,0,0,0,0,0,0,0,0,0,0,0,0,0,0,0,0,0,0,0,0,0
9,65,13,18,1,86,1,32,3,0,140,88,77,240,0,0,0,0,0,0,0,0,0,0,0,0,0,0,0,0,0
1,3,13,11,9,119,196,0,0,0,0,0,0,0,0,0,0,0,0,0,0,0,0,0,0,0,0,0,0,0,0
1,65,14,13,13,32,2,218,121,0,0,0,0,0,0,0,0,0,0,0,0,0,0,0,0,0,0,0,0,0,0
13,3,14,11,1,36,183,0,0,0,0,0,0,0,0,0,0,0,0,0,0,0,0,0,0,0,0,0,0,0,0
13,65,10,14,1,32,3,0,150,240,0,0,0,0,0,0,0,0,0,0,0,0,0,0,0,0,0,0,0,0,0
1,3,10,11,13,178,208,0,0,0,0,0,0,0,0,0,0,0,0,0,0,0,0,0,0,0,0,0,0,0,0
1,65,13,13,10,32,2,177,59,0,0,0,0,0,0,0,0,0,0,0,0,0,0,0,0,0,0,0,0,0,0
10,3,13,11,1,26,51,0,0,0,0,0,0,0,0,0,0,0,0,0,0,0,0,0,0,0,0,0,0,0,0
10,65,7,14,1,32,3,0,31,171,0,0,0,0,0,0,0,0,0,0,0,0,0,0,0,0,0,0,0,0,0
1,3,7,11,10,128,102,0,0,0,0,0,0,0,0,0,0,0,0,0,0,0,0,0,0,0,0,0,0,0,0
1,65,11,17,16,86,1,32,2,77,38,64,58,0,0,0,0,0,0,0,0,0,0,0,0,0,0,0,0,0,0
16,3,11,11,1,234,103,0,0,0,0,0,0,0,0,0,0,0,0,0,0,0,0,0,0,0,0,0,0,0,0
16,65,8,18,1,86,1,32,3,0,140,88,160,13,0,0,0,0,0,0,0,0,0,0,0,0,0,0,0,0,0
1,3,8,11,16,31,44,0,0,0,0,0,0,0,0,0,0,0,0,0,0,0,0,0,0,0,0,0,0,0,0
1,65,14,17,9,86,1,32,2,77,38,43,65,0,0,0,0,0,0,0,0,0,0,0,0,0,0,0,0,0,0
9,3,14,11,1,173,177,0,0,0,0,0,0,0,0,0,0,0,0,0,0,0,0,0,0,0,0,0,0,0,0
9,65,14,18,1,86,1,32,3,0,140,88,252,63,0,0,0,0,0,0,0,0,0,0,0,0,0,0,0,0,0
1,3,14,11,9,46,148,0,0,0,0,0,0,0,0,0,0,0,0,0,0,0,0,0,0,0,0,0,0,0,0
1,65,3,13,13,32,2,251,3,0,0,0,0,0,0,0,0,0,0,0,0,0,0,0,0,0,0,0,0,0,0
13,3,3,11,1,102,230,0,0,0,0,0,0,0,0,0,0,0,0,0,0,0,0,0,0,0,0,0,0,0,0
13,65,11,14,1,32,3,0,211,80,0,0,0,0,0,0,0,0,0,0,0,0,0,0,0,0,0,0,0,0,0
1,3,11,11,13,133,224,0,0,0,0,0,0,0,0,0,0,0,0,0,0,0,0,0,0,0,0,0,0,0,0
1,65,2,13,10,32,2,212,194,0,0,0,0,0,0,0,0,0,0,0,0,0,0,0,0,0,0,0,0,0,0
10,3,2,11,1,54,2,0,0,0,0,0,0,0,0,0,0,0,0,0,0,0,0,0,0,0,0,0,0,0,0
10,65,8,14,1,32,3,0,218,168,0,0,0,0,0,0,0,0,0,0,0,0,0,0,0,0,0,0,0,0,0
1,3,8,11,10,172,87,0,0,0,0,0,0,0,0,0,0,0,0,0,0,0,0,0,0,0,0,0,0,0,0
17,65,1,17,1,49,5,1,42,2,136,76,145,0,0,0,0,0,0,0,0,0,0,0,0,0,0,0,0,0,0
1,3,1,11,17,145,156,0,0,0,0,0,0,0,0,0,0,0,0,0,0,0,0,0,0,0,0,0,0,0,0
17,65,2,16,1,49,5,5,1,23,6,22,0,0,0,0,0,0,0,0,0,0,0,0,0,0,0,0,0,0,0
1,3,2,11,17,200,204,0,0,0,0,0,0,0,0,0,0,0,0,0,0,0,0,0,0,0,0,0,0,0,0
17,65,3,14,1,128,3,88,148,112,0,0,0,0,0,0,0,0,0,0,0,0,0,0,0,0,0,0,0,0,0
1,3,3,11,17,255,252,0,0,0,0,0,0,0,0,0,0,0,0,0,0,0,0,0,0,0,0,0,0,0,0
17,65,4,17,1,49,5,3,10,0,0,38,17,0,0,0,0,0,0,0,0,0,0,0,0,0,0,0,0,0,0
1,3,4,11,17,122,108,0,0,0,0,0,0,0,0,0,0,0,0,0,0,0,0,0,0,0,0,0,0,0,0
17,65,5,16,1,49,5,27,1,0,251,186,0,0,0,0,0,0,0,0,0,0,0,0,0,0,0,0,0,0,0
1,3,5,11,17,77,92,0,0,0,0,0,0,0,0,0,0,0,0,0,0,0,0,0,0,0,0,0,0,0,0
17,65,6,13,1,132,7,27,81,0,0,0,0,0,0,0,0,0,0,0,0,0,0,0,0,0,0,0,0,0,0
1,3,6,11,17,20,12,0,0,0,0,0,0,0,0,0,0,0,0,0,0,0,0,0,0,0,0,0,0,0,0
1,65,9,13,17,132,8,251,95,0,0,0,0,0,0,0,0,0,0,0,0,0,0,0,0,0,0,0,0,0,0
17,3,9,11,1,46,86,0,0,0,0,0,0,0,0,0,0,0,0,0,0,0,0,0,0,0,0,0,0,0,0
1,65,13,17,16,86,1,32,2,77,38,26,178,0,0,0,0,0,0,0,0,0,0,0,0,0,0,0,0,0,0
16,3,13,11,1,88,199,0,0,0,0,0,0,0,0,0,0,0,0,0,0,0,0,0,0,0,0,0,0,0,0
16,65,9,18,1,86,1,32,3,0,140,88,207,72,0,0,0,0,0,0,0,0,0,0,0,0,0,0,0,0,0
1,3,9,11,16,40,28,0,0,0,0,0,0,0,0,0,0,0,0,0,0,0,0,0,0,0,0,0,0,0,0
1,65,1,17,9,86,1,32,2,77,38,179,21,0,0,0,0,0,0,0,0,0,0,0,0,0,0,0,0,0,0
9,3,1,11,1,129,128,0,0,0,0,0,0,0,0,0,0,0,0,0,0,0,0,0,0,0,0,0,0,0,0
9,65,15,18,1,86,1,32,3,0,140,88,147,122,0,0,0,0,0,0,0,0,0,0,0,0,0,0,0,0,0
1,3,15,11,9,25,164,0,0,0,0,0,0,0,0,0,0,0,0,0,0,0,0,0,0,0,0,0,0,0,0
10,65,9,33,1,86,1,96,13,1,0,50,2,33,68,0,0,0,0,0,0,0,0,0,0,7,90,191,80,0,0
1,3,9,11,10,155,103,0,0,0,0,0,0,0,0,0,0,0,0,0,0,0,0,0,0,0,0,0,0,0,0
1,65,5,13,13,32,2,54,134,0,0,0,0,0,0,0,0,0,0,0,0,0,0,0,0,0,0,0,0,0,0
13,3,5,11,1,212,70,0,0,0,0,0,0,0,0,0,0,0,0,0,0,0,0,0,0,0,0,0,0,0,0
13,65,12,14,1,32,3,0,27,17,0,0,0,0,0,0,0,0,0,0,0,0,0,0,0,0,0,0,0,0,0
1,3,12,11,13,0,112,0,0,0,0,0,0,0,0,0,0,0,0,0,0,0,0,0,0,0,0,0,0,0,0
10,65,10,33,1,86,1,96,13,2,0,50,2,33,68,0,0,0,19,0,0,0,0,0,0,0,238,113,140,0,0
1,3,10,11,10,194,55,0,0,0,0,0,0,0,0,0,0,0,0,0,0,0,0,0,0,0,0,0,0,0,0
10,65,11,29,1,86,1,96,13,1,0,50,2,33,50,0,0,0,0,0,0,202,252,18,43,0,0,0,0,0,0
1,3,11,11,10,245,7,0,0,0,0,0,0,0,0,0,0,0,0,0,0,0,0,0,0,0,0,0,0,0,0
10,65,12,29,1,86,1,96,13,2,0,50,2,33,50,0,0,0,0,0,0,207,99,27,171,0,0,0,0,0,0
1,3,12,11,10,112,151,0,0,0,0,0,0,0,0,0,0,0,0,0,0,0,0,0,0,0,0,0,0,0,0
1,65,5,13,10,32,2,179,22,0,0,0,0,0,0,0,0,0,0,0,0,0,0,0,0,0,0,0,0,0,0
10,3,5,11,1,179,146,0,0,0,0,0,0,0,0,0,0,0,0,0,0,0,0,0,0,0,0,0,0,0,0
10,65,13,14,1,32,3,0,153,169,0,0,0,0,0,0,0,0,0,0,0,0,0,0,0,0,0,0,0,0,0
1,3,13,11,10,71,167,0,0,0,0,0,0,0,0,0,0,0,0,0,0,0,0,0,0,0,0,0,0,0,0
1,65,14,17,16,86,1,32,2,77,38,55,246,0,0,0,0,0,0,0,0,0,0,0,0,0,0,0,0,0,0
16,3,14,11,1,1,151,0,0,0,0,0,0,0,0,0,0,0,0,0,0,0,0,0,0,0,0,0,0,0,0
16,65,10,18,1,86,1,32,3,0,140,88,126,135,0,0,0,0,0,0,0,0,0,0,0,0,0,0,0,0,0
1,3,10,11,16,113,76,0,0,0,0,0,0,0,0,0,0,0,0,0,0,0,0,0,0,0,0,0,0,0,0
1,65,2,17,9,86,1,32,2,77,38,158,81,0,0,0,0,0,0,0,0,0,0,0,0,0,0,0,0,0,0
9,3,2,11,1,216,208,0,0,0,0,0,0,0,0,0,0,0,0,0,0,0,0,0,0,0,0,0,0,0,0
9,65,1,18,1,86,1,32,3,0,140,88,170,142,0,0,0,0,0,0,0,0,0,0,0,0,0,0,0,0,0
1,3,1,11,9,2,165,0,0,0,0,0,0,0,0,0,0,0,0,0,0,0,0,0,0,0,0,0,0,0,0
1,65,6,13,13,32,2,216,84,0,0,0,0,0,0,0,0,0,0,0,0,0,0,0,0,0,0,0,0,0,0
13,3,6,11,1,141,22,0,0,0,0,0,0,0,0,0,0,0,0,0,0,0,0,0,0,0,0,0,0,0,0
13,65,13,14,1,32,3,0,94,177,0,0,0,0,0,0,0,0,0,0,0,0,0,0,0,0,0,0,0,0,0
1,3,13,11,13,55,64,0,0,0,0,0,0,0,0,0,0,0,0,0,0,0,0,0,0,0,0,0,0,0,0
7,3,6,10,1,65,0,0,0,0,0,0,0,0,0,0,0,0,0,0,0,0,0,0,0,0,0,0,0,0,0
1,3,1,10,7,70,0,0,0,0,0,0,0,0,0,0,0,0,0,0,0,0,0,0,0,0,0,0,0,0,0
1,65,6,13,10,32,2,93,196,0,0,0,0,0,0,0,0,0,0,0,0,0,0,0,0,0,0,0,0,0,0
10,3,6,11,1,234,194,0,0,0,0,0,0,0,0,0,0,0,0,0,0,0,0,0,0,0,0,0,0,0,0
10,65,14,14,1,32,3,0,87,73,0,0,0,0,0,0,0,0,0,0,0,0,0,0,0,0,0,0,0,0,0
1,3,14,11,10,30,247,0,0,0,0,0,0,0,0,0,0,0,0,0,0,0,0,0,0,0,0,0,0,0,0
1,65,15,17,16,86,1,32,2,77,38,220,213,0,0,0,0,0,0,0,0,0,0,0,0,0,0,0,0,0,0
16,3,15,11,1,54,167,0,0,0,0,0,0,0,0,0,0,0,0,0,0,0,0,0,0,0,0,0,0,0,0
16,65,11,18,1,86,1,32,3,0,140,88,17,194,0,0,0,0,0,0,0,0,0,0,0,0,0,0,0,0,0
1,3,11,11,16,70,124,0,0,0,0,0,0,0,0,0,0,0,0,0,0,0,0,0,0,0,0,0,0,0,0
11,65,1,12,1,132,7,141,0,0,0,0,0,0,0,0,0,0,0,0,0,0,0,0,0,0,0,0,0,0,0
1,3,1,10,11,74,0,0,0,0,0,0,0,0,0,0,0,0,0,0,0,0,0,0,0,0,0,0,0,0,0
1,65,7,12,11,132,8,132,0,0,0,0,0,0,0,0,0,0,0,0,0,0,0,0,0,0,0,0,0,0,0
11,3,7,10,1,76,0,0,0,0,0,0,0,0,0,0,0,0,0,0,0,0,0,0,0,0,0,0,0,0,0
12,65,1,12,1,132,7,138,0,0,0,0,0,0,0,0,0,0,0,0,0,0,0,0,0,0,0,0,0,0,0
1,3,1,10,12,77,0,0,0,0,0,0,0,0,0,0,0,0,0,0,0,0,0,0,0,0,0,0,0,0,0
1,65,8,12,12,132,8,140,0,0,0,0,0,0,0,0,0,0,0,0,0,0,0,0,0,0,0,0,0,0,0
12,3,8,10,1,68,0,0,0,0,0,0,0,0,0,0,0,0,0,0,0,0,0,0,0,0,0,0,0,0,0
1,65,3,17,9,86,1,32,2,77,38,117,114,0,0,0,0,0,0,0,0,0,0,0,0,0,0,0,0,0,0
9,3,3,11,1,239,224,0,0,0,0,0,0,0,0,0,0,0,0,0,0,0,0,0,0,0,0,0,0,0,0
9,65,2,18,1,86,1,32,3,0,140,88,27,65,0,0,0,0,0,0,0,0,0,0,0,0,0,0,0,0,0
1,3,2,11,9,91,245,0,0,0,0,0,0,0,0,0,0,0,0,0,0,0,0,0,0,0,0,0,0,0,0
1,65,7,13,13,32,2,114,5,0,0,0,0,0,0,0,0,0,0,0,0,0,0,0,0,0,0,0,0,0,0
13,3,7,11,1,186,38,0,0,0,0,0,0,0,0,0,0,0,0,0,0,0,0,0,0,0,0,0,0,0,0
13,65,14,14,1,32,3,0,144,81,0,0,0,0,0,0,0,0,0,0,0,0,0,0,0,0,0,0,0,0,0
1,3,14,11,13,110,16,0,0,0,0,0,0,0,0,0,0,0,0,0,0,0,0,0,0,0,0,0,0,0,0
1,65,7,13,10,32,2,247,149,0,0,0,0,0,0,0,0,0,0,0,0,0,0,0,0,0,0,0,0,0,0
10,3,7,11,1,221,242,0,0,0,0,0,0,0,0,0,0,0,0,0,0,0,0,0,0,0,0,0,0,0,0
10,65,15,14,1,32,3,0,18,233,0,0,0,0,0,0,0,0,0,0,0,0,0,0,0,0,0,0,0,0,0
1,3,15,11,10,41,199,0,0,0,0,0,0,0,0,0,0,0,0,0,0,0,0,0,0,0,0,0,0,0,0
1,65,1,17,16,86,1,32,2,77,38,175,162,0,0,0,0,0,0,0,0,0,0,0,0,0,0,0,0,0,0
16,3,1,11,1,45,166,0,0,0,0,0,0,0,0,0,0,0,0,0,0,0,0,0,0,0,0,0,0,0,0
16,65,12,18,1,86,1,32,3,0,140,88,13,56,0,0,0,0,0,0,0,0,0,0,0,0,0,0,0,0,0
1,3,12,11,16,195,236,0,0,0,0,0,0,0,0,0,0,0,0,0,0,0,0,0,0,0,0,0,0,0,0
1,65,4,17,9,86,1,32,2,77,38,196,217,0,0,0,0,0,0,0,0,0,0,0,0,0,0,0,0,0,0
9,3,4,11,1,106,112,0,0,0,0,0,0,0,0,0,0,0,0,0,0,0,0,0,0,0,0,0,0,0,0
9,65,3,18,1,86,1,32,3,0,140,88,116,4,0,0,0,0,0,0,0,0,0,0,0,0,0,0,0,0,0
1,3,3,11,9,108,197,0,0,0,0,0,0,0,0,0,0,0,0,0,0,0,0,0,0,0,0,0,0,0,0
1,65,8,13,13,32,2,23,252,0,0,0,0,0,0,0,0,0,0,0,0,0,0,0,0,0,0,0,0,0,0
13,3,8,11,1,150,23,0,0,0,0,0,0,0,0,0,0,0,0,0,0,0,0,0,0,0,0,0,0,0,0
13,65,15,14,1,32,3,0,213,241,0,0,0,0,0,0,0,0,0,0,0,0,0,0,0,0,0,0,0,0,0
1,3,15,11,13,89,32,0,0,0,0,0,0,0,0,0,0,0,0,0,0,0,0,0,0,0,0,0,0,0,0
1,65,11,13,10,32,2,124,190,0,0,0,0,0,0,0,0,0,0,0,0,0,0,0,0,0,0,0,0,0,0
10,3,11,11,1,168,147,0,0,0,0,0,0,0,0,0,0,0,0,0,0,0,0,0,0,0,0,0,0,0,0
10,65,1,14,1,32,3,0,146,74,0,0,0,0,0,0,0,0,0,0,0,0,0,0,0,0,0,0,0,0,0
1,3,1,11,10,50,198,0,0,0,0,0,0,0,0,0,0,0,0,0,0,0,0,0,0,0,0,0,0,0,0
17,65,1,17,1,49,5,1,42,2,133,157,60,0,0,0,0,0,0,0,0,0,0,0,0,0,0,0,0,0,0
1,3,1,11,17,145,156,0,0,0,0,0,0,0,0,0,0,0,0,0,0,0,0,0,0,0,0,0,0,0,0
17,65,2,16,1,49,5,5,1,24,247,249,0,0,0,0,0,0,0,0,0,0,0,0,0,0,0,0,0,0,0
1,3,2,11,17,200,204,0,0,0,0,0,0,0,0,0,0,0,0,0,0,0,0,0,0,0,0,0,0,0,0
17,65,3,17,1,49,5,3,10,0,0,151,186,0,0,0,0,0,0,0,0,0,0,0,0,0,0,0,0,0,0
1,3,3,11,17,255,252,0,0,0,0,0,0,0,0,0,0,0,0,0,0,0,0,0,0,0,0,0,0,0,0
17,65,4,16,1,49,5,27,1,0,188,105,0,0,0,0,0,0,0,0,0,0,0,0,0,0,0,0,0,0,0
1,3,4,11,17,122,108,0,0,0,0,0,0,0,0,0,0,0,0,0,0,0,0,0,0,0,0,0,0,0,0
17,65,5,13,1,132,7,245,131,0,0,0,0,0,0,0,0,0,0,0,0,0,0,0,0,0,0,0,0,0,0
1,3,5,11,17,77,92,0,0,0,0,0,0,0,0,0,0,0,0,0,0,0,0,0,0,0,0,0,0,0,0
1,65,15,13,17,132,8,54,218,0,0,0,0,0,0,0,0,0,0,0,0,0,0,0,0,0,0,0,0,0,0
17,3,15,11,1,156,246,0,0,0,0,0,0,0,0,0,0,0,0,0,0,0,0,0,0,0,0,0,0,0,0
1,65,6,17,16,86,1,32,2,77,38,30,9,0,0,0,0,0,0,0,0,0,0,0,0,0,0,0,0,0,0
16,3,6,11,1,168,54,0,0,0,0,0,0,0,0,0,0,0,0,0,0,0,0,0,0,0,0,0,0,0,0
16,65,13,18,1,86,1,32,3,0,140,88,98,125,0,0,0,0,0,0,0,0,0,0,0,0,0,0,0,0,0
1,3,13,11,16,244,220,0,0,0,0,0,0,0,0,0,0,0,0,0,0,0,0,0,0,0,0,0,0,0,0
1,65,9,12,8,37,2,34,0,0,0,0,0,0,0,0,0,0,0,0,0,0,0,0,0,0,0,0,0,0,0
1,65,9,12,8,37,2,34,0,0,0,0,0,0,0,0,0,0,0,0,0,0,0,0,0,0,0,0,0,0,0
1,65,9,12,8,37,2,34,0,0,0,0,0,0,0,0,0,0,0,0,0,0,0,0,0,0,0,0,0,0,0
1,65,10,12,8,37,2,33,0,0,0,0,0,0,0,0,0,0,0,0,0,0,0,0,0,0,0,0,0,0,0
8,3,10,10,1,66,0,0,0,0,0,0,0,0,0,0,0,0,0,0,0,0,0,0,0,0,0,0,0,0,0
8,65,65,13,1,37,3,0,106,0,0,0,0,0,0,0,0,0,0,0,0,0,0,0,0,0,0,0,0,0,0
1,3,1,10,8,73,0,0,0,0,0,0,0,0,0,0,0,0,0,0,0,0,0,0,0,0,0,0,0,0,0
1,65,9,17,9,86,1,32,2,77,38,154,234,0,0,0,0,0,0,0,0,0,0,0,0,0,0,0,0,0,0
9,3,9,11,1,40,33,0,0,0,0,0,0,0,0,0,0,0,0,0,0,0,0,0,0,0,0,0,0,0,0
9,65,4,18,1,86,1,32,3,0,140,88,104,254,0,0,0,0,0,0,0,0,0,0,0,0,0,0,0,0,0
1,3,4,11,9,233,85,0,0,0,0,0,0,0,0,0,0,0,0,0,0,0,0,0,0,0,0,0,0,0,0
1,65,11,12,15,49,4,53,0,0,0,0,0,0,0,0,0,0,0,0,0,0,0,0,0,0,0,0,0,0,0
1,65,11,12,15,49,4,53,0,0,0,0,0,0,0,0,0,0,0,0,0,0,0,0,0,0,0,0,0,0,0
1,65,11,12,15,49,4,53,0,0,0,0,0,0,0,0,0,0,0,0,0,0,0,0,0,0,0,0,0,0,0
1,129,12,16,15,0,32,16,13,49,4,211,0,0,0,0,0,0,0,0,0,0,0,0,0,0,0,0,0,0,0
1,129,12,16,15,0,33,16,13,49,4,210,0,0,0,0,0,0,0,0,0,0,0,0,0,0,0,0,0,0,0
1,129,12,16,15,0,34,16,13,49,4,209,0,0,0,0,0,0,0,0,0,0,0,0,0,0,0,0,0,0,0
1,129,12,16,15,0,34,16,13,49,4,209,0,0,0,0,0,0,0,0,0,0,0,0,0,0,0,0,0,0,0
1,129,12,16,15,0,34,16,13,49,4,209,0,0,0,0,0,0,0,0,0,0,0,0,0,0,0,0,0,0,0
15,129,12,14,1,37,32,16,13,221,0,0,0,0,0,0,0,0,0,0,0,0,0,0,0,0,0,0,0,0,0
15,193,12,14,1,37,47,16,13,146,0,0,0,0,0,0,0,0,0,0,0,0,0,0,0,0,0,0,0,0,0
1,3,12,10,16,92,0,0,0,0,0,0,0,0,0,0,0,0,0,0,0,0,0,0,0,0,0,0,0,0,0
1,129,13,16,15,0,32,16,9,49,4,214,0,0,0,0,0,0,0,0,0,0,0,0,0,0,0,0,0,0,0
1,129,13,16,15,0,33,16,9,49,4,215,0,0,0,0,0,0,0,0,0,0,0,0,0,0,0,0,0,0,0
1,129,13,16,15,0,34,16,9,49,4,212,0,0,0,0,0,0,0,0,0,0,0,0,0,0,0,0,0,0,0
1,129,13,16,15,0,34,16,9,49,4,212,0,0,0,0,0,0,0,0,0,0,0,0,0,0,0,0,0,0,0
1,129,13,16,15,0,34,16,9,49,4,212,0,0,0,0,0,0,0,0,0,0,0,0,0,0,0,0,0,0,0
15,129,13,14,1,37,32,16,9,216,0,0,0,0,0,0,0,0,0,0,0,0,0,0,0,0,0,0,0,0,0
15,193,13,14,1,37,47,16,9,151,0,0,0,0,0,0,0,0,0,0,0,0,0,0,0,0,0,0,0,0,0
1,3,13,10,16,93,0,0,0,0,0,0,0,0,0,0,0,0,0,0,0,0,0,0,0,0,0,0,0,0,0
1,129,14,15,15,0,16,13,49,4,238,0,0,0,0,0,0,0,0,0,0,0,0,0,0,0,0,0,0,0,0
1,129,14,15,15,0,17,13,49,4,239,0,0,0,0,0,0,0,0,0,0,0,0,0,0,0,0,0,0,0,0
1,129,14,15,15,0,17,13,49,4,239,0,0,0,0,0,0,0,0,0,0,0,0,0,0,0,0,0,0,0,0
1,129,14,15,15,0,17,13,49,4,239,0,0,0,0,0,0,0,0,0,0,0,0,0,0,0,0,0,0,0,0
15,193,14,13,1,21,31,13,131,0,0,0,0,0,0,0,0,0,0,0,0,0,0,0,0,0,0,0,0,0,0
1,3,14,10,13,67,0,0,0,0,0,0,0,0,0,0,0,0,0,0,0,0,0,0,0,0,0,0,0,0,0
1,129,15,16,15,0,32,13,10,49,4,202,0,0,0,0,0,0,0,0,0,0,0,0,0,0,0,0,0,0,0
1,129,15,16,15,0,33,13,10,49,4,203,0,0,0,0,0,0,0,0,0,0,0,0,0,0,0,0,0,0,0
1,129,15,16,15,0,34,13,10,49,4,200,0,0,0,0,0,0,0,0,0,0,0,0,0,0,0,0,0,0,0
1,129,15,16,15,0,34,13,10,49,4,200,0,0,0,0,0,0,0,0,0,0,0,0,0,0,0,0,0,0,0
1,129,15,16,15,0,34,13,10,49,4,200,0,0,0,0,0,0,0,0,0,0,0,0,0,0,0,0,0,0,0
15,129,15,14,1,37,32,13,10,196,0,0,0,0,0,0,0,0,0,0,0,0,0,0,0,0,0,0,0,0,0
15,193,15,14,1,37,47,13,10,139,0,0,0,0,0,0,0,0,0,0,0,0,0,0,0,0,0,0,0,0,0
1,3,15,10,13,66,0,0,0,0,0,0,0,0,0,0,0,0,0,0,0,0,0,0,0,0,0,0,0,0,0
1,129,1,15,15,0,16,10,49,4,230,0,0,0,0,0,0,0,0,0,0,0,0,0,0,0,0,0,0,0,0
1,129,1,15,15,0,17,10,49,4,231,0,0,0,0,0,0,0,0,0,0,0,0,0,0,0,0,0,0,0,0
1,129,1,15,15,0,17,10,49,4,231,0,0,0,0,0,0,0,0,0,0,0,0,0,0,0,0,0,0,0,0
1,129,1,15,15,0,17,10,49,4,231,0,0,0,0,0,0,0,0,0,0,0,0,0,0,0,0,0,0,0,0
15,193,1,13,1,21,31,10,139,0,0,0,0,0,0,0,0,0,0,0,0,0,0,0,0,0,0,0,0,0,0
1,3,1,10,10,75,0,0,0,0,0,0,0,0,0,0,0,0,0,0,0,0,0,0,0,0,0,0,0,0,0
1,65,12,12,15,49,4,50,0,0,0,0,0,0,0,0,0,0,0,0,0,0,0,0,0,0,0,0,0,0,0
1,65,12,12,15,49,4,50,0,0,0,0,0,0,0,0,0,0,0,0,0,0,0,0,0,0,0,0,0,0,0
1,65,12,12,15,49,4,50,0,0,0,0,0,0,0,0,0,0,0,0,0,0,0,0,0,0,0,0,0,0,0
1,69,2,20,15,32,0,250,64,0,0,0,0,49,4,186,0,0,0,0,0,0,0,0,0,0,0,0,0,0,0
1,69,2,20,15,32,0,250,49,13,0,0,0,49,4,198,0,0,0,0,0,0,0,0,0,0,0,0,0,0,0
1,69,2,20,15,32,0,250,49,18,0,0,0,49,4,217,0,0,0,0,0,0,0,0,0,0,0,0,0,0,0
1,69,2,20,15,32,0,250,49,9,0,0,0,49,4,194,0,0,0,0,0,0,0,0,0,0,0,0,0,0,0
1,69,2,20,15,32,0,250,49,16,0,0,0,49,4,219,0,0,0,0,0,0,0,0,0,0,0,0,0,0,0
1,69,2,20,15,32,0,250,49,10,0,0,0,49,4,193,0,0,0,0,0,0,0,0,0,0,0,0,0,0,0
1,65,13,13,13,32,2,52,171,0,0,0,0,0,0,0,0,0,0,0,0,0,0,0,0,0,0,0,0,0,0
13,3,13,11,1,125,231,0,0,0,0,0,0,0,0,0,0,0,0,0,0,0,0,0,0,0,0,0,0,0,0
13,65,1,14,1,32,3,0,85,82,0,0,0,0,0,0,0,0,0,0,0,0,0,0,0,0,0,0,0,0,0
1,3,1,11,13,66,33,0,0,0,0,0,0,0,0,0,0,0,0,0,0,0,0,0,0,0,0,0,0,0,0
10,65,2,33,1,86,1,96,13,1,0,50,2,33,68,0,0,0,0,0,0,0,0,0,0,7,90,124,110,0,0
1,3,2,11,10,107,150,0,0,0,0,0,0,0,0,0,0,0,0,0,0,0,0,0,0,0,0,0,0,0,0
10,65,3,33,1,86,1,96,13,2,0,50,2,33,68,0,0,0,20,0,0,0,0,0,0,25,170,57,218,0,0
1,3,3,11,10,92,166,0,0,0,0,0,0,0,0,0,0,0,0,0,0,0,0,0,0,0,0,0,0,0,0
10,65,4,29,1,86,1,96,13,1,0,50,2,33,50,0,0,0,0,0,0,202,252,212,221,0,0,0,0,0,0
1,3,4,11,10,217,54,0,0,0,0,0,0,0,0,0,0,0,0,0,0,0,0,0,0,0,0,0,0,0,0
10,65,5,29,1,86,1,96,13,2,0,50,2,33,50,0,0,0,0,0,0,207,99,1,43,0,0,0,0,0,0
1,3,5,11,10,238,6,0,0,0,0,0,0,0,0,0,0,0,0,0,0,0,0,0,0,0,0,0,0,0,0
1,65,13,13,10,32,2,177,59,0,0,0,0,0,0,0,0,0,0,0,0,0,0,0,0,0,0,0,0,0,0
10,3,13,11,1,26,51,0,0,0,0,0,0,0,0,0,0,0,0,0,0,0,0,0,0,0,0,0,0,0,0
10,65,6,14,1,32,3,0,90,11,0,0,0,0,0,0,0,0,0,0,0,0,0,0,0,0,0,0,0,0,0
1,3,6,11,10,183,86,0,0,0,0,0,0,0,0,0,0,0,0,0,0,0,0,0,0,0,0,0,0,0,0
1,65,7,17,16,86,1,32,2,77,38,245,42,0,0,0,0,0,0,0,0,0,0,0,0,0,0,0,0,0,0
16,3,7,11,1,159,6,0,0,0,0,0,0,0,0,0,0,0,0,0,0,0,0,0,0,0,0,0,0,0,0
16,65,14,18,1,86,1,32,3,0,140,88,211,178,0,0,0,0,0,0,0,0,0,0,0,0,0,0,0,0,0
1,3,14,11,16,173,140,0,0,0,0,0,0,0,0,0,0,0,0,0,0,0,0,0,0,0,0,0,0,0,0
1,65,10,17,9,86,1,32,2,77,38,183,174,0,0,0,0,0,0,0,0,0,0,0,0,0,0,0,0,0,0
9,3,10,11,1,113,113,0,0,0,0,0,0,0,0,0,0,0,0,0,0,0,0,0,0,0,0,0,0,0,0
9,65,5,18,1,86,1,32,3,0,140,88,7,187,0,0,0,0,0,0,0,0,0,0,0,0,0,0,0,0,0
1,3,5,11,9,222,101,0,0,0,0,0,0,0,0,0,0,0,0,0,0,0,0,0,0,0,0,0,0,0,0
1,65,14,13,13,32,2,218,121,0,0,0,0,0,0,0,0,0,0,0,0,0,0,0,0,0,0,0,0,0,0
13,3,14,11,1,36,183,0,0,0,0,0,0,0,0,0,0,0,0,0,0,0,0,0,0,0,0,0,0,0,0
13,65,2,14,1,32,3,0,155,178,0,0,0,0,0,0,0,0,0,0,0,0,0,0,0,0,0,0,0,0,0
1,3,2,11,13,27,113,0,0,0,0,0,0,0,0,0,0,0,0,0,0,0,0,0,0,0,0,0,0,0,0
7,3,14,10,1,73,0,0,0,0,0,0,0,0,0,0,0,0,0,0,0,0,0,0,0,0,0,0,0,0,0
1,3,1,10,7,70,0,0,0,0,0,0,0,0,0,0,0,0,0,0,0,0,0,0,0,0,0,0,0,0,0
1,65,14,13,10,32,2,95,233,0,0,0,0,0,0,0,0,0,0,0,0,0,0,0,0,0,0,0,0,0,0
10,3,14,11,1,67,99,0,0,0,0,0,0,0,0,0,0,0,0,0,0,0,0,0,0,0,0,0,0,0,0
10,65,7,14,1,32,3,0,31,171,0,0,0,0,0,0,0,0,0,0,0,0,0,0,0,0,0,0,0,0,0
1,3,7,11,10,128,102,0,0,0,0,0,0,0,0,0,0,0,0,0,0,0,0,0,0,0,0,0,0,0,0
1,65,8,17,16,86,1,32,2,77,38,109,126,0,0,0,0,0,0,0,0,0,0,0,0,0,0,0,0,0,0
16,3,8,11,1,179,55,0,0,0,0,0,0,0,0,0,0,0,0,0,0,0,0,0,0,0,0,0,0,0,0
16,65,15,18,1,86,1,32,3,0,140,88,188,247,0,0,0,0,0,0,0,0,0,0,0,0,0,0,0,0,0
1,3,15,11,16,154,188,0,0,0,0,0,0,0,0,0,0,0,0,0,0,0,0,0,0,0,0,0,0,0,0
1,65,12,17,9,86,1,32,2,77,38,237,38,0,0,0,0,0,0,0,0,0,0,0,0,0,0,0,0,0,0
9,3,12,11,1,195,209,0,0,0,0,0,0,0,0,0,0,0,0,0,0,0,0,0,0,0,0,0,0,0,0
9,65,6,18,1,86,1,32,3,0,140,88,182,116,0,0,0,0,0,0,0,0,0,0,0,0,0,0,0,0,0
1,3,6,11,9,135,53,0,0,0,0,0,0,0,0,0,0,0,0,0,0,0,0,0,0,0,0,0,0,0,0
1,65,15,13,13,32,2,112,40,0,0,0,0,0,0,0,0,0,0,0,0,0,0,0,0,0,0,0,0,0,0
13,3,15,11,1,19,135,0,0,0,0,0,0,0,0,0,0,0,0,0,0,0,0,0,0,0,0,0,0,0,0
13,65,3,14,1,32,3,0,222,18,0,0,0,0,0,0,0,0,0,0,0,0,0,0,0,0,0,0,0,0,0
1,3,3,11,13,44,65,0,0,0,0,0,0,0,0,0,0,0,0,0,0,0,0,0,0,0,0,0,0,0,0
11,65,1,12,1,132,7,141,0,0,0,0,0,0,0,0,0,0,0,0,0,0,0,0,0,0,0,0,0,0,0
1,3,1,10,11,74,0,0,0,0,0,0,0,0,0,0,0,0,0,0,0,0,0,0,0,0,0,0,0,0,0
1,65,15,12,11,132,8,140,0,0,0,0,0,0,0,0,0,0,0,0,0,0,0,0,0,0,0,0,0,0,0
11,3,15,10,1,68,0,0,0,0,0,0,0,0,0,0,0,0,0,0,0,0,0,0,0,0,0,0,0,0,0
12,65,1,12,1,132,7,138,0,0,0,0,0,0,0,0,0,0,0,0,0,0,0,0,0,0,0,0,0,0,0
1,3,1,10,12,77,0,0,0,0,0,0,0,0,0,0,0,0,0,0,0,0,0,0,0,0,0,0,0,0,0
1,65,15,13,10,32,2,245,184,0,0,0,0,0,0,0,0,0,0,0,0,0,0,0,0,0,0,0,0,0,0
10,3,15,11,1,116,83,0,0,0,0,0,0,0,0,0,0,0,0,0,0,0,0,0,0,0,0,0,0,0,0
10,65,8,14,1,32,3,0,218,168,0,0,0,0,0,0,0,0,0,0,0,0,0,0,0,0,0,0,0,0,0
1,3,8,11,10,172,87,0,0,0,0,0,0,0,0,0,0,0,0,0,0,0,0,0,0,0,0,0,0,0,0
1,65,1,12,12,132,8,133,0,0,0,0,0,0,0,0,0,0,0,0,0,0,0,0,0,0,0,0,0,0,0
12,3,1,10,1,77,0,0,0,0,0,0,0,0,0,0,0,0,0,0,0,0,0,0,0,0,0,0,0,0,0
1,65,9,17,16,86,1,32,2,77,38,134,93,0,0,0,0,0,0,0,0,0,0,0,0,0,0,0,0,0,0
16,3,9,11,1,132,7,0,0,0,0,0,0,0,0,0,0,0,0,0,0,0,0,0,0,0,0,0,0,0,0
16,65,1,18,1,86,1,32,3,0,140,88,133,3,0,0,0,0,0,0,0,0,0,0,0,0,0,0,0,0,0
1,3,1,11,16,129,189,0,0,0,0,0,0,0,0,0,0,0,0,0,0,0,0,0,0,0,0,0,0,0,0
1,65,13,17,9,86,1,32,2,77,38,6,5,0,0,0,0,0,0,0,0,0,0,0,0,0,0,0,0,0,0
9,3,13,11,1,244,225,0,0,0,0,0,0,0,0,0,0,0,0,0,0,0,0,0,0,0,0,0,0,0,0
9,65,7,18,1,86,1,32,3,0,140,88,217,49,0,0,0,0,0,0,0,0,0,0,0,0,0,0,0,0,0
1,3,7,11,9,176,5,0,0,0,0,0,0,0,0,0,0,0,0,0,0,0,0,0,0,0,0,0,0,0,0
1,65,1,13,13,32,2,191,128,0,0,0,0,0,0,0,0,0,0,0,0,0,0,0,0,0,0,0,0,0,0
13,3,1,11,1,8,134,0,0,0,0,0,0,0,0,0,0,0,0,0,0,0,0,0,0,0,0,0,0,0,0
13,65,4,14,1,32,3,0,22,83,0,0,0,0,0,0,0,0,0,0,0,0,0,0,0,0,0,0,0,0,0
1,3,4,11,13,169,209,0,0,0,0,0,0,0,0,0,0,0,0,0,0,0,0,0,0,0,0,0,0,0,0
1,65,1,13,10,32,2,58,16,0,0,0,0,0,0,0,0,0,0,0,0,0,0,0,0,0,0,0,0,0,0
10,3,1,11,1,111,82,0,0,0,0,0,0,0,0,0,0,0,0,0,0,0,0,0,0,0,0,0,0,0,0
10,65,9,14,1,32,3,0,159,8,0,0,0,0,0,0,0,0,0,0,0,0,0,0,0,0,0,0,0,0,0
1,3,9,11,10,155,103,0,0,0,0,0,0,0,0,0,0,0,0,0,0,0,0,0,0,0,0,0,0,0,0
17,65,1,17,1,49,5,1,42,2,129,221,184,0,0,0,0,0,0,0,0,0,0,0,0,0,0,0,0,0,0
1,3,1,11,17,145,156,0,0,0,0,0,0,0,0,0,0,0,0,0,0,0,0,0,0,0,0,0,0,0,0
17,65,2,16,1,49,5,5,1,25,231,216,0,0,0,0,0,0,0,0,0,0,0,0,0,0,0,0,0,0,0
1,3,2,11,17,200,204,0,0,0,0,0,0,0,0,0,0,0,0,0,0,0,0,0,0,0,0,0,0,0,0
17,65,3,17,1,49,5,3,10,0,0,151,186,0,0,0,0,0,0,0,0,0,0,0,0,0,0,0,0,0,0
1,3,3,11,17,255,252,0,0,0,0,0,0,0,0,0,0,0,0,0,0,0,0,0,0,0,0,0,0,0,0
17,65,4,16,1,49,5,27,1,0,188,105,0,0,0,0,0,0,0,0,0,0,0,0,0,0,0,0,0,0,0
1,3,4,11,17,122,108,0,0,0,0,0,0,0,0,0,0,0,0,0,0,0,0,0,0,0,0,0,0,0,0
17,65,5,13,1,132,7,245,131,0,0,0,0,0,0,0,0,0,0,0,0,0,0,0,0,0,0,0,0,0,0
1,3,5,11,17,77,92,0,0,0,0,0,0,0,0,0,0,0,0,0,0,0,0,0,0,0,0,0,0,0,0
1,65,3,13,17,132,8,189,241,0,0,0,0,0,0,0,0,0,0,0,0,0,0,0,0,0,0,0,0,0,0
17,3,3,11,1,233,151,0,0,0,0,0,0,0,0,0,0,0,0,0,0,0,0,0,0,0,0,0,0,0,0
1,65,11,17,16,86,1,32,2,77,38,64,58,0,0,0,0,0,0,0,0,0,0,0,0,0,0,0,0,0,0
16,3,11,11,1,234,103,0,0,0,0,0,0,0,0,0,0,0,0,0,0,0,0,0,0,0,0,0,0,0,0
16,65,2,18,1,86,1,32,3,0,140,88,52,204,0,0,0,0,0,0,0,0,0,0,0,0,0,0,0,0,0
1,3,2,11,16,216,237,0,0,0,0,0,0,0,0,0,0,0,0,0,0,0,0,0,0,0,0,0,0,0,0
1,65,15,17,9,86,1,32,2,77,38,192,98,0,0,0,0,0,0,0,0,0,0,0,0,0,0,0,0,0,0
9,3,15,11,1,154,129,0,0,0,0,0,0,0,0,0,0,0,0,0,0,0,0,0,0,0,0,0,0,0,0
9,65,8,18,1,86,1,32,3,0,140,88,143,128,0,0,0,0,0,0,0,0,0,0,0,0,0,0,0,0,0
1,3,8,11,9,156,52,0,0,0,0,0,0,0,0,0,0,0,0,0,0,0,0,0,0,0,0,0,0,0,0
1,65,3,13,13,32,2,251,3,0,0,0,0,0,0,0,0,0,0,0,0,0,0,0,0,0,0,0,0,0,0
13,3,3,11,1,102,230,0,0,0,0,0,0,0,0,0,0,0,0,0,0,0,0,0,0,0,0,0,0,0,0
13,65,5,14,1,32,3,0,83,243,0,0,0,0,0,0,0,0,0,0,0,0,0,0,0,0,0,0,0,0,0
1,3,5,11,13,158,225,0,0,0,0,0,0,0,0,0,0,0,0,0,0,0,0,0,0,0,0,0,0,0,0
10,65,10,33,1,86,1,96,13,1,0,50,2,33,68,0,0,0,0,0,0,0,0,0,0,7,90,113,140,0,0
1,3,10,11,10,194,55,0,0,0,0,0,0,0,0,0,0,0,0,0,0,0,0,0,0,0,0,0,0,0,0
10,65,11,33,1,86,1,96,13,2,0,50,2,33,68,0,0,0,20,0,0,0,0,0,0,25,170,52,56,0,0
1,3,11,11,10,245,7,0,0,0,0,0,0,0,0,0,0,0,0,0,0,0,0,0,0,0,0,0,0,0,0
10,65,12,29,1,86,1,96,13,1,0,50,2,33,50,0,0,0,0,0,0,202,252,27,171,0,0,0,0,0,0
1,3,12,11,10,112,151,0,0,0,0,0,0,0,0,0,0,0,0,0,0,0,0,0,0,0,0,0,0,0,0
10,65,13,29,1,86,1,96,13,2,0,50,2,33,50,0,0,0,0,0,0,207,99,206,93,0,0,0,0,0,0
1,3,13,11,10,71,167,0,0,0,0,0,0,0,0,0,0,0,0,0,0,0,0,0,0,0,0,0,0,0,0
1,65,6,13,10,32,2,93,196,0,0,0,0,0,0,0,0,0,0,0,0,0,0,0,0,0,0,0,0,0,0
10,3,6,11,1,234,194,0,0,0,0,0,0,0,0,0,0,0,0,0,0,0,0,0,0,0,0,0,0,0,0
10,65,14,14,1,32,3,0,87,73,0,0,0,0,0,0,0,0,0,0,0,0,0,0,0,0,0,0,0,0,0
1,3,14,11,10,30,247,0,0,0,0,0,0,0,0,0,0,0,0,0,0,0,0,0,0,0,0,0,0,0,0
1,65,15,17,16,86,1,32,2,77,38,220,213,0,0,0,0,0,0,0,0,0,0,0,0,0,0,0,0,0,0
16,3,15,11,1,54,167,0,0,0,0,0,0,0,0,0,0,0,0,0,0,0,0,0,0,0,0,0,0,0,0
16,65,3,18,1,86,1,32,3,0,140,88,91,137,0,0,0,0,0,0,0,0,0,0,0,0,0,0,0,0,0
1,3,3,11,16,239,221,0,0,0,0,0,0,0,0,0,0,0,0,0,0,0,0,0,0,0,0,0,0,0,0
1,65,4,17,9,86,1,32,2,77,38,196,217,0,0,0,0,0,0,0,0,0,0,0,0,0,0,0,0,0,0
9,3,4,11,1,106,112,0,0,0,0,0,0,0,0,0,0,0,0,0,0,0,0,0,0,0,0,0,0,0,0
9,65,9,18,1,86,1,32,3,0,140,88,224,197,0,0,0,0,0,0,0,0,0,0,0,0,0,0,0,0,0
1,3,9,11,9,171,4,0,0,0,0,0,0,0,0,0,0,0,0,0,0,0,0,0,0,0,0,0,0,0,0
1,65,7,13,13,32,2,114,5,0,0,0,0,0,0,0,0,0,0,0,0,0,0,0,0,0,0,0,0,0,0
13,3,7,11,1,186,38,0,0,0,0,0,0,0,0,0,0,0,0,0,0,0,0,0,0,0,0,0,0,0,0
13,65,6,14,1,32,3,0,157,19,0,0,0,0,0,0,0,0,0,0,0,0,0,0,0,0,0,0,0,0,0
1,3,6,11,13,199,177,0,0,0,0,0,0,0,0,0,0,0,0,0,0,0,0,0,0,0,0,0,0,0,0
7,3,3,10,1,68,0,0,0,0,0,0,0,0,0,0,0,0,0,0,0,0,0,0,0,0,0,0,0,0,0
1,3,1,10,7,70,0,0,0,0,0,0,0,0,0,0,0,0,0,0,0,0,0,0,0,0,0,0,0,0,0
1,65,6,13,10,32,2,93,196,0,0,0,0,0,0,0,0,0,0,0,0,0,0,0,0,0,0,0,0,0,0
10,3,6,11,1,234,194,0,0,0,0,0,0,0,0,0,0,0,0,0,0,0,0,0,0,0,0,0,0,0,0
10,65,15,14,1,32,3,0,18,233,0,0,0,0,0,0,0,0,0,0,0,0,0,0,0,0,0,0,0,0,0
1,3,15,11,10,41,199,0,0,0,0,0,0,0,0,0,0,0,0,0,0,0,0,0,0,0,0,0,0,0,0
1,65,15,17,16,86,1,32,2,77,38,220,213,0,0,0,0,0,0,0,0,0,0,0,0,0,0,0,0,0,0
16,3,15,11,1,54,167,0,0,0,0,0,0,0,0,0,0,0,0,0,0,0,0,0,0,0,0,0,0,0,0
16,65,4,18,1,86,1,32,3,0,140,88,71,115,0,0,0,0,0,0,0,0,0,0,0,0,0,0,0,0,0
1,3,4,11,16,106,77,0,0,0,0,0,0,0,0,0,0,0,0,0,0,0,0,0,0,0,0,0,0,0,0
1,65,4,17,9,86,1,32,2,77,38,196,217,0,0,0,0,0,0,0,0,0,0,0,0,0,0,0,0,0,0
9,3,4,11,1,106,112,0,0,0,0,0,0,0,0,0,0,0,0,0,0,0,0,0,0,0,0,0,0,0,0
9,65,10,18,1,86,1,32,3,0,140,88,81,10,0,0,0,0,0,0,0,0,0,0,0,0,0,0,0,0,0
1,3,10,11,9,242,84,0,0,0,0,0,0,0,0,0,0,0,0,0,0,0,0,0,0,0,0,0,0,0,0
1,65,7,13,13,32,2,114,5,0,0,0,0,0,0,0,0,0,0,0,0,0,0,0,0,0,0,0,0,0,0
13,3,7,11,1,186,38,0,0,0,0,0,0,0,0,0,0,0,0,0,0,0,0,0,0,0,0,0,0,0,0
13,65,7,14,1,32,3,0,216,179,0,0,0,0,0,0,0,0,0,0,0,0,0,0,0,0,0,0,0,0,0
1,3,7,11,13,240,129,0,0,0,0,0,0,0,0,0,0,0,0,0,0,0,0,0,0,0,0,0,0,0,0
1,65,7,13,10,32,2,247,149,0,0,0,0,0,0,0,0,0,0,0,0,0,0,0,0,0,0,0,0,0,0
10,3,7,11,1,221,242,0,0,0,0,0,0,0,0,0,0,0,0,0,0,0,0,0,0,0,0,0,0,0,0
10,65,1,14,1,32,3,0,146,74,0,0,0,0,0,0,0,0,0,0,0,0,0,0,0,0,0,0,0,0,0
1,3,1,11,10,50,198,0,0,0,0,0,0,0,0,0,0,0,0,0,0,0,0,0,0,0,0,0,0,0,0
1,65,2,17,16,86,1,32,2,77,38,130,230,0,0,0,0,0,0,0,0,0,0,0,0,0,0,0,0,0,0
16,3,2,11,1,116,246,0,0,0,0,0,0,0,0,0,0,0,0,0,0,0,0,0,0,0,0,0,0,0,0
16,65,5,18,1,86,1,32,3,0,140,88,40,54,0,0,0,0,0,0,0,0,0,0,0,0,0,0,0,0,0
1,3,5,11,16,93,125,0,0,0,0,0,0,0,0,0,0,0,0,0,0,0,0,0,0,0,0,0,0,0,0
1,65,5,17,9,86,1,32,2,77,38,47,250,0,0,0,0,0,0,0,0,0,0,0,0,0,0,0,0,0,0
9,3,5,11,1,93,64,0,0,0,0,0,0,0,0,0,0,0,0,0,0,0,0,0,0,0,0,0,0,0,0
9,65,11,18,1,86,1,32,3,0,140,88,62,79,0,0,0,0,0,0,0,0,0,0,0,0,0,0,0,0,0
1,3,11,11,9,197,100,0,0,0,0,0,0,0,0,0,0,0,0,0,0,0,0,0,0,0,0,0,0,0,0
1,65,8,13,13,32,2,23,252,0,0,0,0,0,0,0,0,0,0,0,0,0,0,0,0,0,0,0,0,0,0
13,3,8,11,1,150,23,0,0,0,0,0,0,0,0,0,0,0,0,0,0,0,0,0,0,0,0,0,0,0,0
13,65,8,14,1,32,3,0,29,176,0,0,0,0,0,0,0,0,0,0,0,0,0,0,0,0,0,0,0,0,0
1,3,8,11,13,220,176,0,0,0,0,0,0,0,0,0,0,0,0,0,0,0,0,0,0,0,0,0,0,0,0
11,65,1,12,1,132,7,141,0,0,0,0,0,0,0,0,0,0,0,0,0,0,0,0,0,0,0,0,0,0,0
1,3,1,10,11,74,0,0,0,0,0,0,0,0,0,0,0,0,0,0,0,0,0,0,0,0,0,0,0,0,0
1,65,4,12,11,132,8,135,0,0,0,0,0,0,0,0,0,0,0,0,0,0,0,0,0,0,0,0,0,0,0
11,3,4,10,1,79,0,0,0,0,0,0,0,0,0,0,0,0,0,0,0,0,0,0,0,0,0,0,0,0,0
12,65,1,12,1,132,7,138,0,0,0,0,0,0,0,0,0,0,0,0,0,0,0,0,0,0,0,0,0,0,0
1,3,1,10,12,77,0,0,0,0,0,0,0,0,0,0,0,0,0,0,0,0,0,0,0,0,0,0,0,0,0
1,65,5,12,12,132,8,129,0,0,0,0,0,0,0,0,0,0,0,0,0,0,0,0,0,0,0,0,0,0,0
12,3,5,10,1,73,0,0,0,0,0,0,0,0,0,0,0,0,0,0,0,0,0,0,0,0,0,0,0,0,0
17,65,1,17,1,49,5,1,42,2,124,227,10,0,0,0,0,0,0,0,0,0,0,0,0,0,0,0,0,0,0
1,3,1,11,17,145,156,0,0,0,0,0,0,0,0,0,0,0,0,0,0,0,0,0,0,0,0,0,0,0,0
17,65,2,16,1,49,5,5,1,24,247,249,0,0,0,0,0,0,0,0,0,0,0,0,0,0,0,0,0,0,0
1,3,2,11,17,200,204,0,0,0,0,0,0,0,0,0,0,0,0,0,0,0,0,0,0,0,0,0,0,0,0
17,65,3,17,1,49,5,3,10,0,0,151,186,0,0,0,0,0,0,0,0,0,0,0,0,0,0,0,0,0,0
1,3,3,11,17,255,252,0,0,0,0,0,0,0,0,0,0,0,0,0,0,0,0,0,0,0,0,0,0,0,0
17,65,4,16,1,49,5,27,1,0,188,105,0,0,0,0,0,0,0,0,0,0,0,0,0,0,0,0,0,0,0
1,3,4,11,17,122,108,0,0,0,0,0,0,0,0,0,0,0,0,0,0,0,0,0,0,0,0,0,0,0,0
17,65,5,13,1,132,7,245,131,0,0,0,0,0,0,0,0,0,0,0,0,0,0,0,0,0,0,0,0,0,0
1,3,5,11,17,77,92,0,0,0,0,0,0,0,0,0,0,0,0,0,0,0,0,0,0,0,0,0,0,0,0
1,65,7,13,17,132,8,52,247,0,0,0,0,0,0,0,0,0,0,0,0,0,0,0,0,0,0,0,0,0,0
17,3,7,11,1,53,87,0,0,0,0,0,0,0,0,0,0,0,0,0,0,0,0,0,0,0,0,0,0,0,0
1,65,9,13,10,32,2,56,61,0,0,0,0,0,0,0,0,0,0,0,0,0,0,0,0,0,0,0,0,0,0
10,3,9,11,1,198,243,0,0,0,0,0,0,0,0,0,0,0,0,0,0,0,0,0,0,0,0,0,0,0,0
10,65,2,14,1,32,3,0,92,170,0,0,0,0,0,0,0,0,0,0,0,0,0,0,0,0,0,0,0,0,0
1,3,2,11,10,107,150,0,0,0,0,0,0,0,0,0,0,0,0,0,0,0,0,0,0,0,0,0,0,0,0
1,65,4,17,16,86,1,32,2,77,38,216,110,0,0,0,0,0,0,0,0,0,0,0,0,0,0,0,0,0,0
16,3,4,11,1,198,86,0,0,0,0,0,0,0,0,0,0,0,0,0,0,0,0,0,0,0,0,0,0,0,0
16,65,6,18,1,86,1,32,3,0,140,88,153,249,0,0,0,0,0,0,0,0,0,0,0,0,0,0,0,0,0
1,3,6,11,16,4,45,0,0,0,0,0,0,0,0,0,0,0,0,0,0,0,0,0,0,0,0,0,0,0,0
1,65,7,17,9,86,1,32,2,77,38,233,157,0,0,0,0,0,0,0,0,0,0,0,0,0,0,0,0,0,0
9,3,7,11,1,51,32,0,0,0,0,0,0,0,0,0,0,0,0,0,0,0,0,0,0,0,0,0,0,0,0
9,65,12,18,1,86,1,32,3,0,140,88,34,181,0,0,0,0,0,0,0,0,0,0,0,0,0,0,0,0,0
1,3,12,11,9,64,244,0,0,0,0,0,0,0,0,0,0,0,0,0,0,0,0,0,0,0,0,0,0,0,0
1,65,6,12,8,37,2,45,0,0,0,0,0,0,0,0,0,0,0,0,0,0,0,0,0,0,0,0,0,0,0
1,65,6,12,8,37,2,45,0,0,0,0,0,0,0,0,0,0,0,0,0,0,0,0,0,0,0,0,0,0,0
1,65,6,12,8,37,2,45,0,0,0,0,0,0,0,0,0,0,0,0,0,0,0,0,0,0,0,0,0,0,0
1,65,7,12,8,37,2,44,0,0,0,0,0,0,0,0,0,0,0,0,0,0,0,0,0,0,0,0,0,0,0
8,3,7,10,1,79,0,0,0,0,0,0,0,0,0,0,0,0,0,0,0,0,0,0,0,0,0,0,0,0,0
8,65,65,13,1,37,3,0,106,0,0,0,0,0,0,0,0,0,0,0,0,0,0,0,0,0,0,0,0,0,0
1,3,1,10,8,73,0,0,0,0,0,0,0,0,0,0,0,0,0,0,0,0,0,0,0,0,0,0,0,0,0
1,65,10,13,13,32,2,83,127,0,0,0,0,0,0,0,0,0,0,0,0,0,0,0,0,0,0,0,0,0,0
13,3,10,11,1,248,119,0,0,0,0,0,0,0,0,0,0,0,0,0,0,0,0,0,0,0,0,0,0,0,0
13,65,9,14,1,32,3,0,88,16,0,0,0,0,0,0,0,0,0,0,0,0,0,0,0,0,0,0,0,0,0
1,3,9,11,13,235,128,0,0,0,0,0,0,0,0,0,0,0,0,0,0,0,0,0,0,0,0,0,0,0,0
10,65,3,33,1,86,1,96,13,1,0,50,2,33,68,0,0,0,0,0,0,0,0,0,0,7,90,57,218,0,0
1,3,3,11,10,92,166,0,0,0,0,0,0,0,0,0,0,0,0,0,0,0,0,0,0,0,0,0,0,0,0
10,65,4,33,1,86,1,96,13,2,0,50,2,33,68,0,0,0,21,0,0,0,0,0,0,161,203,241,247,0,0
1,3,4,11,10,217,54,0,0,0,0,0,0,0,0,0,0,0,0,0,0,0,0,0,0,0,0,0,0,0,0
10,65,5,29,1,86,1,96,13,1,0,50,2,33,50,0,0,0,0,0,0,202,252,1,43,0,0,0,0,0,0
1,3,5,11,10,238,6,0,0,0,0,0,0,0,0,0,0,0,0,0,0,0,0,0,0,0,0,0,0,0,0
10,65,6,29,1,86,1,96,13,2,0,50,2,33,50,0,0,0,0,0,0,207,99,111,16,0,0,0,0,0,0
1,3,6,11,10,183,86,0,0,0,0,0,0,0,0,0,0,0,0,0,0,0,0,0,0,0,0,0,0,0,0
1,65,13,13,10,32,2,177,59,0,0,0,0,0,0,0,0,0,0,0,0,0,0,0,0,0,0,0,0,0,0
10,3,13,11,1,26,51,0,0,0,0,0,0,0,0,0,0,0,0,0,0,0,0,0,0,0,0,0,0,0,0
10,65,7,14,1,32,3,0,31,171,0,0,0,0,0,0,0,0,0,0,0,0,0,0,0,0,0,0,0,0,0
1,3,7,11,10,128,102,0,0,0,0,0,0,0,0,0,0,0,0,0,0,0,0,0,0,0,0,0,0,0,0
1,65,8,12,15,49,4,54,0,0,0,0,0,0,0,0,0,0,0,0,0,0,0,0,0,0,0,0,0,0,0
1,65,8,12,15,49,4,54,0,0,0,0,0,0,0,0,0,0,0,0,0,0,0,0,0,0,0,0,0,0,0
1,65,8,12,15,49,4,54,0,0,0,0,0,0,0,0,0,0,0,0,0,0,0,0,0,0,0,0,0,0,0
1,129,3,16,15,0,32,16,13,49,4,220,0,0,0,0,0,0,0,0,0,0,0,0,0,0,0,0,0,0,0
1,129,3,16,15,0,33,16,13,49,4,221,0,0,0,0,0,0,0,0,0,0,0,0,0,0,0,0,0,0,0
1,129,3,16,15,0,34,16,13,49,4,222,0,0,0,0,0,0,0,0,0,0,0,0,0,0,0,0,0,0,0
1,129,3,16,15,0,34,16,13,49,4,222,0,0,0,0,0,0,0,0,0,0,0,0,0,0,0,0,0,0,0
1,129,3,16,15,0,34,16,13,49,4,222,0,0,0,0,0,0,0,0,0,0,0,0,0,0,0,0,0,0,0
15,129,3,14,1,37,32,16,13,210,0,0,0,0,0,0,0,0,0,0,0,0,0,0,0,0,0,0,0,0,0
15,193,3,14,1,37,47,16,13,157,0,0,0,0,0,0,0,0,0,0,0,0,0,0,0,0,0,0,0,0,0
1,3,3,10,16,83,0,0,0,0,0,0,0,0,0,0,0,0,0,0,0,0,0,0,0,0,0,0,0,0,0
1,129,4,16,15,0,32,16,9,49,4,223,0,0,0,0,0,0,0,0,0,0,0,0,0,0,0,0,0,0,0
1,129,4,16,15,0,33,16,9,49,4,222,0,0,0,0,0,0,0,0,0,0,0,0,0,0,0,0,0,0,0
1,129,4,16,15,0,34,16,9,49,4,221,0,0,0,0,0,0,0,0,0,0,0,0,0,0,0,0,0,0,0
1,129,4,16,15,0,34,16,9,49,4,221,0,0,0,0,0,0,0,0,0,0,0,0,0,0,0,0,0,0,0
1,129,4,16,15,0,34,16,9,49,4,221,0,0,0,0,0,0,0,0,0,0,0,0,0,0,0,0,0,0,0
15,129,4,14,1,37,32,16,9,209,0,0,0,0,0,0,0,0,0,0,0,0,0,0,0,0,0,0,0,0,0
15,193,4,14,1,37,47,16,9,158,0,0,0,0,0,0,0,0,0,0,0,0,0,0,0,0,0,0,0,0,0
1,3,4,10,16,84,0,0,0,0,0,0,0,0,0,0,0,0,0,0,0,0,0,0,0,0,0,0,0,0,0
1,129,5,15,15,0,16,13,49,4,229,0,0,0,0,0,0,0,0,0,0,0,0,0,0,0,0,0,0,0,0
1,129,5,15,15,0,17,13,49,4,228,0,0,0,0,0,0,0,0,0,0,0,0,0,0,0,0,0,0,0,0
1,129,5,15,15,0,17,13,49,4,228,0,0,0,0,0,0,0,0,0,0,0,0,0,0,0,0,0,0,0,0
1,129,5,15,15,0,17,13,49,4,228,0,0,0,0,0,0,0,0,0,0,0,0,0,0,0,0,0,0,0,0
15,193,5,13,1,21,31,13,136,0,0,0,0,0,0,0,0,0,0,0,0,0,0,0,0,0,0,0,0,0,0
1,3,5,10,13,72,0,0,0,0,0,0,0,0,0,0,0,0,0,0,0,0,0,0,0,0,0,0,0,0,0
1,129,6,16,15,0,32,13,10,49,4,195,0,0,0,0,0,0,0,0,0,0,0,0,0,0,0,0,0,0,0
1,129,6,16,15,0,33,13,10,49,4,194,0,0,0,0,0,0,0,0,0,0,0,0,0,0,0,0,0,0,0
1,129,6,16,15,0,34,13,10,49,4,193,0,0,0,0,0,0,0,0,0,0,0,0,0,0,0,0,0,0,0
1,129,6,16,15,0,34,13,10,49,4,193,0,0,0,0,0,0,0,0,0,0,0,0,0,0,0,0,0,0,0
1,129,6,16,15,0,34,13,10,49,4,193,0,0,0,0,0,0,0,0,0,0,0,0,0,0,0,0,0,0,0
15,129,6,14,1,37,32,13,10,205,0,0,0,0,0,0,0,0,0,0,0,0,0,0,0,0,0,0,0,0,0
15,193,6,14,1,37,47,13,10,130,0,0,0,0,0,0,0,0,0,0,0,0,0,0,0,0,0,0,0,0,0
1,3,6,10,13,75,0,0,0,0,0,0,0,0,0,0,0,0,0,0,0,0,0,0,0,0,0,0,0,0,0
1,129,7,15,15,0,16,10,49,4,224,0,0,0,0,0,0,0,0,0,0,0,0,0,0,0,0,0,0,0,0
1,129,7,15,15,0,17,10,49,4,225,0,0,0,0,0,0,0,0,0,0,0,0,0,0,0,0,0,0,0,0
1,129,7,15,15,0,17,10,49,4,225,0,0,0,0,0,0,0,0,0,0,0,0,0,0,0,0,0,0,0,0
1,129,7,15,15,0,17,10,49,4,225,0,0,0,0,0,0,0,0,0,0,0,0,0,0,0,0,0,0,0,0
15,193,7,13,1,21,31,10,141,0,0,0,0,0,0,0,0,0,0,0,0,0,0,0,0,0,0,0,0,0,0
1,3,7,10,10,77,0,0,0,0,0,0,0,0,0,0,0,0,0,0,0,0,0,0,0,0,0,0,0,0,0
1,65,9,12,15,49,4,55,0,0,0,0,0,0,0,0,0,0,0,0,0,0,0,0,0,0,0,0,0,0,0
1,65,9,12,15,49,4,55,0,0,0,0,0,0,0,0,0,0,0,0,0,0,0,0,0,0,0,0,0,0,0
1,65,9,12,15,49,4,55,0,0,0,0,0,0,0,0,0,0,0,0,0,0,0,0,0,0,0,0,0,0,0
1,69,8,20,15,32,0,250,64,0,0,0,0,49,4,176,0,0,0,0,0,0,0,0,0,0,0,0,0,0,0
1,69,8,20,15,32,0,250,49,18,0,0,0,49,4,211,0,0,0,0,0,0,0,0,0,0,0,0,0,0,0
1,69,8,20,15,32,0,250,49,13,0,0,0,49,4,204,0,0,0,0,0,0,0,0,0,0,0,0,0,0,0
1,69,8,20,15,32,0,250,49,16,0,0,0,49,4,209,0,0,0,0,0,0,0,0,0,0,0,0,0,0,0
1,69,8,20,15,32,0,250,49,10,0,0,0,49,4,203,0,0,0,0,0,0,0,0,0,0,0,0,0,0,0
1,69,8,20,15,32,0,250,49,9,0,0,0,49,4,200,0,0,0,0,0,0,0,0,0,0,0,0,0,0,0
1,65,8,17,16,86,1,32,2,77,38,109,126,0,0,0,0,0,0,0,0,0,0,0,0,0,0,0,0,0,0
16,3,8,11,1,179,55,0,0,0,0,0,0,0,0,0,0,0,0,0,0,0,0,0,0,0,0,0,0,0,0
16,65,7,18,1,86,1,32,3,0,140,88,246,188,0,0,0,0,0,0,0,0,0,0,0,0,0,0,0,0,0
1,3,7,11,16,51,29,0,0,0,0,0,0,0,0,0,0,0,0,0,0,0,0,0,0,0,0,0,0,0,0
1,65,11,17,9,86,1,32,2,77,38,92,141,0,0,0,0,0,0,0,0,0,0,0,0,0,0,0,0,0,0
9,3,11,11,1,70,65,0,0,0,0,0,0,0,0,0,0,0,0,0,0,0,0,0,0,0,0,0,0,0,0
9,65,13,18,1,86,1,32,3,0,140,88,77,240,0,0,0,0,0,0,0,0,0,0,0,0,0,0,0,0,0
1,3,13,11,9,119,196,0,0,0,0,0,0,0,0,0,0,0,0,0,0,0,0,0,0,0,0,0,0,0,0
1,65,14,13,13,32,2,218,121,0,0,0,0,0,0,0,0,0,0,0,0,0,0,0,0,0,0,0,0,0,0
13,3,14,11,1,36,183,0,0,0,0,0,0,0,0,0,0,0,0,0,0,0,0,0,0,0,0,0,0,0,0
13,65,10,14,1,32,3,0,150,240,0,0,0,0,0,0,0,0,0,0,0,0,0,0,0,0,0,0,0,0,0
1,3,10,11,13,178,208,0,0,0,0,0,0,0,0,0,0,0,0,0,0,0,0,0,0,0,0,0,0,0,0
7,3,11,10,1,76,0,0,0,0,0,0,0,0,0,0,0,0,0,0,0,0,0,0,0,0,0,0,0,0,0
1,3,1,10,7,70,0,0,0,0,0,0,0,0,0,0,0,0,0,0,0,0,0,0,0,0,0,0,0,0,0
1,65,1,13,10,32,2,58,16,0,0,0,0,0,0,0,0,0,0,0,0,0,0,0,0,0,0,0,0,0,0
10,3,1,11,1,111,82,0,0,0,0,0,0,0,0,0,0,0,0,0,0,0,0,0,0,0,0,0,0,0,0
10,65,8,14,1,32,3,0,218,168,0,0,0,0,0,0,0,0,0,0,0,0,0,0,0,0,0,0,0,0,0
1,3,8,11,10,172,87,0,0,0,0,0,0,0,0,0,0,0,0,0,0,0,0,0,0,0,0,0,0,0,0
1,65,11,17,16,86,1,32,2,77,38,64,58,0,0,0,0,0,0,0,0,0,0,0,0,0,0,0,0,0,0
16,3,11,11,1,234,103,0,0,0,0,0,0,0,0,0,0,0,0,0,0,0,0,0,0,0,0,0,0,0,0
16,65,8,18,1,86,1,32,3,0,140,88,160,13,0,0,0,0,0,0,0,0,0,0,0,0,0,0,0,0,0
1,3,8,11,16,31,44,0,0,0,0,0,0,0,0,0,0,0,0,0,0,0,0,0,0,0,0,0,0,0,0
1,65,14,17,9,86,1,32,2,77,38,43,65,0,0,0,0,0,0,0,0,0,0,0,0,0,0,0,0,0,0
9,3,14,11,1,173,177,0,0,0,0,0,0,0,0,0,0,0,0,0,0,0,0,0,0,0,0,0,0,0,0
9,65,14,18,1,86,1,32,3,0,140,88,252,63,0,0,0,0,0,0,0,0,0,0,0,0,0,0,0,0,0
1,3,14,11,9,46,148,0,0,0,0,0,0,0,0,0,0,0,0,0,0,0,0,0,0,0,0,0,0,0,0
1,65,2,13,13,32,2,81,82,0,0,0,0,0,0,0,0,0,0,0,0,0,0,0,0,0,0,0,0,0,0
13,3,2,11,1,81,214,0,0,0,0,0,0,0,0,0,0,0,0,0,0,0,0,0,0,0,0,0,0,0,0
13,65,11,14,1,32,3,0,211,80,0,0,0,0,0,0,0,0,0,0,0,0,0,0,0,0,0,0,0,0,0
1,3,11,11,13,133,224,0,0,0,0,0,0,0,0,0,0,0,0,0,0,0,0,0,0,0,0,0,0,0,0
1,65,13,13,10,32,2,177,59,0,0,0,0,0,0,0,0,0,0,0,0,0,0,0,0,0,0,0,0,0,0
10,3,13,11,1,26,51,0,0,0,0,0,0,0,0,0,0,0,0,0,0,0,0,0,0,0,0,0,0,0,0
10,65,9,14,1,32,3,0,159,8,0,0,0,0,0,0,0,0,0,0,0,0,0,0,0,0,0,0,0,0,0
1,3,9,11,10,155,103,0,0,0,0,0,0,0,0,0,0,0,0,0,0,0,0,0,0,0,0,0,0,0,0
1,65,8,17,16,86,1,32,2,77,38,109,126,0,0,0,0,0,0,0,0,0,0,0,0,0,0,0,0,0,0
16,3,8,11,1,179,55,0,0,0,0,0,0,0,0,0,0,0,0,0,0,0,0,0,0,0,0,0,0,0,0
16,65,9,18,1,86,1,32,3,0,140,88,207,72,0,0,0,0,0,0,0,0,0,0,0,0,0,0,0,0,0
1,3,9,11,16,40,28,0,0,0,0,0,0,0,0,0,0,0,0,0,0,0,0,0,0,0,0,0,0,0,0
1,65,11,17,9,86,1,32,2,77,38,92,141,0,0,0,0,0,0,0,0,0,0,0,0,0,0,0,0,0,0
9,3,11,11,1,70,65,0,0,0,0,0,0,0,0,0,0,0,0,0,0,0,0,0,0,0,0,0,0,0,0
9,65,15,18,1,86,1,32,3,0,140,88,147,122,0,0,0,0,0,0,0,0,0,0,0,0,0,0,0,0,0
1,3,15,11,9,25,164,0,0,0,0,0,0,0,0,0,0,0,0,0,0,0,0,0,0,0,0,0,0,0,0
1,65,14,13,13,32,2,218,121,0,0,0,0,0,0,0,0,0,0,0,0,0,0,0,0,0,0,0,0,0,0
13,3,14,11,1,36,183,0,0,0,0,0,0,0,0,0,0,0,0,0,0,0,0,0,0,0,0,0,0,0,0
13,65,12,14,1,32,3,0,27,17,0,0,0,0,0,0,0,0,0,0,0,0,0,0,0,0,0,0,0,0,0
1,3,12,11,13,0,112,0,0,0,0,0,0,0,0,0,0,0,0,0,0,0,0,0,0,0,0,0,0,0,0
17,65,1,17,1,49,5,1,42,2,117,114,35,0,0,0,0,0,0,0,0,0,0,0,0,0,0,0,0,0,0
1,3,1,11,17,145,156,0,0,0,0,0,0,0,0,0,0,0,0,0,0,0,0,0,0,0,0,0,0,0,0
17,65,2,16,1,49,5,5,1,26,215,187,0,0,0,0,0,0,0,0,0,0,0,0,0,0,0,0,0,0,0
1,3,2,11,17,200,204,0,0,0,0,0,0,0,0,0,0,0,0,0,0,0,0,0,0,0,0,0,0,0,0
17,65,3,17,1,49,5,3,10,0,0,151,186,0,0,0,0,0,0,0,0,0,0,0,0,0,0,0,0,0,0
1,3,3,11,17,255,252,0,0,0,0,0,0,0,0,0,0,0,0,0,0,0,0,0,0,0,0,0,0,0,0
17,65,4,16,1,49,5,27,1,0,188,105,0,0,0,0,0,0,0,0,0,0,0,0,0,0,0,0,0,0,0
1,3,4,11,17,122,108,0,0,0,0,0,0,0,0,0,0,0,0,0,0,0,0,0,0,0,0,0,0,0,0
17,65,5,13,1,132,7,245,131,0,0,0,0,0,0,0,0,0,0,0,0,0,0,0,0,0,0,0,0,0,0
1,3,5,11,17,77,92,0,0,0,0,0,0,0,0,0,0,0,0,0,0,0,0,0,0,0,0,0,0,0,0
1,65,11,13,17,132,8,191,220,0,0,0,0,0,0,0,0,0,0,0,0,0,0,0,0,0,0,0,0,0,0
17,3,11,11,1,64,54,0,0,0,0,0,0,0,0,0,0,0,0,0,0,0,0,0,0,0,0,0,0,0,0
1,65,15,13,10,32,2,245,184,0,0,0,0,0,0,0,0,0,0,0,0,0,0,0,0,0,0,0,0,0,0
10,3,15,11,1,116,83,0,0,0,0,0,0,0,0,0,0,0,0,0,0,0,0,0,0,0,0,0,0,0,0
10,65,10,14,1,32,3,0,81,232,0,0,0,0,0,0,0,0,0,0,0,0,0,0,0,0,0,0,0,0,0
1,3,10,11,10,194,55,0,0,0,0,0,0,0,0,0,0,0,0,0,0,0,0,0,0,0,0,0,0,0,0
1,65,10,17,16,86,1,32,2,77,38,171,25,0,0,0,0,0,0,0,0,0,0,0,0,0,0,0,0,0,0
16,3,10,11,1,221,87,0,0,0,0,0,0,0,0,0,0,0,0,0,0,0,0,0,0,0,0,0,0,0,0
16,65,10,18,1,86,1,32,3,0,140,88,126,135,0,0,0,0,0,0,0,0,0,0,0,0,0,0,0,0,0
1,3,10,11,16,113,76,0,0,0,0,0,0,0,0,0,0,0,0,0,0,0,0,0,0,0,0,0,0,0,0
1,65,13,17,9,86,1,32,2,77,38,6,5,0,0,0,0,0,0,0,0,0,0,0,0,0,0,0,0,0,0
9,3,13,11,1,244,225,0,0,0,0,0,0,0,0,0,0,0,0,0,0,0,0,0,0,0,0,0,0,0,0
9,65,1,18,1,86,1,32,3,0,140,88,170,142,0,0,0,0,0,0,0,0,0,0,0,0,0,0,0,0,0
1,3,1,11,9,2,165,0,0,0,0,0,0,0,0,0,0,0,0,0,0,0,0,0,0,0,0,0,0,0,0
11,65,1,12,1,132,7,141,0,0,0,0,0,0,0,0,0,0,0,0,0,0,0,0,0,0,0,0,0,0,0
1,3,1,10,11,74,0,0,0,0,0,0,0,0,0,0,0,0,0,0,0,0,0,0,0,0,0,0,0,0,0
1,65,12,12,11,132,8,143,0,0,0,0,0,0,0,0,0,0,0,0,0,0,0,0,0,0,0,0,0,0,0
11,3,12,10,1,71,0,0,0,0,0,0,0,0,0,0,0,0,0,0,0,0,0,0,0,0,0,0,0,0,0
12,65,1,12,1,132,7,138,0,0,0,0,0,0,0,0,0,0,0,0,0,0,0,0,0,0,0,0,0,0,0
1,3,1,10,12,77,0,0,0,0,0,0,0,0,0,0,0,0,0,0,0,0,0,0,0,0,0,0,0,0,0
1,65,13,12,12,132,8,137,0,0,0,0,0,0,0,0,0,0,0,0,0,0,0,0,0,0,0,0,0,0,0
12,3,13,10,1,65,0,0,0,0,0,0,0,0,0,0,0,0,0,0,0,0,0,0,0,0,0,0,0,0,0
1,65,1,13,13,32,2,191,128,0,0,0,0,0,0,0,0,0,0,0,0,0,0,0,0,0,0,0,0,0,0
13,3,1,11,1,8,134,0,0,0,0,0,0,0,0,0,0,0,0,0,0,0,0,0,0,0,0,0,0,0,0
13,65,13,14,1,32,3,0,94,177,0,0,0,0,0,0,0,0,0,0,0,0,0,0,0,0,0,0,0,0,0
1,3,13,11,13,55,64,0,0,0,0,0,0,0,0,0,0,0,0,0,0,0,0,0,0,0,0,0,0,0,0
10,65,11,33,1,86,1,96,13,1,0,50,2,33,68,0,0,0,0,0,0,0,0,0,0,7,90,52,56,0,0
1,3,11,11,10,245,7,0,0,0,0,0,0,0,0,0,0,0,0,0,0,0,0,0,0,0,0,0,0,0,0
10,65,12,33,1,86,1,96,13,2,0,50,2,33,68,0,0,0,22,0,0,0,0,0,0,121,73,252,21,0,0
1,3,12,11,10,112,151,0,0,0,0,0,0,0,0,0,0,0,0,0,0,0,0,0,0,0,0,0,0,0,0
10,65,13,29,1,86,1,96,13,1,0,50,2,33,50,0,0,0,0,0,0,202,252,206,93,0,0,0,0,0,0
1,3,13,11,10,71,167,0,0,0,0,0,0,0,0,0,0,0,0,0,0,0,0,0,0,0,0,0,0,0,0
10,65,14,29,1,86,1,96,13,2,0,50,2,33,50,0,0,0,0,0,0,207,99,160,102,0,0,0,0,0,0
1,3,14,11,10,30,247,0,0,0,0,0,0,0,0,0,0,0,0,0,0,0,0,0,0,0,0,0,0,0,0
1,65,1,13,10,32,2,58,16,0,0,0,0,0,0,0,0,0,0,0,0,0,0,0,0,0,0,0,0,0,0
10,3,1,11,1,111,82,0,0,0,0,0,0,0,0,0,0,0,0,0,0,0,0,0,0,0,0,0,0,0,0
10,65,15,14,1,32,3,0,18,233,0,0,0,0,0,0,0,0,0,0,0,0,0,0,0,0,0,0,0,0,0
1,3,15,11,10,41,199,0,0,0,0,0,0,0,0,0,0,0,0,0,0,0,0,0,0,0,0,0,0,0,0
1,65,11,17,16,86,1,32,2,77,38,64,58,0,0,0,0,0,0,0,0,0,0,0,0,0,0,0,0,0,0
16,3,11,11,1,234,103,0,0,0,0,0,0,0,0,0,0,0,0,0,0,0,0,0,0,0,0,0,0,0,0
16,65,11,18,1,86,1,32,3,0,140,88,17,194,0,0,0,0,0,0,0,0,0,0,0,0,0,0,0,0,0
1,3,11,11,16,70,124,0,0,0,0,0,0,0,0,0,0,0,0,0,0,0,0,0,0,0,0,0,0,0,0
1,65,14,17,9,86,1,32,2,77,38,43,65,0,0,0,0,0,0,0,0,0,0,0,0,0,0,0,0,0,0
9,3,14,11,1,173,177,0,0,0,0,0,0,0,0,0,0,0,0,0,0,0,0,0,0,0,0,0,0,0,0
9,65,2,18,1,86,1,32,3,0,140,88,27,65,0,0,0,0,0,0,0,0,0,0,0,0,0,0,0,0,0
1,3,2,11,9,91,245,0,0,0,0,0,0,0,0,0,0,0,0,0,0,0,0,0,0,0,0,0,0,0,0
1,65,2,13,13,32,2,81,82,0,0,0,0,0,0,0,0,0,0,0,0,0,0,0,0,0,0,0,0,0,0
13,3,2,11,1,81,214,0,0,0,0,0,0,0,0,0,0,0,0,0,0,0,0,0,0,0,0,0,0,0,0
13,65,14,14,1,32,3,0,144,81,0,0,0,0,0,0,0,0,0,0,0,0,0,0,0,0,0,0,0,0,0
1,3,14,11,13,110,16,0,0,0,0,0,0,0,0,0,0,0,0,0,0,0,0,0,0,0,0,0,0,0,0
7,3,15,10,1,72,0,0,0,0,0,0,0,0,0,0,0,0,0,0,0,0,0,0,0,0,0,0,0,0,0
1,3,1,10,7,70,0,0,0,0,0,0,0,0,0,0,0,0,0,0,0,0,0,0,0,0,0,0,0,0,0
1,65,2,13,10,32,2,212,194,0,0,0,0,0,0,0,0,0,0,0,0,0,0,0,0,0,0,0,0,0,0
10,3,2,11,1,54,2,0,0,0,0,0,0,0,0,0,0,0,0,0,0,0,0,0,0,0,0,0,0,0,0
10,65,1,14,1,32,3,0,146,74,0,0,0,0,0,0,0,0,0,0,0,0,0,0,0,0,0,0,0,0,0
1,3,1,11,10,50,198,0,0,0,0,0,0,0,0,0,0,0,0,0,0,0,0,0,0,0,0,0,0,0,0
1,65,12,17,16,86,1,32,2,77,38,241,145,0,0,0,0,0,0,0,0,0,0,0,0,0,0,0,0,0,0
16,3,12,11,1,111,247,0,0,0,0,0,0,0,0,0,0,0,0,0,0,0,0,0,0,0,0,0,0,0,0
16,65,12,18,1,86,1,32,3,0,140,88,13,56,0,0,0,0,0,0,0,0,0,0,0,0,0,0,0,0,0
1,3,12,11,16,195,236,0,0,0,0,0,0,0,0,0,0,0,0,0,0,0,0,0,0,0,0,0,0,0,0
1,65,3,17,9,86,1,32,2,77,38,117,114,0,0,0,0,0,0,0,0,0,0,0,0,0,0,0,0,0,0
9,3,3,11,1,239,224,0,0,0,0,0,0,0,0,0,0,0,0,0,0,0,0,0,0,0,0,0,0,0,0
9,65,3,18,1,86,1,32,3,0,140,88,116,4,0,0,0,0,0,0,0,0,0,0,0,0,0,0,0,0,0
1,3,3,11,9,108,197,0,0,0,0,0,0,0,0,0,0,0,0,0,0,0,0,0,0,0,0,0,0,0,0
1,65,6,13,13,32,2,216,84,0,0,0,0,0,0,0,0,0,0,0,0,0,0,0,0,0,0,0,0,0,0
13,3,6,11,1,141,22,0,0,0,0,0,0,0,0,0,0,0,0,0,0,0,0,0,0,0,0,0,0,0,0
13,65,15,14,1,32,3,0,213,241,0,0,0,0,0,0,0,0,0,0,0,0,0,0,0,0,0,0,0,0,0
1,3,15,11,13,89,32,0,0,0,0,0,0,0,0,0,0,0,0,0,0,0,0,0,0,0,0,0,0,0,0
1,65,6,13,10,32,2,93,196,0,0,0,0,0,0,0,0,0,0,0,0,0,0,0,0,0,0,0,0,0,0
10,3,6,11,1,234,194,0,0,0,0,0,0,0,0,0,0,0,0,0,0,0,0,0,0,0,0,0,0,0,0
10,65,2,14,1,32,3,0,92,170,0,0,0,0,0,0,0,0,0,0,0,0,0,0,0,0,0,0,0,0,0
1,3,2,11,10,107,150,0,0,0,0,0,0,0,0,0,0,0,0,0,0,0,0,0,0,0,0,0,0,0,0
1,65,1,17,16,86,1,32,2,77,38,175,162,0,0,0,0,0,0,0,0,0,0,0,0,0,0,0,0,0,0
16,3,1,11,1,45,166,0,0,0,0,0,0,0,0,0,0,0,0,0,0,0,0,0,0,0,0,0,0,0,0
16,65,13,18,1,86,1,32,3,0,140,88,98,125,0,0,0,0,0,0,0,0,0,0,0,0,0,0,0,0,0
1,3,13,11,16,244,220,0,0,0,0,0,0,0,0,0,0,0,0,0,0,0,0,0,0,0,0,0,0,0,0
1,65,4,17,9,86,1,32,2,77,38,196,217,0,0,0,0,0,0,0,0,0,0,0,0,0,0,0,0,0,0
9,3,4,11,1,106,112,0,0,0,0,0,0,0,0,0,0,0,0,0,0,0,0,0,0,0,0,0,0,0,0
9,65,4,18,1,86,1,32,3,0,140,88,104,254,0,0,0,0,0,0,0,0,0,0,0,0,0,0,0,0,0
1,3,4,11,9,233,85,0,0,0,0,0,0,0,0,0,0,0,0,0,0,0,0,0,0,0,0,0,0,0,0
1,65,7,13,13,32,2,114,5,0,0,0,0,0,0,0,0,0,0,0,0,0,0,0,0,0,0,0,0,0,0
13,3,7,11,1,186,38,0,0,0,0,0,0,0,0,0,0,0,0,0,0,0,0,0,0,0,0,0,0,0,0
13,65,1,14,1,32,3,0,85,82,0,0,0,0,0,0,0,0,0,0,0,0,0,0,0,0,0,0,0,0,0
1,3,1,11,13,66,33,0,0,0,0,0,0,0,0,0,0,0,0,0,0,0,0,0,0,0,0,0,0,0,0
17,65,1,17,1,49,5,1,42,2,112,34,134,0,0,0,0,0,0,0,0,0,0,0,0,0,0,0,0,0,0
1,3,1,11,17,145,156,0,0,0,0,0,0,0,0,0,0,0,0,0,0,0,0,0,0,0,0,0,0,0,0
17,65,2,16,1,49,5,5,1,27,199,154,0,0,0,0,0,0,0,0,0,0,0,0,0,0,0,0,0,0,0
1,3,2,11,17,200,204,0,0,0,0,0,0,0,0,0,0,0,0,0,0,0,0,0,0,0,0,0,0,0,0
17,65,3,17,1,49,5,3,10,0,0,151,186,0,0,0,0,0,0,0,0,0,0,0,0,0,0,0,0,0,0
1,3,3,11,17,255,252,0,0,0,0,0,0,0,0,0,0,0,0,0,0,0,0,0,0,0,0,0,0,0,0
17,65,4,16,1,49,5,27,1,0,188,105,0,0,0,0,0,0,0,0,0,0,0,0,0,0,0,0,0,0,0
1,3,4,11,17,122,108,0,0,0,0,0,0,0,0,0,0,0,0,0,0,0,0,0,0,0,0,0,0,0,0
17,65,5,13,1,132,7,245,131,0,0,0,0,0,0,0,0,0,0,0,0,0,0,0,0,0,0,0,0,0,0
1,3,5,11,17,77,92,0,0,0,0,0,0,0,0,0,0,0,0,0,0,0,0,0,0,0,0,0,0,0,0
1,65,1,13,17,132,8,249,114,0,0,0,0,0,0,0,0,0,0,0,0,0,0,0,0,0,0,0,0,0,0
17,3,1,11,1,135,247,0,0,0,0,0,0,0,0,0,0,0,0,0,0,0,0,0,0,0,0,0,0,0,0
1,65,8,13,10,32,2,146,108,0,0,0,0,0,0,0,0,0,0,0,0,0,0,0,0,0,0,0,0,0,0
10,3,8,11,1,241,195,0,0,0,0,0,0,0,0,0,0,0,0,0,0,0,0,0,0,0,0,0,0,0,0
10,65,3,14,1,32,3,0,25,10,0,0,0,0,0,0,0,0,0,0,0,0,0,0,0,0,0,0,0,0,0
1,3,3,11,10,92,166,0,0,0,0,0,0,0,0,0,0,0,0,0,0,0,0,0,0,0,0,0,0,0,0
1,65,3,17,16,86,1,32,2,77,38,105,197,0,0,0,0,0,0,0,0,0,0,0,0,0,0,0,0,0,0
16,3,3,11,1,67,198,0,0,0,0,0,0,0,0,0,0,0,0,0,0,0,0,0,0,0,0,0,0,0,0
16,65,14,18,1,86,1,32,3,0,140,88,211,178,0,0,0,0,0,0,0,0,0,0,0,0,0,0,0,0,0
1,3,14,11,16,173,140,0,0,0,0,0,0,0,0,0,0,0,0,0,0,0,0,0,0,0,0,0,0,0,0
1,65,6,17,9,86,1,32,2,77,38,2,190,0,0,0,0,0,0,0,0,0,0,0,0,0,0,0,0,0,0
9,3,6,11,1,4,16,0,0,0,0,0,0,0,0,0,0,0,0,0,0,0,0,0,0,0,0,0,0,0,0
9,65,5,18,1,86,1,32,3,0,140,88,7,187,0,0,0,0,0,0,0,0,0,0,0,0,0,0,0,0,0
1,3,5,11,9,222,101,0,0,0,0,0,0,0,0,0,0,0,0,0,0,0,0,0,0,0,0,0,0,0,0
1,65,9,13,13,32,2,189,173,0,0,0,0,0,0,0,0,0,0,0,0,0,0,0,0,0,0,0,0,0,0
13,3,9,11,1,161,39,0,0,0,0,0,0,0,0,0,0,0,0,0,0,0,0,0,0,0,0,0,0,0,0
13,65,2,14,1,32,3,0,155,178,0,0,0,0,0,0,0,0,0,0,0,0,0,0,0,0,0,0,0,0,0
1,3,2,11,13,27,113,0,0,0,0,0,0,0,0,0,0,0,0,0,0,0,0,0,0,0,0,0,0,0,0
1,65,1,12,8,37,2,42,0,0,0,0,0,0,0,0,0,0,0,0,0,0,0,0,0,0,0,0,0,0,0
1,65,1,12,8,37,2,42,0,0,0,0,0,0,0,0,0,0,0,0,0,0,0,0,0,0,0,0,0,0,0
1,65,1,12,8,37,2,42,0,0,0,0,0,0,0,0,0,0,0,0,0,0,0,0,0,0,0,0,0,0,0
1,65,2,12,8,37,2,41,0,0,0,0,0,0,0,0,0,0,0,0,0,0,0,0,0,0,0,0,0,0,0
8,3,2,10,1,74,0,0,0,0,0,0,0,0,0,0,0,0,0,0,0,0,0,0,0,0,0,0,0,0,0
8,65,65,13,1,37,3,0,106,0,0,0,0,0,0,0,0,0,0,0,0,0,0,0,0,0,0,0,0,0,0
1,3,1,10,8,73,0,0,0,0,0,0,0,0,0,0,0,0,0,0,0,0,0,0,0,0,0,0,0,0,0
10,65,4,33,1,86,1,96,13,1,0,50,2,33,68,0,0,0,0,0,0,0,0,0,0,7,90,241,247,0,0
1,3,4,11,10,217,54,0,0,0,0,0,0,0,0,0,0,0,0,0,0,0,0,0,0,0,0,0,0,0,0
10,65,5,33,1,86,1,96,13,2,0,50,2,33,68,0,0,0,23,0,0,0,0,0,0,193,40,180,67,0,0
1,3,5,11,10,238,6,0,0,0,0,0,0,0,0,0,0,0,0,0,0,0,0,0,0,0,0,0,0,0,0
10,65,6,29,1,86,1,96,13,1,0,50,2,33,50,0,0,0,0,0,0,202,252,111,16,0,0,0,0,0,0
1,3,6,11,10,183,86,0,0,0,0,0,0,0,0,0,0,0,0,0,0,0,0,0,0,0,0,0,0,0,0
10,65,7,29,1,86,1,96,13,2,0,50,2,33,50,0,0,0,0,0,0,207,99,186,230,0,0,0,0,0,0
1,3,7,11,10,128,102,0,0,0,0,0,0,0,0,0,0,0,0,0,0,0,0,0,0,0,0,0,0,0,0
1,65,3,11,6,0,6,0,0,0,0,0,0,0,0,0,0,0,0,0,0,0,0,0,0,0,0,0,0,0,0
1,65,3,11,6,0,6,0,0,0,0,0,0,0,0,0,0,0,0,0,0,0,0,0,0,0,0,0,0,0,0
1,65,3,11,6,0,6,0,0,0,0,0,0,0,0,0,0,0,0,0,0,0,0,0,0,0,0,0,0,0,0
1,65,4,11,6,0,1,0,0,0,0,0,0,0,0,0,0,0,0,0,0,0,0,0,0,0,0,0,0,0,0
1,65,4,11,6,0,1,0,0,0,0,0,0,0,0,0,0,0,0,0,0,0,0,0,0,0,0,0,0,0,0
1,65,4,11,6,0,1,0,0,0,0,0,0,0,0,0,0,0,0,0,0,0,0,0,0,0,0,0,0,0,0
1,65,5,11,6,0,0,0,0,0,0,0,0,0,0,0,0,0,0,0,0,0,0,0,0,0,0,0,0,0,0
1,65,5,11,6,0,0,0,0,0,0,0,0,0,0,0,0,0,0,0,0,0,0,0,0,0,0,0,0,0,0
1,65,5,11,6,0,0,0,0,0,0,0,0,0,0,0,0,0,0,0,0,0,0,0,0,0,0,0,0,0,0
1,65,6,11,6,0,3,0,0,0,0,0,0,0,0,0,0,0,0,0,0,0,0,0,0,0,0,0,0,0,0
1,65,6,11,6,0,3,0,0,0,0,0,0,0,0,0,0,0,0,0,0,0,0,0,0,0,0,0,0,0,0
1,65,6,11,6,0,3,0,0,0,0,0,0,0,0,0,0,0,0,0,0,0,0,0,0,0,0,0,0,0,0
1,65,9,13,10,32,2,56,61,0,0,0,0,0,0,0,0,0,0,0,0,0,0,0,0,0,0,0,0,0,0
10,3,9,11,1,198,243,0,0,0,0,0,0,0,0,0,0,0,0,0,0,0,0,0,0,0,0,0,0,0,0
10,65,8,14,1,32,3,0,218,168,0,0,0,0,0,0,0,0,0,0,0,0,0,0,0,0,0,0,0,0,0
1,3,8,11,10,172,87,0,0,0,0,0,0,0,0,0,0,0,0,0,0,0,0,0,0,0,0,0,0,0,0
11,65,1,12,1,132,7,141,0,0,0,0,0,0,0,0,0,0,0,0,0,0,0,0,0,0,0,0,0,0,0
1,3,1,10,11,74,0,0,0,0,0,0,0,0,0,0,0,0,0,0,0,0,0,0,0,0,0,0,0,0,0
1,65,7,12,11,132,8,132,0,0,0,0,0,0,0,0,0,0,0,0,0,0,0,0,0,0,0,0,0,0,0
11,3,7,10,1,76,0,0,0,0,0,0,0,0,0,0,0,0,0,0,0,0,0,0,0,0,0,0,0,0,0
12,65,1,12,1,132,7,138,0,0,0,0,0,0,0,0,0,0,0,0,0,0,0,0,0,0,0,0,0,0,0
1,3,1,10,12,77,0,0,0,0,0,0,0,0,0,0,0,0,0,0,0,0,0,0,0,0,0,0,0,0,0
1,65,8,12,12,132,8,140,0,0,0,0,0,0,0,0,0,0,0,0,0,0,0,0,0,0,0,0,0,0,0
12,3,8,10,1,68,0,0,0,0,0,0,0,0,0,0,0,0,0,0,0,0,0,0,0,0,0,0,0,0,0
1,3,1,10,7,70,0,0,0,0,0,0,0,0,0,0,0,0,0,0,0,0,0,0,0,0,0,0,0,0,0
1,3,2,10,7,69,0,0,0,0,0,0,0,0,0,0,0,0,0,0,0,0,0,0,0,0,0,0,0,0,0
1,65,4,17,16,86,1,32,2,77,38,216,110,0,0,0,0,0,0,0,0,0,0,0,0,0,0,0,0,0,0
16,3,4,11,1,198,86,0,0,0,0,0,0,0,0,0,0,0,0,0,0,0,0,0,0,0,0,0,0,0,0
16,65,15,18,1,86,1,32,3,0,140,88,188,247,0,0,0,0,0,0,0,0,0,0,0,0,0,0,0,0,0
1,3,15,11,16,154,188,0,0,0,0,0,0,0,0,0,0,0,0,0,0,0,0,0,0,0,0,0,0,0,0
1,65,7,17,9,86,1,32,2,77,38,233,157,0,0,0,0,0,0,0,0,0,0,0,0,0,0,0,0,0,0
9,3,7,11,1,51,32,0,0,0,0,0,0,0,0,0,0,0,0,0,0,0,0,0,0,0,0,0,0,0,0
9,65,6,18,1,86,1,32,3,0,140,88,182,116,0,0,0,0,0,0,0,0,0,0,0,0,0,0,0,0,0
1,3,6,11,9,135,53,0,0,0,0,0,0,0,0,0,0,0,0,0,0,0,0,0,0,0,0,0,0,0,0
1,65,10,13,13,32,2,83,127,0,0,0,0,0,0,0,0,0,0,0,0,0,0,0,0,0,0,0,0,0,0
13,3,10,11,1,248,119,0,0,0,0,0,0,0,0,0,0,0,0,0,0,0,0,0,0,0,0,0,0,0,0
13,65,3,14,1,32,3,0,222,18,0,0,0,0,0,0,0,0,0,0,0,0,0,0,0,0,0,0,0,0,0
1,3,3,11,13,44,65,0,0,0,0,0,0,0,0,0,0,0,0,0,0,0,0,0,0,0,0,0,0,0,0
1,65,10,13,10,32,2,214,239,0,0,0,0,0,0,0,0,0,0,0,0,0,0,0,0,0,0,0,0,0,0
10,3,10,11,1,159,163,0,0,0,0,0,0,0,0,0,0,0,0,0,0,0,0,0,0,0,0,0,0,0,0
10,65,9,14,1,32,3,0,159,8,0,0,0,0,0,0,0,0,0,0,0,0,0,0,0,0,0,0,0,0,0
1,3,9,11,10,155,103,0,0,0,0,0,0,0,0,0,0,0,0,0,0,0,0,0,0,0,0,0,0,0,0
1,65,5,17,16,86,1,32,2,77,38,51,77,0,0,0,0,0,0,0,0,0,0,0,0,0,0,0,0,0,0
16,3,5,11,1,241,102,0,0,0,0,0,0,0,0,0,0,0,0,0,0,0,0,0,0,0,0,0,0,0,0
16,65,1,18,1,86,1,32,3,0,140,88,133,3,0,0,0,0,0,0,0,0,0,0,0,0,0,0,0,0,0
1,3,1,11,16,129,189,0,0,0,0,0,0,0,0,0,0,0,0,0,0,0,0,0,0,0,0,0,0,0,0
1,65,8,17,9,86,1,32,2,77,38,113,201,0,0,0,0,0,0,0,0,0,0,0,0,0,0,0,0,0,0
9,3,8,11,1,31,17,0,0,0,0,0,0,0,0,0,0,0,0,0,0,0,0,0,0,0,0,0,0,0,0
9,65,7,18,1,86,1,32,3,0,140,88,217,49,0,0,0,0,0,0,0,0,0,0,0,0,0,0,0,0,0
1,3,7,11,9,176,5,0,0,0,0,0,0,0,0,0,0,0,0,0,0,0,0,0,0,0,0,0,0,0,0
1,65,11,13,13,32,2,249,46,0,0,0,0,0,0,0,0,0,0,0,0,0,0,0,0,0,0,0,0,0,0
13,3,11,11,1,207,71,0,0,0,0,0,0,0,0,0,0,0,0,0,0,0,0,0,0,0,0,0,0,0,0
13,65,4,14,1,32,3,0,22,83,0,0,0,0,0,0,0,0,0,0,0,0,0,0,0,0,0,0,0,0,0
1,3,4,11,13,169,209,0,0,0,0,0,0,0,0,0,0,0,0,0,0,0,0,0,0,0,0,0,0,0,0
1,65,9,12,15,49,4,55,0,0,0,0,0,0,0,0,0,0,0,0,0,0,0,0,0,0,0,0,0,0,0
1,65,9,12,15,49,4,55,0,0,0,0,0,0,0,0,0,0,0,0,0,0,0,0,0,0,0,0,0,0,0
1,65,9,12,15,49,4,55,0,0,0,0,0,0,0,0,0,0,0,0,0,0,0,0,0,0,0,0,0,0,0
1,129,9,16,15,0,32,16,9,49,4,210,0,0,0,0,0,0,0,0,0,0,0,0,0,0,0,0,0,0,0
1,129,9,16,15,0,33,16,9,49,4,211,0,0,0,0,0,0,0,0,0,0,0,0,0,0,0,0,0,0,0
1,129,9,16,15,0,34,16,9,49,4,208,0,0,0,0,0,0,0,0,0,0,0,0,0,0,0,0,0,0,0
1,129,9,16,15,0,34,16,9,49,4,208,0,0,0,0,0,0,0,0,0,0,0,0,0,0,0,0,0,0,0
1,129,9,16,15,0,34,16,9,49,4,208,0,0,0,0,0,0,0,0,0,0,0,0,0,0,0,0,0,0,0
15,129,9,14,1,37,32,16,9,220,0,0,0,0,0,0,0,0,0,0,0,0,0,0,0,0,0,0,0,0,0
15,193,9,14,1,37,47,16,9,147,0,0,0,0,0,0,0,0,0,0,0,0,0,0,0,0,0,0,0,0,0
1,3,9,10,16,89,0,0,0,0,0,0,0,0,0,0,0,0,0,0,0,0,0,0,0,0,0,0,0,0,0
1,129,10,16,15,0,32,16,10,49,4,210,0,0,0,0,0,0,0,0,0,0,0,0,0,0,0,0,0,0,0
1,129,10,16,15,0,33,16,10,49,4,211,0,0,0,0,0,0,0,0,0,0,0,0,0,0,0,0,0,0,0
1,129,10,16,15,0,34,16,10,49,4,208,0,0,0,0,0,0,0,0,0,0,0,0,0,0,0,0,0,0,0
1,129,10,16,15,0,34,16,10,49,4,208,0,0,0,0,0,0,0,0,0,0,0,0,0,0,0,0,0,0,0
1,129,10,16,15,0,34,16,10,49,4,208,0,0,0,0,0,0,0,0,0,0,0,0,0,0,0,0,0,0,0
15,129,10,14,1,37,32,16,10,220,0,0,0,0,0,0,0,0,0,0,0,0,0,0,0,0,0,0,0,0,0
15,193,10,14,1,37,47,16,10,147,0,0,0,0,0,0,0,0,0,0,0,0,0,0,0,0,0,0,0,0,0
1,3,10,10,16,90,0,0,0,0,0,0,0,0,0,0,0,0,0,0,0,0,0,0,0,0,0,0,0,0,0
1,129,11,15,15,0,16,13,49,4,235,0,0,0,0,0,0,0,0,0,0,0,0,0,0,0,0,0,0,0,0
1,129,11,15,15,0,17,13,49,4,234,0,0,0,0,0,0,0,0,0,0,0,0,0,0,0,0,0,0,0,0
1,129,11,15,15,0,17,13,49,4,234,0,0,0,0,0,0,0,0,0,0,0,0,0,0,0,0,0,0,0,0
1,129,11,15,15,0,17,13,49,4,234,0,0,0,0,0,0,0,0,0,0,0,0,0,0,0,0,0,0,0,0
15,193,11,13,1,21,31,13,134,0,0,0,0,0,0,0,0,0,0,0,0,0,0,0,0,0,0,0,0,0,0
1,3,11,10,13,70,0,0,0,0,0,0,0,0,0,0,0,0,0,0,0,0,0,0,0,0,0,0,0,0,0
1,129,12,16,15,0,32,13,9,49,4,202,0,0,0,0,0,0,0,0,0,0,0,0,0,0,0,0,0,0,0
1,129,12,16,15,0,33,13,9,49,4,203,0,0,0,0,0,0,0,0,0,0,0,0,0,0,0,0,0,0,0
1,129,12,16,15,0,34,13,9,49,4,200,0,0,0,0,0,0,0,0,0,0,0,0,0,0,0,0,0,0,0
1,129,12,16,15,0,34,13,9,49,4,200,0,0,0,0,0,0,0,0,0,0,0,0,0,0,0,0,0,0,0
1,129,12,16,15,0,34,13,9,49,4,200,0,0,0,0,0,0,0,0,0,0,0,0,0,0,0,0,0,0,0
15,129,12,14,1,37,32,13,9,196,0,0,0,0,0,0,0,0,0,0,0,0,0,0,0,0,0,0,0,0,0
15,193,12,14,1,37,47,13,9,139,0,0,0,0,0,0,0,0,0,0,0,0,0,0,0,0,0,0,0,0,0
1,3,12,10,13,65,0,0,0,0,0,0,0,0,0,0,0,0,0,0,0,0,0,0,0,0,0,0,0,0,0
1,129,13,15,15,0,16,10,49,4,234,0,0,0,0,0,0,0,0,0,0,0,0,0,0,0,0,0,0,0,0
1,129,13,15,15,0,17,10,49,4,235,0,0,0,0,0,0,0,0,0,0,0,0,0,0,0,0,0,0,0,0
1,129,13,15,15,0,17,10,49,4,235,0,0,0,0,0,0,0,0,0,0,0,0,0,0,0,0,0,0,0,0
1,129,13,15,15,0,17,10,49,4,235,0,0,0,0,0,0,0,0,0,0,0,0,0,0,0,0,0,0,0,0
15,193,13,13,1,21,31,10,135,0,0,0,0,0,0,0,0,0,0,0,0,0,0,0,0,0,0,0,0,0,0
1,3,13,10,10,71,0,0,0,0,0,0,0,0,0,0,0,0,0,0,0,0,0,0,0,0,0,0,0,0,0
1,65,10,12,15,49,4,52,0,0,0,0,0,0,0,0,0,0,0,0,0,0,0,0,0,0,0,0,0,0,0
1,65,10,12,15,49,4,52,0,0,0,0,0,0,0,0,0,0,0,0,0,0,0,0,0,0,0,0,0,0,0
1,65,10,12,15,49,4,52,0,0,0,0,0,0,0,0,0,0,0,0,0,0,0,0,0,0,0,0,0,0,0
1,69,14,20,15,32,0,250,64,0,0,0,0,49,4,182,0,0,0,0,0,0,0,0,0,0,0,0,0,0,0
1,69,14,20,15,32,0,250,49,10,0,0,0,49,4,205,0,0,0,0,0,0,0,0,0,0,0,0,0,0,0
1,69,14,20,15,32,0,250,49,18,0,0,0,49,4,213,0,0,0,0,0,0,0,0,0,0,0,0,0,0,0
1,69,14,20,15,32,0,250,49,13,0,0,0,49,4,202,0,0,0,0,0,0,0,0,0,0,0,0,0,0,0
1,69,14,20,15,32,0,250,49,9,0,0,0,49,4,206,0,0,0,0,0,0,0,0,0,0,0,0,0,0,0
1,69,14,20,15,32,0,250,49,16,0,0,0,49,4,215,0,0,0,0,0,0,0,0,0,0,0,0,0,0,0
1,65,11,13,10,32,2,124,190,0,0,0,0,0,0,0,0,0,0,0,0,0,0,0,0,0,0,0,0,0,0
10,3,11,11,1,168,147,0,0,0,0,0,0,0,0,0,0,0,0,0,0,0,0,0,0,0,0,0,0,0,0
10,65,10,14,1,32,3,0,81,232,0,0,0,0,0,0,0,0,0,0,0,0,0,0,0,0,0,0,0,0,0
1,3,10,11,10,194,55,0,0,0,0,0,0,0,0,0,0,0,0,0,0,0,0,0,0,0,0,0,0,0,0
1,65,9,17,16,86,1,32,2,77,38,134,93,0,0,0,0,0,0,0,0,0,0,0,0,0,0,0,0,0,0
16,3,9,11,1,132,7,0,0,0,0,0,0,0,0,0,0,0,0,0,0,0,0,0,0,0,0,0,0,0,0
16,65,2,18,1,86,1,32,3,0,140,88,52,204,0,0,0,0,0,0,0,0,0,0,0,0,0,0,0,0,0
1,3,2,11,16,216,237,0,0,0,0,0,0,0,0,0,0,0,0,0,0,0,0,0,0,0,0,0,0,0,0
1,65,12,17,9,86,1,32,2,77,38,237,38,0,0,0,0,0,0,0,0,0,0,0,0,0,0,0,0,0,0
9,3,12,11,1,195,209,0,0,0,0,0,0,0,0,0,0,0,0,0,0,0,0,0,0,0,0,0,0,0,0
9,65,8,18,1,86,1,32,3,0,140,88,143,128,0,0,0,0,0,0,0,0,0,0,0,0,0,0,0,0,0
1,3,8,11,9,156,52,0,0,0,0,0,0,0,0,0,0,0,0,0,0,0,0,0,0,0,0,0,0,0,0
1,65,15,13,13,32,2,112,40,0,0,0,0,0,0,0,0,0,0,0,0,0,0,0,0,0,0,0,0,0,0
13,3,15,11,1,19,135,0,0,0,0,0,0,0,0,0,0,0,0,0,0,0,0,0,0,0,0,0,0,0,0
13,65,5,14,1,32,3,0,83,243,0,0,0,0,0,0,0,0,0,0,0,0,0,0,0,0,0,0,0,0,0
1,3,5,11,13,158,225,0,0,0,0,0,0,0,0,0,0,0,0,0,0,0,0,0,0,0,0,0,0,0,0
17,65,1,17,1,49,5,1,42,2,118,66,64,0,0,0,0,0,0,0,0,0,0,0,0,0,0,0,0,0,0
1,3,1,11,17,145,156,0,0,0,0,0,0,0,0,0,0,0,0,0,0,0,0,0,0,0,0,0,0,0,0
17,65,2,16,1,49,5,5,1,28,183,125,0,0,0,0,0,0,0,0,0,0,0,0,0,0,0,0,0,0,0
1,3,2,11,17,200,204,0,0,0,0,0,0,0,0,0,0,0,0,0,0,0,0,0,0,0,0,0,0,0,0
17,65,3,14,1,128,3,88,148,112,0,0,0,0,0,0,0,0,0,0,0,0,0,0,0,0,0,0,0,0,0
1,3,3,11,17,255,252,0,0,0,0,0,0,0,0,0,0,0,0,0,0,0,0,0,0,0,0,0,0,0,0
17,65,4,17,1,49,5,3,10,0,0,38,17,0,0,0,0,0,0,0,0,0,0,0,0,0,0,0,0,0,0
1,3,4,11,17,122,108,0,0,0,0,0,0,0,0,0,0,0,0,0,0,0,0,0,0,0,0,0,0,0,0
17,65,5,16,1,49,5,27,1,0,251,186,0,0,0,0,0,0,0,0,0,0,0,0,0,0,0,0,0,0,0
1,3,5,11,17,77,92,0,0,0,0,0,0,0,0,0,0,0,0,0,0,0,0,0,0,0,0,0,0,0,0
17,65,6,13,1,132,7,27,81,0,0,0,0,0,0,0,0,0,0,0,0,0,0,0,0,0,0,0,0,0,0
1,3,6,11,17,20,12,0,0,0,0,0,0,0,0,0,0,0,0,0,0,0,0,0,0,0,0,0,0,0,0
1,65,13,13,17,132,8,114,89,0,0,0,0,0,0,0,0,0,0,0,0,0,0,0,0,0,0,0,0,0,0
17,3,13,11,1,242,150,0,0,0,0,0,0,0,0,0,0,0,0,0,0,0,0,0,0,0,0,0,0,0,0
1,65,1,13,10,32,2,58,16,0,0,0,0,0,0,0,0,0,0,0,0,0,0,0,0,0,0,0,0,0,0
10,3,1,11,1,111,82,0,0,0,0,0,0,0,0,0,0,0,0,0,0,0,0,0,0,0,0,0,0,0,0
10,65,11,14,1,32,3,0,20,72,0,0,0,0,0,0,0,0,0,0,0,0,0,0,0,0,0,0,0,0,0
1,3,11,11,10,245,7,0,0,0,0,0,0,0,0,0,0,0,0,0,0,0,0,0,0,0,0,0,0,0,0
1,65,11,17,16,86,1,32,2,77,38,64,58,0,0,0,0,0,0,0,0,0,0,0,0,0,0,0,0,0,0
16,3,11,11,1,234,103,0,0,0,0,0,0,0,0,0,0,0,0,0,0,0,0,0,0,0,0,0,0,0,0
16,65,3,18,1,86,1,32,3,0,140,88,91,137,0,0,0,0,0,0,0,0,0,0,0,0,0,0,0,0,0
1,3,3,11,16,239,221,0,0,0,0,0,0,0,0,0,0,0,0,0,0,0,0,0,0,0,0,0,0,0,0
1,65,14,17,9,86,1,32,2,77,38,43,65,0,0,0,0,0,0,0,0,0,0,0,0,0,0,0,0,0,0
9,3,14,11,1,173,177,0,0,0,0,0,0,0,0,0,0,0,0,0,0,0,0,0,0,0,0,0,0,0,0
9,65,9,18,1,86,1,32,3,0,140,88,224,197,0,0,0,0,0,0,0,0,0,0,0,0,0,0,0,0,0
1,3,9,11,9,171,4,0,0,0,0,0,0,0,0,0,0,0,0,0,0,0,0,0,0,0,0,0,0,0,0
1,65,3,13,13,32,2,251,3,0,0,0,0,0,0,0,0,0,0,0,0,0,0,0,0,0,0,0,0,0,0
13,3,3,11,1,102,230,0,0,0,0,0,0,0,0,0,0,0,0,0,0,0,0,0,0,0,0,0,0,0,0
13,65,6,14,1,32,3,0,157,19,0,0,0,0,0,0,0,0,0,0,0,0,0,0,0,0,0,0,0,0,0
1,3,6,11,13,199,177,0,0,0,0,0,0,0,0,0,0,0,0,0,0,0,0,0,0,0,0,0,0,0,0
10,65,12,33,1,86,1,96,13,1,0,50,2,33,68,0,0,0,0,0,0,0,0,0,0,7,90,252,21,0,0
1,3,12,11,10,112,151,0,0,0,0,0,0,0,0,0,0,0,0,0,0,0,0,0,0,0,0,0,0,0,0
10,65,13,33,1,86,1,96,13,2,0,50,2,33,68,0,0,0,24,0,0,0,0,0,0,75,193,185,161,0,0
1,3,13,11,10,71,167,0,0,0,0,0,0,0,0,0,0,0,0,0,0,0,0,0,0,0,0,0,0,0,0
10,65,14,29,1,86,1,96,13,1,0,50,2,33,50,0,0,0,0,0,0,202,252,160,102,0,0,0,0,0,0
1,3,14,11,10,30,247,0,0,0,0,0,0,0,0,0,0,0,0,0,0,0,0,0,0,0,0,0,0,0,0
10,65,15,29,1,86,1,96,13,2,0,50,2,33,50,0,0,0,0,0,0,207,99,117,144,0,0,0,0,0,0
1,3,15,11,10,41,199,0,0,0,0,0,0,0,0,0,0,0,0,0,0,0,0,0,0,0,0,0,0,0,0
1,65,2,13,10,32,2,212,194,0,0,0,0,0,0,0,0,0,0,0,0,0,0,0,0,0,0,0,0,0,0
10,3,2,11,1,54,2,0,0,0,0,0,0,0,0,0,0,0,0,0,0,0,0,0,0,0,0,0,0,0,0
10,65,1,14,1,32,3,0,146,74,0,0,0,0,0,0,0,0,0,0,0,0,0,0,0,0,0,0,0,0,0
1,3,1,11,10,50,198,0,0,0,0,0,0,0,0,0,0,0,0,0,0,0,0,0,0,0,0,0,0,0,0
7,3,12,10,1,75,0,0,0,0,0,0,0,0,0,0,0,0,0,0,0,0,0,0,0,0,0,0,0,0,0
1,3,1,10,7,70,0,0,0,0,0,0,0,0,0,0,0,0,0,0,0,0,0,0,0,0,0,0,0,0,0
1,65,12,17,16,86,1,32,2,77,38,241,145,0,0,0,0,0,0,0,0,0,0,0,0,0,0,0,0,0,0
16,3,12,11,1,111,247,0,0,0,0,0,0,0,0,0,0,0,0,0,0,0,0,0,0,0,0,0,0,0,0
16,65,4,18,1,86,1,32,3,0,140,88,71,115,0,0,0,0,0,0,0,0,0,0,0,0,0,0,0,0,0
1,3,4,11,16,106,77,0,0,0,0,0,0,0,0,0,0,0,0,0,0,0,0,0,0,0,0,0,0,0,0
1,65,15,17,9,86,1,32,2,77,38,192,98,0,0,0,0,0,0,0,0,0,0,0,0,0,0,0,0,0,0
9,3,15,11,1,154,129,0,0,0,0,0,0,0,0,0,0,0,0,0,0,0,0,0,0,0,0,0,0,0,0
9,65,10,18,1,86,1,32,3,0,140,88,81,10,0,0,0,0,0,0,0,0,0,0,0,0,0,0,0,0,0
1,3,10,11,9,242,84,0,0,0,0,0,0,0,0,0,0,0,0,0,0,0,0,0,0,0,0,0,0,0,0
1,65,4,13,13,32,2,156,215,0,0,0,0,0,0,0,0,0,0,0,0,0,0,0,0,0,0,0,0,0,0
13,3,4,11,1,227,118,0,0,0,0,0,0,0,0,0,0,0,0,0,0,0,0,0,0,0,0,0,0,0,0
13,65,7,14,1,32,3,0,216,179,0,0,0,0,0,0,0,0,0,0,0,0,0,0,0,0,0,0,0,0,0
1,3,7,11,13,240,129,0,0,0,0,0,0,0,0,0,0,0,0,0,0,0,0,0,0,0,0,0,0,0,0
11,65,1,12,1,132,7,141,0,0,0,0,0,0,0,0,0,0,0,0,0,0,0,0,0,0,0,0,0,0,0
1,3,1,10,11,74,0,0,0,0,0,0,0,0,0,0,0,0,0,0,0,0,0,0,0,0,0,0,0,0,0
1,65,13,12,11,132,8,142,0,0,0,0,0,0,0,0,0,0,0,0,0,0,0,0,0,0,0,0,0,0,0
11,3,13,10,1,70,0,0,0,0,0,0,0,0,0,0,0,0,0,0,0,0,0,0,0,0,0,0,0,0,0
12,65,1,12,1,132,7,138,0,0,0,0,0,0,0,0,0,0,0,0,0,0,0,0,0,0,0,0,0,0,0
1,3,1,10,12,77,0,0,0,0,0,0,0,0,0,0,0,0,0,0,0,0,0,0,0,0,0,0,0,0,0
1,65,14,12,12,132,8,138,0,0,0,0,0,0,0,0,0,0,0,0,0,0,0,0,0,0,0,0,0,0,0
12,3,14,10,1,66,0,0,0,0,0,0,0,0,0,0,0,0,0,0,0,0,0,0,0,0,0,0,0,0,0
1,65,3,13,10,32,2,126,147,0,0,0,0,0,0,0,0,0,0,0,0,0,0,0,0,0,0,0,0,0,0
10,3,3,11,1,1,50,0,0,0,0,0,0,0,0,0,0,0,0,0,0,0,0,0,0,0,0,0,0,0,0
10,65,2,14,1,32,3,0,92,170,0,0,0,0,0,0,0,0,0,0,0,0,0,0,0,0,0,0,0,0,0
1,3,2,11,10,107,150,0,0,0,0,0,0,0,0,0,0,0,0,0,0,0,0,0,0,0,0,0,0,0,0
1,65,13,17,16,86,1,32,2,77,38,26,178,0,0,0,0,0,0,0,0,0,0,0,0,0,0,0,0,0,0
16,3,13,11,1,88,199,0,0,0,0,0,0,0,0,0,0,0,0,0,0,0,0,0,0,0,0,0,0,0,0
16,65,5,18,1,86,1,32,3,0,140,88,40,54,0,0,0,0,0,0,0,0,0,0,0,0,0,0,0,0,0
1,3,5,11,16,93,125,0,0,0,0,0,0,0,0,0,0,0,0,0,0,0,0,0,0,0,0,0,0,0,0
1,65,1,17,9,86,1,32,2,77,38,179,21,0,0,0,0,0,0,0,0,0,0,0,0,0,0,0,0,0,0
9,3,1,11,1,129,128,0,0,0,0,0,0,0,0,0,0,0,0,0,0,0,0,0,0,0,0,0,0,0,0
9,65,11,18,1,86,1,32,3,0,140,88,62,79,0,0,0,0,0,0,0,0,0,0,0,0,0,0,0,0,0
1,3,11,11,9,197,100,0,0,0,0,0,0,0,0,0,0,0,0,0,0,0,0,0,0,0,0,0,0,0,0
1,65,5,13,13,32,2,54,134,0,0,0,0,0,0,0,0,0,0,0,0,0,0,0,0,0,0,0,0,0,0
13,3,5,11,1,212,70,0,0,0,0,0,0,0,0,0,0,0,0,0,0,0,0,0,0,0,0,0,0,0,0
13,65,8,14,1,32,3,0,29,176,0,0,0,0,0,0,0,0,0,0,0,0,0,0,0,0,0,0,0,0,0
1,3,8,11,13,220,176,0,0,0,0,0,0,0,0,0,0,0,0,0,0,0,0,0,0,0,0,0,0,0,0
1,65,6,13,10,32,2,93,196,0,0,0,0,0,0,0,0,0,0,0,0,0,0,0,0,0,0,0,0,0,0
10,3,6,11,1,234,194,0,0,0,0,0,0,0,0,0,0,0,0,0,0,0,0,0,0,0,0,0,0,0,0
10,65,3,14,1,32,3,0,25,10,0,0,0,0,0,0,0,0,0,0,0,0,0,0,0,0,0,0,0,0,0
1,3,3,11,10,92,166,0,0,0,0,0,0,0,0,0,0,0,0,0,0,0,0,0,0,0,0,0,0,0,0
1,65,1,17,16,86,1,32,2,77,38,175,162,0,0,0,0,0,0,0,0,0,0,0,0,0,0,0,0,0,0
16,3,1,11,1,45,166,0,0,0,0,0,0,0,0,0,0,0,0,0,0,0,0,0,0,0,0,0,0,0,0
16,65,6,18,1,86,1,32,3,0,140,88,153,249,0,0,0,0,0,0,0,0,0,0,0,0,0,0,0,0,0
1,3,6,11,16,4,45,0,0,0,0,0,0,0,0,0,0,0,0,0,0,0,0,0,0,0,0,0,0,0,0
1,65,4,17,9,86,1,32,2,77,38,196,217,0,0,0,0,0,0,0,0,0,0,0,0,0,0,0,0,0,0
9,3,4,11,1,106,112,0,0,0,0,0,0,0,0,0,0,0,0,0,0,0,0,0,0,0,0,0,0,0,0
9,65,12,18,1,86,1,32,3,0,140,88,34,181,0,0,0,0,0,0,0,0,0,0,0,0,0,0,0,0,0
1,3,12,11,9,64,244,0,0,0,0,0,0,0,0,0,0,0,0,0,0,0,0,0,0,0,0,0,0,0,0
1,65,8,13,13,32,2,23,252,0,0,0,0,0,0,0,0,0,0,0,0,0,0,0,0,0,0,0,0,0,0
13,3,8,11,1,150,23,0,0,0,0,0,0,0,0,0,0,0,0,0,0,0,0,0,0,0,0,0,0,0,0
13,65,9,14,1,32,3,0,88,16,0,0,0,0,0,0,0,0,0,0,0,0,0,0,0,0,0,0,0,0,0
1,3,9,11,13,235,128,0,0,0,0,0,0,0,0,0,0,0,0,0,0,0,0,0,0,0,0,0,0,0,0
17,65,1,17,1,49,5,1,42,2,117,114,35,0,0,0,0,0,0,0,0,0,0,0,0,0,0,0,0,0,0
1,3,1,11,17,145,156,0,0,0,0,0,0,0,0,0,0,0,0,0,0,0,0,0,0,0,0,0,0,0,0
17,65,2,16,1,49,5,5,1,28,183,125,0,0,0,0,0,0,0,0,0,0,0,0,0,0,0,0,0,0,0
1,3,2,11,17,200,204,0,0,0,0,0,0,0,0,0,0,0,0,0,0,0,0,0,0,0,0,0,0,0,0
17,65,3,17,1,49,5,3,10,0,0,151,186,0,0,0,0,0,0,0,0,0,0,0,0,0,0,0,0,0,0
1,3,3,11,17,255,252,0,0,0,0,0,0,0,0,0,0,0,0,0,0,0,0,0,0,0,0,0,0,0,0
17,65,4,16,1,49,5,27,1,0,188,105,0,0,0,0,0,0,0,0,0,0,0,0,0,0,0,0,0,0,0
1,3,4,11,17,122,108,0,0,0,0,0,0,0,0,0,0,0,0,0,0,0,0,0,0,0,0,0,0,0,0
17,65,5,13,1,132,7,245,131,0,0,0,0,0,0,0,0,0,0,0,0,0,0,0,0,0,0,0,0,0,0
1,3,5,11,17,77,92,0,0,0,0,0,0,0,0,0,0,0,0,0,0,0,0,0,0,0,0,0,0,0,0
1,65,3,13,17,132,8,189,241,0,0,0,0,0,0,0,0,0,0,0,0,0,0,0,0,0,0,0,0,0,0
17,3,3,11,1,233,151,0,0,0,0,0,0,0,0,0,0,0,0,0,0,0,0,0,0,0,0,0,0,0,0
1,65,12,13,10,32,2,27,106,0,0,0,0,0,0,0,0,0,0,0,0,0,0,0,0,0,0,0,0,0,0
10,3,12,11,1,45,3,0,0,0,0,0,0,0,0,0,0,0,0,0,0,0,0,0,0,0,0,0,0,0,0
10,65,4,14,1,32,3,0,209,75,0,0,0,0,0,0,0,0,0,0,0,0,0,0,0,0,0,0,0,0,0
1,3,4,11,10,217,54,0,0,0,0,0,0,0,0,0,0,0,0,0,0,0,0,0,0,0,0,0,0,0,0
1,65,7,17,16,86,1,32,2,77,38,245,42,0,0,0,0,0,0,0,0,0,0,0,0,0,0,0,0,0,0
16,3,7,11,1,159,6,0,0,0,0,0,0,0,0,0,0,0,0,0,0,0,0,0,0,0,0,0,0,0,0
16,65,7,18,1,86,1,32,3,0,140,88,246,188,0,0,0,0,0,0,0,0,0,0,0,0,0,0,0,0,0
1,3,7,11,16,51,29,0,0,0,0,0,0,0,0,0,0,0,0,0,0,0,0,0,0,0,0,0,0,0,0
1,65,10,17,9,86,1,32,2,77,38,183,174,0,0,0,0,0,0,0,0,0,0,0,0,0,0,0,0,0,0
9,3,10,11,1,113,113,0,0,0,0,0,0,0,0,0,0,0,0,0,0,0,0,0,0,0,0,0,0,0,0
9,65,13,18,1,86,1,32,3,0,140,88,77,240,0,0,0,0,0,0,0,0,0,0,0,0,0,0,0,0,0
1,3,13,11,9,119,196,0,0,0,0,0,0,0,0,0,0,0,0,0,0,0,0,0,0,0,0,0,0,0,0
1,65,14,13,13,32,2,218,121,0,0,0,0,0,0,0,0,0,0,0,0,0,0,0,0,0,0,0,0,0,0
13,3,14,11,1,36,183,0,0,0,0,0,0,0,0,0,0,0,0,0,0,0,0,0,0,0,0,0,0,0,0
13,65,10,14,1,32,3,0,150,240,0,0,0,0,0,0,0,0,0,0,0,0,0,0,0,0,0,0,0,0,0
1,3,10,11,13,178,208,0,0,0,0,0,0,0,0,0,0,0,0,0,0,0,0,0,0,0,0,0,0,0,0
10,65,5,33,1,86,1,96,13,1,0,50,2,33,68,0,0,0,0,0,0,0,0,0,0,7,90,180,67,0,0
1,3,5,11,10,238,6,0,0,0,0,0,0,0,0,0,0,0,0,0,0,0,0,0,0,0,0,0,0,0,0
1,65,15,12,8,37,2,36,0,0,0,0,0,0,0,0,0,0,0,0,0,0,0,0,0,0,0,0,0,0,0
1,65,15,12,8,37,2,36,0,0,0,0,0,0,0,0,0,0,0,0,0,0,0,0,0,0,0,0,0,0,0
1,65,15,12,8,37,2,36,0,0,0,0,0,0,0,0,0,0,0,0,0,0,0,0,0,0,0,0,0,0,0
1,65,1,12,8,37,2,42,0,0,0,0,0,0,0,0,0,0,0,0,0,0,0,0,0,0,0,0,0,0,0
8,3,1,10,1,73,0,0,0,0,0,0,0,0,0,0,0,0,0,0,0,0,0,0,0,0,0,0,0,0,0
8,65,65,13,1,37,3,0,106,0,0,0,0,0,0,0,0,0,0,0,0,0,0,0,0,0,0,0,0,0,0
1,3,1,10,8,73,0,0,0,0,0,0,0,0,0,0,0,0,0,0,0,0,0,0,0,0,0,0,0,0,0
10,65,6,33,1,86,1,96,13,2,0,50,2,33,68,0,0,0,24,0,0,0,0,0,0,75,193,122,159,0,0
1,3,6,11,10,183,86,0,0,0,0,0,0,0,0,0,0,0,0,0,0,0,0,0,0,0,0,0,0,0,0
10,65,7,29,1,86,1,96,13,1,0,50,2,33,50,0,0,0,0,0,0,202,252,186,230,0,0,0,0,0,0
1,3,7,11,10,128,102,0,0,0,0,0,0,0,0,0,0,0,0,0,0,0,0,0,0,0,0,0,0,0,0
10,65,8,29,1,86,1,96,13,2,0,50,2,33,50,0,0,0,0,0,0,207,99,124,16,0,0,0,0,0,0
1,3,8,11,10,172,87,0,0,0,0,0,0,0,0,0,0,0,0,0,0,0,0,0,0,0,0,0,0,0,0
1,65,15,13,10,32,2,245,184,0,0,0,0,0,0,0,0,0,0,0,0,0,0,0,0,0,0,0,0,0,0
10,3,15,11,1,116,83,0,0,0,0,0,0,0,0,0,0,0,0,0,0,0,0,0,0,0,0,0,0,0,0
10,65,9,14,1,32,3,0,159,8,0,0,0,0,0,0,0,0,0,0,0,0,0,0,0,0,0,0,0,0,0
1,3,9,11,10,155,103,0,0,0,0,0,0,0,0,0,0,0,0,0,0,0,0,0,0,0,0,0,0,0,0
7,3,3,10,1,68,0,0,0,0,0,0,0,0,0,0,0,0,0,0,0,0,0,0,0,0,0,0,0,0,0
1,3,1,10,7,70,0,0,0,0,0,0,0,0,0,0,0,0,0,0,0,0,0,0,0,0,0,0,0,0,0
1,65,10,17,16,86,1,32,2,77,38,171,25,0,0,0,0,0,0,0,0,0,0,0,0,0,0,0,0,0,0
16,3,10,11,1,221,87,0,0,0,0,0,0,0,0,0,0,0,0,0,0,0,0,0,0,0,0,0,0,0,0
16,65,8,18,1,86,1,32,3,0,140,88,160,13,0,0,0,0,0,0,0,0,0,0,0,0,0,0,0,0,0
1,3,8,11,16,31,44,0,0,0,0,0,0,0,0,0,0,0,0,0,0,0,0,0,0,0,0,0,0,0,0
1,65,13,17,9,86,1,32,2,77,38,6,5,0,0,0,0,0,0,0,0,0,0,0,0,0,0,0,0,0,0
9,3,13,11,1,244,225,0,0,0,0,0,0,0,0,0,0,0,0,0,0,0,0,0,0,0,0,0,0,0,0
9,65,14,18,1,86,1,32,3,0,140,88,252,63,0,0,0,0,0,0,0,0,0,0,0,0,0,0,0,0,0
1,3,14,11,9,46,148,0,0,0,0,0,0,0,0,0,0,0,0,0,0,0,0,0,0,0,0,0,0,0,0
1,65,2,13,13,32,2,81,82,0,0,0,0,0,0,0,0,0,0,0,0,0,0,0,0,0,0,0,0,0,0
13,3,2,11,1,81,214,0,0,0,0,0,0,0,0,0,0,0,0,0,0,0,0,0,0,0,0,0,0,0,0
13,65,11,14,1,32,3,0,211,80,0,0,0,0,0,0,0,0,0,0,0,0,0,0,0,0,0,0,0,0,0
1,3,11,11,13,133,224,0,0,0,0,0,0,0,0,0,0,0,0,0,0,0,0,0,0,0,0,0,0,0,0
1,65,2,13,10,32,2,212,194,0,0,0,0,0,0,0,0,0,0,0,0,0,0,0,0,0,0,0,0,0,0
10,3,2,11,1,54,2,0,0,0,0,0,0,0,0,0,0,0,0,0,0,0,0,0,0,0,0,0,0,0,0
10,65,10,14,1,32,3,0,81,232,0,0,0,0,0,0,0,0,0,0,0,0,0,0,0,0,0,0,0,0,0
1,3,10,11,10,194,55,0,0,0,0,0,0,0,0,0,0,0,0,0,0,0,0,0,0,0,0,0,0,0,0
1,65,12,17,16,86,1,32,2,77,38,241,145,0,0,0,0,0,0,0,0,0,0,0,0,0,0,0,0,0,0
16,3,12,11,1,111,247,0,0,0,0,0,0,0,0,0,0,0,0,0,0,0,0,0,0,0,0,0,0,0,0
16,65,9,18,1,86,1,32,3,0,140,88,207,72,0,0,0,0,0,0,0,0,0,0,0,0,0,0,0,0,0
1,3,9,11,16,40,28,0,0,0,0,0,0,0,0,0,0,0,0,0,0,0,0,0,0,0,0,0,0,0,0
1,65,15,17,9,86,1,32,2,77,38,192,98,0,0,0,0,0,0,0,0,0,0,0,0,0,0,0,0,0,0
9,3,15,11,1,154,129,0,0,0,0,0,0,0,0,0,0,0,0,0,0,0,0,0,0,0,0,0,0,0,0
9,65,15,18,1,86,1,32,3,0,140,88,147,122,0,0,0,0,0,0,0,0,0,0,0,0,0,0,0,0,0
1,3,15,11,9,25,164,0,0,0,0,0,0,0,0,0,0,0,0,0,0,0,0,0,0,0,0,0,0,0,0
1,65,4,13,13,32,2,156,215,0,0,0,0,0,0,0,0,0,0,0,0,0,0,0,0,0,0,0,0,0,0
13,3,4,11,1,227,118,0,0,0,0,0,0,0,0,0,0,0,0,0,0,0,0,0,0,0,0,0,0,0,0
13,65,12,14,1,32,3,0,27,17,0,0,0,0,0,0,0,0,0,0,0,0,0,0,0,0,0,0,0,0,0
1,3,12,11,13,0,112,0,0,0,0,0,0,0,0,0,0,0,0,0,0,0,0,0,0,0,0,0,0,0,0
11,65,1,12,1,132,7,141,0,0,0,0,0,0,0,0,0,0,0,0,0,0,0,0,0,0,0,0,0,0,0
1,3,1,10,11,74,0,0,0,0,0,0,0,0,0,0,0,0,0,0,0,0,0,0,0,0,0,0,0,0,0
1,65,4,12,11,132,8,135,0,0,0,0,0,0,0,0,0,0,0,0,0,0,0,0,0,0,0,0,0,0,0
11,3,4,10,1,79,0,0,0,0,0,0,0,0,0,0,0,0,0,0,0,0,0,0,0,0,0,0,0,0,0
12,65,1,12,1,132,7,138,0,0,0,0,0,0,0,0,0,0,0,0,0,0,0,0,0,0,0,0,0,0,0
1,3,1,10,12,77,0,0,0,0,0,0,0,0,0,0,0,0,0,0,0,0,0,0,0,0,0,0,0,0,0
1,65,5,12,12,132,8,129,0,0,0,0,0,0,0,0,0,0,0,0,0,0,0,0,0,0,0,0,0,0,0
12,3,5,10,1,73,0,0,0,0,0,0,0,0,0,0,0,0,0,0,0,0,0,0,0,0,0,0,0,0,0
1,65,5,13,10,32,2,179,22,0,0,0,0,0,0,0,0,0,0,0,0,0,0,0,0,0,0,0,0,0,0
10,3,5,11,1,179,146,0,0,0,0,0,0,0,0,0,0,0,0,0,0,0,0,0,0,0,0,0,0,0,0
10,65,11,14,1,32,3,0,20,72,0,0,0,0,0,0,0,0,0,0,0,0,0,0,0,0,0,0,0,0,0
1,3,11,11,10,245,7,0,0,0,0,0,0,0,0,0,0,0,0,0,0,0,0,0,0,0,0,0,0,0,0
1,65,15,17,16,86,1,32,2,77,38,220,213,0,0,0,0,0,0,0,0,0,0,0,0,0,0,0,0,0,0
16,3,15,11,1,54,167,0,0,0,0,0,0,0,0,0,0,0,0,0,0,0,0,0,0,0,0,0,0,0,0
16,65,10,18,1,86,1,32,3,0,140,88,126,135,0,0,0,0,0,0,0,0,0,0,0,0,0,0,0,0,0
1,3,10,11,16,113,76,0,0,0,0,0,0,0,0,0,0,0,0,0,0,0,0,0,0,0,0,0,0,0,0
1,65,3,17,9,86,1,32,2,77,38,117,114,0,0,0,0,0,0,0,0,0,0,0,0,0,0,0,0,0,0
9,3,3,11,1,239,224,0,0,0,0,0,0,0,0,0,0,0,0,0,0,0,0,0,0,0,0,0,0,0,0
9,65,1,18,1,86,1,32,3,0,140,88,170,142,0,0,0,0,0,0,0,0,0,0,0,0,0,0,0,0,0
1,3,1,11,9,2,165,0,0,0,0,0,0,0,0,0,0,0,0,0,0,0,0,0,0,0,0,0,0,0,0
1,65,7,13,13,32,2,114,5,0,0,0,0,0,0,0,0,0,0,0,0,0,0,0,0,0,0,0,0,0,0
13,3,7,11,1,186,38,0,0,0,0,0,0,0,0,0,0,0,0,0,0,0,0,0,0,0,0,0,0,0,0
13,65,13,14,1,32,3,0,94,177,0,0,0,0,0,0,0,0,0,0,0,0,0,0,0,0,0,0,0,0,0
1,3,13,11,13,55,64,0,0,0,0,0,0,0,0,0,0,0,0,0,0,0,0,0,0,0,0,0,0,0,0
17,65,1,17,1,49,5,1,42,2,115,18,229,0,0,0,0,0,0,0,0,0,0,0,0,0,0,0,0,0,0
1,3,1,11,17,145,156,0,0,0,0,0,0,0,0,0,0,0,0,0,0,0,0,0,0,0,0,0,0,0,0
17,65,2,16,1,49,5,5,1,29,167,92,0,0,0,0,0,0,0,0,0,0,0,0,0,0,0,0,0,0,0
1,3,2,11,17,200,204,0,0,0,0,0,0,0,0,0,0,0,0,0,0,0,0,0,0,0,0,0,0,0,0
17,65,3,17,1,49,5,3,10,0,0,151,186,0,0,0,0,0,0,0,0,0,0,0,0,0,0,0,0,0,0
1,3,3,11,17,255,252,0,0,0,0,0,0,0,0,0,0,0,0,0,0,0,0,0,0,0,0,0,0,0,0
17,65,4,16,1,49,5,27,1,0,188,105,0,0,0,0,0,0,0,0,0,0,0,0,0,0,0,0,0,0,0
1,3,4,11,17,122,108,0,0,0,0,0,0,0,0,0,0,0,0,0,0,0,0,0,0,0,0,0,0,0,0
17,65,5,13,1,132,7,245,131,0,0,0,0,0,0,0,0,0,0,0,0,0,0,0,0,0,0,0,0,0,0
1,3,5,11,17,77,92,0,0,0,0,0,0,0,0,0,0,0,0,0,0,0,0,0,0,0,0,0,0,0,0
1,65,15,13,17,132,8,54,218,0,0,0,0,0,0,0,0,0,0,0,0,0,0,0,0,0,0,0,0,0,0
17,3,15,11,1,156,246,0,0,0,0,0,0,0,0,0,0,0,0,0,0,0,0,0,0,0,0,0,0,0,0
1,65,8,13,10,32,2,146,108,0,0,0,0,0,0,0,0,0,0,0,0,0,0,0,0,0,0,0,0,0,0
10,3,8,11,1,241,195,0,0,0,0,0,0,0,0,0,0,0,0,0,0,0,0,0,0,0,0,0,0,0,0
10,65,12,14,1,32,3,0,220,9,0,0,0,0,0,0,0,0,0,0,0,0,0,0,0,0,0,0,0,0,0
1,3,12,11,10,112,151,0,0,0,0,0,0,0,0,0,0,0,0,0,0,0,0,0,0,0,0,0,0,0,0
1,65,3,17,16,86,1,32,2,77,38,105,197,0,0,0,0,0,0,0,0,0,0,0,0,0,0,0,0,0,0
16,3,3,11,1,67,198,0,0,0,0,0,0,0,0,0,0,0,0,0,0,0,0,0,0,0,0,0,0,0,0
16,65,11,18,1,86,1,32,3,0,140,88,17,194,0,0,0,0,0,0,0,0,0,0,0,0,0,0,0,0,0
1,3,11,11,16,70,124,0,0,0,0,0,0,0,0,0,0,0,0,0,0,0,0,0,0,0,0,0,0,0,0
1,65,6,17,9,86,1,32,2,77,38,2,190,0,0,0,0,0,0,0,0,0,0,0,0,0,0,0,0,0,0
9,3,6,11,1,4,16,0,0,0,0,0,0,0,0,0,0,0,0,0,0,0,0,0,0,0,0,0,0,0,0
9,65,2,18,1,86,1,32,3,0,140,88,27,65,0,0,0,0,0,0,0,0,0,0,0,0,0,0,0,0,0
1,3,2,11,9,91,245,0,0,0,0,0,0,0,0,0,0,0,0,0,0,0,0,0,0,0,0,0,0,0,0
1,65,10,13,13,32,2,83,127,0,0,0,0,0,0,0,0,0,0,0,0,0,0,0,0,0,0,0,0,0,0
13,3,10,11,1,248,119,0,0,0,0,0,0,0,0,0,0,0,0,0,0,0,0,0,0,0,0,0,0,0,0
13,65,14,14,1,32,3,0,144,81,0,0,0,0,0,0,0,0,0,0,0,0,0,0,0,0,0,0,0,0,0
1,3,14,11,13,110,16,0,0,0,0,0,0,0,0,0,0,0,0,0,0,0,0,0,0,0,0,0,0,0,0
1,65,6,12,15,49,4,56,0,0,0,0,0,0,0,0,0,0,0,0,0,0,0,0,0,0,0,0,0,0,0
1,65,6,12,15,49,4,56,0,0,0,0,0,0,0,0,0,0,0,0,0,0,0,0,0,0,0,0,0,0,0
1,65,6,12,15,49,4,56,0,0,0,0,0,0,0,0,0,0,0,0,0,0,0,0,0,0,0,0,0,0,0
1,129,15,16,15,0,32,16,13,49,4,208,0,0,0,0,0,0,0,0,0,0,0,0,0,0,0,0,0,0,0
1,129,15,16,15,0,33,16,13,49,4,209,0,0,0,0,0,0,0,0,0,0,0,0,0,0,0,0,0,0,0
1,129,15,16,15,0,34,16,13,49,4,210,0,0,0,0,0,0,0,0,0,0,0,0,0,0,0,0,0,0,0
1,129,15,16,15,0,34,16,13,49,4,210,0,0,0,0,0,0,0,0,0,0,0,0,0,0,0,0,0,0,0
1,129,15,16,15,0,34,16,13,49,4,210,0,0,0,0,0,0,0,0,0,0,0,0,0,0,0,0,0,0,0
15,129,15,14,1,37,32,16,13,222,0,0,0,0,0,0,0,0,0,0,0,0,0,0,0,0,0,0,0,0,0
15,193,15,14,1,37,47,16,13,145,0,0,0,0,0,0,0,0,0,0,0,0,0,0,0,0,0,0,0,0,0
1,3,15,10,16,95,0,0,0,0,0,0,0,0,0,0,0,0,0,0,0,0,0,0,0,0,0,0,0,0,0
1,129,1,16,15,0,32,16,9,49,4,218,0,0,0,0,0,0,0,0,0,0,0,0,0,0,0,0,0,0,0
1,129,1,16,15,0,33,16,9,49,4,219,0,0,0,0,0,0,0,0,0,0,0,0,0,0,0,0,0,0,0
1,129,1,16,15,0,34,16,9,49,4,216,0,0,0,0,0,0,0,0,0,0,0,0,0,0,0,0,0,0,0
1,129,1,16,15,0,34,16,9,49,4,216,0,0,0,0,0,0,0,0,0,0,0,0,0,0,0,0,0,0,0
1,129,1,16,15,0,34,16,9,49,4,216,0,0,0,0,0,0,0,0,0,0,0,0,0,0,0,0,0,0,0
15,129,1,14,1,37,32,16,9,212,0,0,0,0,0,0,0,0,0,0,0,0,0,0,0,0,0,0,0,0,0
15,193,1,14,1,37,47,16,9,155,0,0,0,0,0,0,0,0,0,0,0,0,0,0,0,0,0,0,0,0,0
1,3,1,10,16,81,0,0,0,0,0,0,0,0,0,0,0,0,0,0,0,0,0,0,0,0,0,0,0,0,0
1,129,2,15,15,0,16,13,49,4,226,0,0,0,0,0,0,0,0,0,0,0,0,0,0,0,0,0,0,0,0
1,129,2,15,15,0,17,13,49,4,227,0,0,0,0,0,0,0,0,0,0,0,0,0,0,0,0,0,0,0,0
1,129,2,15,15,0,17,13,49,4,227,0,0,0,0,0,0,0,0,0,0,0,0,0,0,0,0,0,0,0,0
1,129,2,15,15,0,17,13,49,4,227,0,0,0,0,0,0,0,0,0,0,0,0,0,0,0,0,0,0,0,0
15,193,2,13,1,21,31,13,143,0,0,0,0,0,0,0,0,0,0,0,0,0,0,0,0,0,0,0,0,0,0
1,3,2,10,13,79,0,0,0,0,0,0,0,0,0,0,0,0,0,0,0,0,0,0,0,0,0,0,0,0,0
1,129,3,16,15,0,32,13,10,49,4,198,0,0,0,0,0,0,0,0,0,0,0,0,0,0,0,0,0,0,0
1,129,3,16,15,0,33,13,10,49,4,199,0,0,0,0,0,0,0,0,0,0,0,0,0,0,0,0,0,0,0
1,129,3,16,15,0,34,13,10,49,4,196,0,0,0,0,0,0,0,0,0,0,0,0,0,0,0,0,0,0,0
1,129,3,16,15,0,34,13,10,49,4,196,0,0,0,0,0,0,0,0,0,0,0,0,0,0,0,0,0,0,0
1,129,3,16,15,0,34,13,10,49,4,196,0,0,0,0,0,0,0,0,0,0,0,0,0,0,0,0,0,0,0
15,129,3,14,1,37,32,13,10,200,0,0,0,0,0,0,0,0,0,0,0,0,0,0,0,0,0,0,0,0,0
15,193,3,14,1,37,47,13,10,135,0,0,0,0,0,0,0,0,0,0,0,0,0,0,0,0,0,0,0,0,0
1,3,3,10,13,78,0,0,0,0,0,0,0,0,0,0,0,0,0,0,0,0,0,0,0,0,0,0,0,0,0
1,129,4,15,15,0,16,10,49,4,227,0,0,0,0,0,0,0,0,0,0,0,0,0,0,0,0,0,0,0,0
1,129,4,15,15,0,17,10,49,4,226,0,0,0,0,0,0,0,0,0,0,0,0,0,0,0,0,0,0,0,0
1,129,4,15,15,0,17,10,49,4,226,0,0,0,0,0,0,0,0,0,0,0,0,0,0,0,0,0,0,0,0
1,129,4,15,15,0,17,10,49,4,226,0,0,0,0,0,0,0,0,0,0,0,0,0,0,0,0,0,0,0,0
15,193,4,13,1,21,31,10,142,0,0,0,0,0,0,0,0,0,0,0,0,0,0,0,0,0,0,0,0,0,0
1,3,4,10,10,78,0,0,0,0,0,0,0,0,0,0,0,0,0,0,0,0,0,0,0,0,0,0,0,0,0
1,65,7,12,15,49,4,57,0,0,0,0,0,0,0,0,0,0,0,0,0,0,0,0,0,0,0,0,0,0,0
1,65,7,12,15,49,4,57,0,0,0,0,0,0,0,0,0,0,0,0,0,0,0,0,0,0,0,0,0,0,0
1,65,7,12,15,49,4,57,0,0,0,0,0,0,0,0,0,0,0,0,0,0,0,0,0,0,0,0,0,0,0
1,69,5,20,15,32,0,250,64,0,0,0,0,49,4,189,0,0,0,0,0,0,0,0,0,0,0,0,0,0,0
1,69,5,20,15,32,0,250,49,13,0,0,0,49,4,193,0,0,0,0,0,0,0,0,0,0,0,0,0,0,0
1,69,5,20,15,32,0,250,49,16,0,0,0,49,4,220,0,0,0,0,0,0,0,0,0,0,0,0,0,0,0
1,69,5,20,15,32,0,250,49,18,0,0,0,49,4,222,0,0,0,0,0,0,0,0,0,0,0,0,0,0,0
1,69,5,20,15,32,0,250,49,10,0,0,0,49,4,198,0,0,0,0,0,0,0,0,0,0,0,0,0,0,0
1,69,5,20,15,32,0,250,49,9,0,0,0,49,4,197,0,0,0,0,0,0,0,0,0,0,0,0,0,0,0
10,65,13,33,1,86,1,96,13,1,0,50,2,33,68,0,0,0,0,0,0,0,0,0,0,7,90,185,161,0,0
1,3,13,11,10,71,167,0,0,0,0,0,0,0,0,0,0,0,0,0,0,0,0,0,0,0,0,0,0,0,0
10,65,14,33,1,86,1,96,13,2,0,50,2,33,68,0,0,0,25,0,0,0,0,0,0,243,160,119,125,0,0
1,3,14,11,10,30,247,0,0,0,0,0,0,0,0,0,0,0,0,0,0,0,0,0,0,0,0,0,0,0,0
10,65,15,29,1,86,1,96,13,1,0,50,2,33,50,0,0,0,0,0,0,202,252,117,144,0,0,0,0,0,0
1,3,15,11,10,41,199,0,0,0,0,0,0,0,0,0,0,0,0,0,0,0,0,0,0,0,0,0,0,0,0
10,65,1,29,1,86,1,96,13,2,0,50,2,33,50,0,0,0,0,0,0,207,99,102,144,0,0,0,0,0,0
1,3,1,11,10,50,198,0,0,0,0,0,0,0,0,0,0,0,0,0,0,0,0,0,0,0,0,0,0,0,0
1,65,14,13,10,32,2,95,233,0,0,0,0,0,0,0,0,0,0,0,0,0,0,0,0,0,0,0,0,0,0
10,3,14,11,1,67,99,0,0,0,0,0,0,0,0,0,0,0,0,0,0,0,0,0,0,0,0,0,0,0,0
10,65,2,14,1,32,3,0,92,170,0,0,0,0,0,0,0,0,0,0,0,0,0,0,0,0,0,0,0,0,0
1,3,2,11,10,107,150,0,0,0,0,0,0,0,0,0,0,0,0,0,0,0,0,0,0,0,0,0,0,0,0
7,3,9,10,1,78,0,0,0,0,0,0,0,0,0,0,0,0,0,0,0,0,0,0,0,0,0,0,0,0,0
1,3,1,10,7,70,0,0,0,0,0,0,0,0,0,0,0,0,0,0,0,0,0,0,0,0,0,0,0,0,0
1,65,8,17,16,86,1,32,2,77,38,109,126,0,0,0,0,0,0,0,0,0,0,0,0,0,0,0,0,0,0
16,3,8,11,1,179,55,0,0,0,0,0,0,0,0,0,0,0,0,0,0,0,0,0,0,0,0,0,0,0,0
16,65,12,18,1,86,1,32,3,0,140,88,13,56,0,0,0,0,0,0,0,0,0,0,0,0,0,0,0,0,0
1,3,12,11,16,195,236,0,0,0,0,0,0,0,0,0,0,0,0,0,0,0,0,0,0,0,0,0,0,0,0
1,65,11,17,9,86,1,32,2,77,38,92,141,0,0,0,0,0,0,0,0,0,0,0,0,0,0,0,0,0,0
9,3,11,11,1,70,65,0,0,0,0,0,0,0,0,0,0,0,0,0,0,0,0,0,0,0,0,0,0,0,0
9,65,3,18,1,86,1,32,3,0,140,88,116,4,0,0,0,0,0,0,0,0,0,0,0,0,0,0,0,0,0
1,3,3,11,9,108,197,0,0,0,0,0,0,0,0,0,0,0,0,0,0,0,0,0,0,0,0,0,0,0,0
1,65,15,13,13,32,2,112,40,0,0,0,0,0,0,0,0,0,0,0,0,0,0,0,0,0,0,0,0,0,0
13,3,15,11,1,19,135,0,0,0,0,0,0,0,0,0,0,0,0,0,0,0,0,0,0,0,0,0,0,0,0
13,65,15,14,1,32,3,0,213,241,0,0,0,0,0,0,0,0,0,0,0,0,0,0,0,0,0,0,0,0,0
1,3,15,11,13,89,32,0,0,0,0,0,0,0,0,0,0,0,0,0,0,0,0,0,0,0,0,0,0,0,0
1,65,2,13,10,32,2,212,194,0,0,0,0,0,0,0,0,0,0,0,0,0,0,0,0,0,0,0,0,0,0
10,3,2,11,1,54,2,0,0,0,0,0,0,0,0,0,0,0,0,0,0,0,0,0,0,0,0,0,0,0,0
10,65,3,14,1,32,3,0,25,10,0,0,0,0,0,0,0,0,0,0,0,0,0,0,0,0,0,0,0,0,0
1,3,3,11,10,92,166,0,0,0,0,0,0,0,0,0,0,0,0,0,0,0,0,0,0,0,0,0,0,0,0
1,65,11,17,16,86,1,32,2,77,38,64,58,0,0,0,0,0,0,0,0,0,0,0,0,0,0,0,0,0,0
16,3,11,11,1,234,103,0,0,0,0,0,0,0,0,0,0,0,0,0,0,0,0,0,0,0,0,0,0,0,0
16,65,13,18,1,86,1,32,3,0,140,88,98,125,0,0,0,0,0,0,0,0,0,0,0,0,0,0,0,0,0
1,3,13,11,16,244,220,0,0,0,0,0,0,0,0,0,0,0,0,0,0,0,0,0,0,0,0,0,0,0,0
1,65,14,17,9,86,1,32,2,77,38,43,65,0,0,0,0,0,0,0,0,0,0,0,0,0,0,0,0,0,0
9,3,14,11,1,173,177,0,0,0,0,0,0,0,0,0,0,0,0,0,0,0,0,0,0,0,0,0,0,0,0
9,65,4,18,1,86,1,32,3,0,140,88,104,254,0,0,0,0,0,0,0,0,0,0,0,0,0,0,0,0,0
1,3,4,11,9,233,85,0,0,0,0,0,0,0,0,0,0,0,0,0,0,0,0,0,0,0,0,0,0,0,0
1,65,3,13,13,32,2,251,3,0,0,0,0,0,0,0,0,0,0,0,0,0,0,0,0,0,0,0,0,0,0
13,3,3,11,1,102,230,0,0,0,0,0,0,0,0,0,0,0,0,0,0,0,0,0,0,0,0,0,0,0,0
13,65,1,14,1,32,3,0,85,82,0,0,0,0,0,0,0,0,0,0,0,0,0,0,0,0,0,0,0,0,0
1,3,1,11,13,66,33,0,0,0,0,0,0,0,0,0,0,0,0,0,0,0,0,0,0,0,0,0,0,0,0
1,65,5,13,10,32,2,179,22,0,0,0,0,0,0,0,0,0,0,0,0,0,0,0,0,0,0,0,0,0,0
10,3,5,11,1,179,146,0,0,0,0,0,0,0,0,0,0,0,0,0,0,0,0,0,0,0,0,0,0,0,0
10,65,4,14,1,32,3,0,209,75,0,0,0,0,0,0,0,0,0,0,0,0,0,0,0,0,0,0,0,0,0
1,3,4,11,10,217,54,0,0,0,0,0,0,0,0,0,0,0,0,0,0,0,0,0,0,0,0,0,0,0,0
11,65,1,12,1,132,7,141,0,0,0,0,0,0,0,0,0,0,0,0,0,0,0,0,0,0,0,0,0,0,0
1,3,1,10,11,74,0,0,0,0,0,0,0,0,0,0,0,0,0,0,0,0,0,0,0,0,0,0,0,0,0
1,65,10,12,11,132,8,137,0,0,0,0,0,0,0,0,0,0,0,0,0,0,0,0,0,0,0,0,0,0,0
11,3,10,10,1,65,0,0,0,0,0,0,0,0,0,0,0,0,0,0,0,0,0,0,0,0,0,0,0,0,0
12,65,1,12,1,132,7,138,0,0,0,0,0,0,0,0,0,0,0,0,0,0,0,0,0,0,0,0,0,0,0
1,3,1,10,12,77,0,0,0,0,0,0,0,0,0,0,0,0,0,0,0,0,0,0,0,0,0,0,0,0,0
1,65,11,12,12,132,8,143,0,0,0,0,0,0,0,0,0,0,0,0,0,0,0,0,0,0,0,0,0,0,0
12,3,11,10,1,71,0,0,0,0,0,0,0,0,0,0,0,0,0,0,0,0,0,0,0,0,0,0,0,0,0
1,65,14,17,16,86,1,32,2,77,38,55,246,0,0,0,0,0,0,0,0,0,0,0,0,0,0,0,0,0,0
16,3,14,11,1,1,151,0,0,0,0,0,0,0,0,0,0,0,0,0,0,0,0,0,0,0,0,0,0,0,0
16,65,14,18,1,86,1,32,3,0,140,88,211,178,0,0,0,0,0,0,0,0,0,0,0,0,0,0,0,0,0
1,3,14,11,16,173,140,0,0,0,0,0,0,0,0,0,0,0,0,0,0,0,0,0,0,0,0,0,0,0,0
1,65,2,17,9,86,1,32,2,77,38,158,81,0,0,0,0,0,0,0,0,0,0,0,0,0,0,0,0,0,0
9,3,2,11,1,216,208,0,0,0,0,0,0,0,0,0,0,0,0,0,0,0,0,0,0,0,0,0,0,0,0
9,65,5,18,1,86,1,32,3,0,140,88,7,187,0,0,0,0,0,0,0,0,0,0,0,0,0,0,0,0,0
1,3,5,11,9,222,101,0,0,0,0,0,0,0,0,0,0,0,0,0,0,0,0,0,0,0,0,0,0,0,0
1,65,6,13,13,32,2,216,84,0,0,0,0,0,0,0,0,0,0,0,0,0,0,0,0,0,0,0,0,0,0
13,3,6,11,1,141,22,0,0,0,0,0,0,0,0,0,0,0,0,0,0,0,0,0,0,0,0,0,0,0,0
13,65,2,14,1,32,3,0,155,178,0,0,0,0,0,0,0,0,0,0,0,0,0,0,0,0,0,0,0,0,0
1,3,2,11,13,27,113,0,0,0,0,0,0,0,0,0,0,0,0,0,0,0,0,0,0,0,0,0,0,0,0
17,65,1,17,1,49,5,1,42,2,114,2,196,0,0,0,0,0,0,0,0,0,0,0,0,0,0,0,0,0,0
1,3,1,11,17,145,156,0,0,0,0,0,0,0,0,0,0,0,0,0,0,0,0,0,0,0,0,0,0,0,0
17,65,2,16,1,49,5,5,1,29,167,92,0,0,0,0,0,0,0,0,0,0,0,0,0,0,0,0,0,0,0
1,3,2,11,17,200,204,0,0,0,0,0,0,0,0,0,0,0,0,0,0,0,0,0,0,0,0,0,0,0,0
17,65,3,17,1,49,5,3,10,0,0,151,186,0,0,0,0,0,0,0,0,0,0,0,0,0,0,0,0,0,0
1,3,3,11,17,255,252,0,0,0,0,0,0,0,0,0,0,0,0,0,0,0,0,0,0,0,0,0,0,0,0
17,65,4,16,1,49,5,27,1,0,188,105,0,0,0,0,0,0,0,0,0,0,0,0,0,0,0,0,0,0,0
1,3,4,11,17,122,108,0,0,0,0,0,0,0,0,0,0,0,0,0,0,0,0,0,0,0,0,0,0,0,0
17,65,5,13,1,132,7,245,131,0,0,0,0,0,0,0,0,0,0,0,0,0,0,0,0,0,0,0,0,0,0
1,3,5,11,17,77,92,0,0,0,0,0,0,0,0,0,0,0,0,0,0,0,0,0,0,0,0,0,0,0,0
1,65,12,13,17,132,8,216,8,0,0,0,0,0,0,0,0,0,0,0,0,0,0,0,0,0,0,0,0,0,0
17,3,12,11,1,197,166,0,0,0,0,0,0,0,0,0,0,0,0,0,0,0,0,0,0,0,0,0,0,0,0
1,65,7,13,10,32,2,247,149,0,0,0,0,0,0,0,0,0,0,0,0,0,0,0,0,0,0,0,0,0,0
10,3,7,11,1,221,242,0,0,0,0,0,0,0,0,0,0,0,0,0,0,0,0,0,0,0,0,0,0,0,0
10,65,5,14,1,32,3,0,148,235,0,0,0,0,0,0,0,0,0,0,0,0,0,0,0,0,0,0,0,0,0
1,3,5,11,10,238,6,0,0,0,0,0,0,0,0,0,0,0,0,0,0,0,0,0,0,0,0,0,0,0,0
1,65,1,17,16,86,1,32,2,77,38,175,162,0,0,0,0,0,0,0,0,0,0,0,0,0,0,0,0,0,0
16,3,1,11,1,45,166,0,0,0,0,0,0,0,0,0,0,0,0,0,0,0,0,0,0,0,0,0,0,0,0
16,65,15,18,1,86,1,32,3,0,140,88,188,247,0,0,0,0,0,0,0,0,0,0,0,0,0,0,0,0,0
1,3,15,11,16,154,188,0,0,0,0,0,0,0,0,0,0,0,0,0,0,0,0,0,0,0,0,0,0,0,0
1,65,4,17,9,86,1,32,2,77,38,196,217,0,0,0,0,0,0,0,0,0,0,0,0,0,0,0,0,0,0
9,3,4,11,1,106,112,0,0,0,0,0,0,0,0,0,0,0,0,0,0,0,0,0,0,0,0,0,0,0,0
9,65,6,18,1,86,1,32,3,0,140,88,182,116,0,0,0,0,0,0,0,0,0,0,0,0,0,0,0,0,0
1,3,6,11,9,135,53,0,0,0,0,0,0,0,0,0,0,0,0,0,0,0,0,0,0,0,0,0,0,0,0
1,65,8,13,13,32,2,23,252,0,0,0,0,0,0,0,0,0,0,0,0,0,0,0,0,0,0,0,0,0,0
13,3,8,11,1,150,23,0,0,0,0,0,0,0,0,0,0,0,0,0,0,0,0,0,0,0,0,0,0,0,0
13,65,3,14,1,32,3,0,222,18,0,0,0,0,0,0,0,0,0,0,0,0,0,0,0,0,0,0,0,0,0
1,3,3,11,13,44,65,0,0,0,0,0,0,0,0,0,0,0,0,0,0,0,0,0,0,0,0,0,0,0,0
10,65,6,33,1,86,1,96,13,1,0,50,2,33,68,0,0,0,0,0,0,0,0,0,0,7,90,122,159,0,0
1,3,6,11,10,183,86,0,0,0,0,0,0,0,0,0,0,0,0,0,0,0,0,0,0,0,0,0,0,0,0
10,65,7,33,1,86,1,96,13,2,0,50,2,33,68,0,0,0,26,0,0,0,0,0,0,43,34,63,43,0,0
1,3,7,11,10,128,102,0,0,0,0,0,0,0,0,0,0,0,0,0,0,0,0,0,0,0,0,0,0,0,0
1,65,12,12,8,37,2,39,0,0,0,0,0,0,0,0,0,0,0,0,0,0,0,0,0,0,0,0,0,0,0
1,65,12,12,8,37,2,39,0,0,0,0,0,0,0,0,0,0,0,0,0,0,0,0,0,0,0,0,0,0,0
1,65,12,12,8,37,2,39,0,0,0,0,0,0,0,0,0,0,0,0,0,0,0,0,0,0,0,0,0,0,0
1,65,13,12,8,37,2,38,0,0,0,0,0,0,0,0,0,0,0,0,0,0,0,0,0,0,0,0,0,0,0
8,3,13,10,1,69,0,0,0,0,0,0,0,0,0,0,0,0,0,0,0,0,0,0,0,0,0,0,0,0,0
8,65,65,13,1,37,3,0,106,0,0,0,0,0,0,0,0,0,0,0,0,0,0,0,0,0,0,0,0,0,0
1,3,1,10,8,73,0,0,0,0,0,0,0,0,0,0,0,0,0,0,0,0,0,0,0,0,0,0,0,0,0
10,65,8,29,1,86,1,96,13,1,0,50,2,33,50,0,0,0,0,0,0,202,252,124,16,0,0,0,0,0,0
1,3,8,11,10,172,87,0,0,0,0,0,0,0,0,0,0,0,0,0,0,0,0,0,0,0,0,0,0,0,0
10,65,9,29,1,86,1,96,13,1,0,50,2,33,50,0,0,0,0,0,0,202,252,169,230,0,0,0,0,0,0
1,3,9,11,10,155,103,0,0,0,0,0,0,0,0,0,0,0,0,0,0,0,0,0,0,0,0,0,0,0,0
10,65,10,29,1,86,1,96,13,2,0,50,2,33,50,0,0,0,0,0,0,207,99,199,221,0,0,0,0,0,0
1,3,10,11,10,194,55,0,0,0,0,0,0,0,0,0,0,0,0,0,0,0,0,0,0,0,0,0,0,0,0
1,65,7,13,10,32,2,247,149,0,0,0,0,0,0,0,0,0,0,0,0,0,0,0,0,0,0,0,0,0,0
10,3,7,11,1,221,242,0,0,0,0,0,0,0,0,0,0,0,0,0,0,0,0,0,0,0,0,0,0,0,0
10,65,11,14,1,32,3,0,20,72,0,0,0,0,0,0,0,0,0,0,0,0,0,0,0,0,0,0,0,0,0
1,3,11,11,10,245,7,0,0,0,0,0,0,0,0,0,0,0,0,0,0,0,0,0,0,0,0,0,0,0,0
7,3,15,10,1,72,0,0,0,0,0,0,0,0,0,0,0,0,0,0,0,0,0,0,0,0,0,0,0,0,0
1,3,1,10,7,70,0,0,0,0,0,0,0,0,0,0,0,0,0,0,0,0,0,0,0,0,0,0,0,0,0
1,65,1,17,16,86,1,32,2,77,38,175,162,0,0,0,0,0,0,0,0,0,0,0,0,0,0,0,0,0,0
16,3,1,11,1,45,166,0,0,0,0,0,0,0,0,0,0,0,0,0,0,0,0,0,0,0,0,0,0,0,0
16,65,1,18,1,86,1,32,3,0,140,88,133,3,0,0,0,0,0,0,0,0,0,0,0,0,0,0,0,0,0
1,3,1,11,16,129,189,0,0,0,0,0,0,0,0,0,0,0,0,0,0,0,0,0,0,0,0,0,0,0,0
1,65,4,17,9,86,1,32,2,77,38,196,217,0,0,0,0,0,0,0,0,0,0,0,0,0,0,0,0,0,0
9,3,4,11,1,106,112,0,0,0,0,0,0,0,0,0,0,0,0,0,0,0,0,0,0,0,0,0,0,0,0
9,65,7,18,1,86,1,32,3,0,140,88,217,49,0,0,0,0,0,0,0,0,0,0,0,0,0,0,0,0,0
1,3,7,11,9,176,5,0,0,0,0,0,0,0,0,0,0,0,0,0,0,0,0,0,0,0,0,0,0,0,0
1,3,7,11,16,51,29,0,0,0,0,0,0,0,0,0,0,0,0,0,0,0,0,0,0,0,0,0,0,0,0
1,3,6,10,16,86,0,0,0,0,0,0,0,0,0,0,0,0,0,0,0,0,0,0,0,0,0,0,0,0,0
1,3,8,11,16,31,44,0,0,0,0,0,0,0,0,0,0,0,0,0,0,0,0,0,0,0,0,0,0,0,0
1,3,7,10,16,87,0,0,0,0,0,0,0,0,0,0,0,0,0,0,0,0,0,0,0,0,0,0,0,0,0
1,3,9,11,13,235,128,0,0,0,0,0,0,0,0,0,0,0,0,0,0,0,0,0,0,0,0,0,0,0,0
1,3,8,10,13,69,0,0,0,0,0,0,0,0,0,0,0,0,0,0,0,0,0,0,0,0,0,0,0,0,0
1,3,10,11,13,178,208,0,0,0,0,0,0,0,0,0,0,0,0,0,0,0,0,0,0,0,0,0,0,0,0
1,3,9,10,13,68,0,0,0,0,0,0,0,0,0,0,0,0,0,0,0,0,0,0,0,0,0,0,0,0,0
1,3,11,11,10,245,7,0,0,0,0,0,0,0,0,0,0,0,0,0,0,0,0,0,0,0,0,0,0,0,0
1,3,10,10,10,64,0,0,0,0,0,0,0,0,0,0,0,0,0,0,0,0,0,0,0,0,0,0,0,0,0
1,65,13,13,13,32,2,52,171,0,0,0,0,0,0,0,0,0,0,0,0,0,0,0,0,0,0,0,0,0,0
13,3,13,11,1,125,231,0,0,0,0,0,0,0,0,0,0,0,0,0,0,0,0,0,0,0,0,0,0,0,0
13,65,4,14,1,32,3,0,22,83,0,0,0,0,0,0,0,0,0,0,0,0,0,0,0,0,0,0,0,0,0
1,3,4,11,13,169,209,0,0,0,0,0,0,0,0,0,0,0,0,0,0,0,0,0,0,0,0,0,0,0,0
1,65,15,13,10,32,2,245,184,0,0,0,0,0,0,0,0,0,0,0,0,0,0,0,0,0,0,0,0,0,0
10,3,15,11,1,116,83,0,0,0,0,0,0,0,0,0,0,0,0,0,0,0,0,0,0,0,0,0,0,0,0
10,65,12,14,1,32,3,0,220,9,0,0,0,0,0,0,0,0,0,0,0,0,0,0,0,0,0,0,0,0,0
1,3,12,11,10,112,151,0,0,0,0,0,0,0,0,0,0,0,0,0,0,0,0,0,0,0,0,0,0,0,0
1,65,9,17,16,86,1,32,2,77,38,134,93,0,0,0,0,0,0,0,0,0,0,0,0,0,0,0,0,0,0
16,3,9,11,1,132,7,0,0,0,0,0,0,0,0,0,0,0,0,0,0,0,0,0,0,0,0,0,0,0,0
16,65,2,18,1,86,1,32,3,0,140,88,52,204,0,0,0,0,0,0,0,0,0,0,0,0,0,0,0,0,0
1,3,2,11,16,216,237,0,0,0,0,0,0,0,0,0,0,0,0,0,0,0,0,0,0,0,0,0,0,0,0
1,65,12,17,9,86,1,32,2,77,38,237,38,0,0,0,0,0,0,0,0,0,0,0,0,0,0,0,0,0,0
9,3,12,11,1,195,209,0,0,0,0,0,0,0,0,0,0,0,0,0,0,0,0,0,0,0,0,0,0,0,0
9,65,8,18,1,86,1,32,3,0,140,88,143,128,0,0,0,0,0,0,0,0,0,0,0,0,0,0,0,0,0
1,3,8,11,9,156,52,0,0,0,0,0,0,0,0,0,0,0,0,0,0,0,0,0,0,0,0,0,0,0,0
1,65,1,13,13,32,2,191,128,0,0,0,0,0,0,0,0,0,0,0,0,0,0,0,0,0,0,0,0,0,0
13,3,1,11,1,8,134,0,0,0,0,0,0,0,0,0,0,0,0,0,0,0,0,0,0,0,0,0,0,0,0
13,65,5,14,1,32,3,0,83,243,0,0,0,0,0,0,0,0,0,0,0,0,0,0,0,0,0,0,0,0,0
1,3,5,11,13,158,225,0,0,0,0,0,0,0,0,0,0,0,0,0,0,0,0,0,0,0,0,0,0,0,0
1,65,3,13,10,32,2,126,147,0,0,0,0,0,0,0,0,0,0,0,0,0,0,0,0,0,0,0,0,0,0
10,3,3,11,1,1,50,0,0,0,0,0,0,0,0,0,0,0,0,0,0,0,0,0,0,0,0,0,0,0,0
10,65,13,14,1,32,3,0,153,169,0,0,0,0,0,0,0,0,0,0,0,0,0,0,0,0,0,0,0,0,0
1,3,13,11,10,71,167,0,0,0,0,0,0,0,0,0,0,0,0,0,0,0,0,0,0,0,0,0,0,0,0
1,65,12,17,16,86,1,32,2,77,38,241,145,0,0,0,0,0,0,0,0,0,0,0,0,0,0,0,0,0,0
16,3,12,11,1,111,247,0,0,0,0,0,0,0,0,0,0,0,0,0,0,0,0,0,0,0,0,0,0,0,0
16,65,3,18,1,86,1,32,3,0,140,88,91,137,0,0,0,0,0,0,0,0,0,0,0,0,0,0,0,0,0
1,3,3,11,16,239,221,0,0,0,0,0,0,0,0,0,0,0,0,0,0,0,0,0,0,0,0,0,0,0,0
1,65,1,17,9,86,1,32,2,77,38,179,21,0,0,0,0,0,0,0,0,0,0,0,0,0,0,0,0,0,0
9,3,1,11,1,129,128,0,0,0,0,0,0,0,0,0,0,0,0,0,0,0,0,0,0,0,0,0,0,0,0
9,65,9,18,1,86,1,32,3,0,140,88,224,197,0,0,0,0,0,0,0,0,0,0,0,0,0,0,0,0,0
1,3,9,11,9,171,4,0,0,0,0,0,0,0,0,0,0,0,0,0,0,0,0,0,0,0,0,0,0,0,0
1,65,4,13,13,32,2,156,215,0,0,0,0,0,0,0,0,0,0,0,0,0,0,0,0,0,0,0,0,0,0
13,3,4,11,1,227,118,0,0,0,0,0,0,0,0,0,0,0,0,0,0,0,0,0,0,0,0,0,0,0,0
13,65,6,14,1,32,3,0,157,19,0,0,0,0,0,0,0,0,0,0,0,0,0,0,0,0,0,0,0,0,0
1,3,6,11,13,199,177,0,0,0,0,0,0,0,0,0,0,0,0,0,0,0,0,0,0,0,0,0,0,0,0
17,65,1,17,1,49,5,1,42,2,111,193,88,0,0,0,0,0,0,0,0,0,0,0,0,0,0,0,0,0,0
1,3,1,11,17,145,156,0,0,0,0,0,0,0,0,0,0,0,0,0,0,0,0,0,0,0,0,0,0,0,0
17,65,2,16,1,49,5,5,1,30,151,63,0,0,0,0,0,0,0,0,0,0,0,0,0,0,0,0,0,0,0
1,3,2,11,17,200,204,0,0,0,0,0,0,0,0,0,0,0,0,0,0,0,0,0,0,0,0,0,0,0,0
17,65,3,17,1,49,5,3,10,0,0,151,186,0,0,0,0,0,0,0,0,0,0,0,0,0,0,0,0,0,0
1,3,3,11,17,255,252,0,0,0,0,0,0,0,0,0,0,0,0,0,0,0,0,0,0,0,0,0,0,0,0
17,65,4,16,1,49,5,27,1,0,188,105,0,0,0,0,0,0,0,0,0,0,0,0,0,0,0,0,0,0,0
1,3,4,11,17,122,108,0,0,0,0,0,0,0,0,0,0,0,0,0,0,0,0,0,0,0,0,0,0,0,0
17,65,5,13,1,132,7,245,131,0,0,0,0,0,0,0,0,0,0,0,0,0,0,0,0,0,0,0,0,0,0
1,3,5,11,17,77,92,0,0,0,0,0,0,0,0,0,0,0,0,0,0,0,0,0,0,0,0,0,0,0,0
1,65,7,13,17,132,8,52,247,0,0,0,0,0,0,0,0,0,0,0,0,0,0,0,0,0,0,0,0,0,0
17,3,7,11,1,53,87,0,0,0,0,0,0,0,0,0,0,0,0,0,0,0,0,0,0,0,0,0,0,0,0
11,65,1,12,1,132,7,141,0,0,0,0,0,0,0,0,0,0,0,0,0,0,0,0,0,0,0,0,0,0,0
1,3,1,10,11,74,0,0,0,0,0,0,0,0,0,0,0,0,0,0,0,0,0,0,0,0,0,0,0,0,0
1,65,1,12,11,132,8,130,0,0,0,0,0,0,0,0,0,0,0,0,0,0,0,0,0,0,0,0,0,0,0
11,3,1,10,1,74,0,0,0,0,0,0,0,0,0,0,0,0,0,0,0,0,0,0,0,0,0,0,0,0,0
12,65,1,12,1,132,7,138,0,0,0,0,0,0,0,0,0,0,0,0,0,0,0,0,0,0,0,0,0,0,0
1,3,1,10,12,77,0,0,0,0,0,0,0,0,0,0,0,0,0,0,0,0,0,0,0,0,0,0,0,0,0
1,65,2,12,12,132,8,134,0,0,0,0,0,0,0,0,0,0,0,0,0,0,0,0,0,0,0,0,0,0,0
12,3,2,10,1,78,0,0,0,0,0,0,0,0,0,0,0,0,0,0,0,0,0,0,0,0,0,0,0,0,0
1,65,7,13,10,32,2,247,149,0,0,0,0,0,0,0,0,0,0,0,0,0,0,0,0,0,0,0,0,0,0
10,3,7,11,1,221,242,0,0,0,0,0,0,0,0,0,0,0,0,0,0,0,0,0,0,0,0,0,0,0,0
10,65,14,14,1,32,3,0,87,73,0,0,0,0,0,0,0,0,0,0,0,0,0,0,0,0,0,0,0,0,0
1,3,14,11,10,30,247,0,0,0,0,0,0,0,0,0,0,0,0,0,0,0,0,0,0,0,0,0,0,0,0
1,65,1,17,16,86,1,32,2,77,38,175,162,0,0,0,0,0,0,0,0,0,0,0,0,0,0,0,0,0,0
16,3,1,11,1,45,166,0,0,0,0,0,0,0,0,0,0,0,0,0,0,0,0,0,0,0,0,0,0,0,0
16,65,4,18,1,86,1,32,3,0,140,88,71,115,0,0,0,0,0,0,0,0,0,0,0,0,0,0,0,0,0
1,3,4,11,16,106,77,0,0,0,0,0,0,0,0,0,0,0,0,0,0,0,0,0,0,0,0,0,0,0,0
1,65,5,17,9,86,1,32,2,77,38,47,250,0,0,0,0,0,0,0,0,0,0,0,0,0,0,0,0,0,0
9,3,5,11,1,93,64,0,0,0,0,0,0,0,0,0,0,0,0,0,0,0,0,0,0,0,0,0,0,0,0
9,65,10,18,1,86,1,32,3,0,140,88,81,10,0,0,0,0,0,0,0,0,0,0,0,0,0,0,0,0,0
1,3,10,11,9,242,84,0,0,0,0,0,0,0,0,0,0,0,0,0,0,0,0,0,0,0,0,0,0,0,0
1,65,8,13,13,32,2,23,252,0,0,0,0,0,0,0,0,0,0,0,0,0,0,0,0,0,0,0,0,0,0
13,3,8,11,1,150,23,0,0,0,0,0,0,0,0,0,0,0,0,0,0,0,0,0,0,0,0,0,0,0,0
13,65,7,14,1,32,3,0,216,179,0,0,0,0,0,0,0,0,0,0,0,0,0,0,0,0,0,0,0,0,0
1,3,7,11,13,240,129,0,0,0,0,0,0,0,0,0,0,0,0,0,0,0,0,0,0,0,0,0,0,0,0
10,65,15,33,1,86,1,96,13,1,0,50,2,33,68,0,0,0,0,0,0,0,0,0,0,7,90,50,201,0,0
1,3,15,11,10,41,199,0,0,0,0,0,0,0,0,0,0,0,0,0,0,0,0,0,0,0,0,0,0,0,0
10,65,1,33,1,86,1,96,13,2,0,50,2,33,68,0,0,0,27,0,0,0,0,0,0,147,67,178,178,0,0
1,3,1,11,10,50,198,0,0,0,0,0,0,0,0,0,0,0,0,0,0,0,0,0,0,0,0,0,0,0,0
10,65,2,29,1,86,1,96,13,1,0,50,2,33,50,0,0,0,0,0,0,202,252,8,171,0,0,0,0,0,0
1,3,2,11,10,107,150,0,0,0,0,0,0,0,0,0,0,0,0,0,0,0,0,0,0,0,0,0,0,0,0
10,65,3,29,1,86,1,96,13,2,0,50,2,33,50,0,0,0,0,0,0,207,99,221,93,0,0,0,0,0,0
1,3,3,11,10,92,166,0,0,0,0,0,0,0,0,0,0,0,0,0,0,0,0,0,0,0,0,0,0,0,0
1,65,10,13,10,32,2,214,239,0,0,0,0,0,0,0,0,0,0,0,0,0,0,0,0,0,0,0,0,0,0
10,3,10,11,1,159,163,0,0,0,0,0,0,0,0,0,0,0,0,0,0,0,0,0,0,0,0,0,0,0,0
10,65,4,14,1,32,3,0,209,75,0,0,0,0,0,0,0,0,0,0,0,0,0,0,0,0,0,0,0,0,0
1,3,4,11,10,217,54,0,0,0,0,0,0,0,0,0,0,0,0,0,0,0,0,0,0,0,0,0,0,0,0
7,3,4,10,1,67,0,0,0,0,0,0,0,0,0,0,0,0,0,0,0,0,0,0,0,0,0,0,0,0,0
1,3,1,10,7,70,0,0,0,0,0,0,0,0,0,0,0,0,0,0,0,0,0,0,0,0,0,0,0,0,0
1,65,4,17,16,86,1,32,2,77,38,216,110,0,0,0,0,0,0,0,0,0,0,0,0,0,0,0,0,0,0
16,65,5,18,1,86,1,32,3,0,140,88,40,54,0,0,0,0,0,0,0,0,0,0,0,0,0,0,0,0,0
1,3,5,11,16,93,125,0,0,0,0,0,0,0,0,0,0,0,0,0,0,0,0,0,0,0,0,0,0,0,0
1,65,8,17,9,86,1,32,2,77,38,113,201,0,0,0,0,0,0,0,0,0,0,0,0,0,0,0,0,0,0
9,3,8,11,1,31,17,0,0,0,0,0,0,0,0,0,0,0,0,0,0,0,0,0,0,0,0,0,0,0,0
9,65,11,18,1,86,1,32,3,0,140,88,62,79,0,0,0,0,0,0,0,0,0,0,0,0,0,0,0,0,0
1,3,11,11,9,197,100,0,0,0,0,0,0,0,0,0,0,0,0,0,0,0,0,0,0,0,0,0,0,0,0
1,65,11,13,13,32,2,249,46,0,0,0,0,0,0,0,0,0,0,0,0,0,0,0,0,0,0,0,0,0,0
13,3,11,11,1,207,71,0,0,0,0,0,0,0,0,0,0,0,0,0,0,0,0,0,0,0,0,0,0,0,0
13,65,8,14,1,32,3,0,29,176,0,0,0,0,0,0,0,0,0,0,0,0,0,0,0,0,0,0,0,0,0
1,3,8,11,13,220,176,0,0,0,0,0,0,0,0,0,0,0,0,0,0,0,0,0,0,0,0,0,0,0,0
1,65,13,13,10,32,2,177,59,0,0,0,0,0,0,0,0,0,0,0,0,0,0,0,0,0,0,0,0,0,0
10,3,13,11,1,26,51,0,0,0,0,0,0,0,0,0,0,0,0,0,0,0,0,0,0,0,0,0,0,0,0
10,65,5,14,1,32,3,0,148,235,0,0,0,0,0,0,0,0,0,0,0,0,0,0,0,0,0,0,0,0,0
1,3,5,11,10,238,6,0,0,0,0,0,0,0,0,0,0,0,0,0,0,0,0,0,0,0,0,0,0,0,0
1,65,10,17,16,86,1,32,2,77,38,171,25,0,0,0,0,0,0,0,0,0,0,0,0,0,0,0,0,0,0
16,3,10,11,1,221,87,0,0,0,0,0,0,0,0,0,0,0,0,0,0,0,0,0,0,0,0,0,0,0,0
16,65,6,18,1,86,1,32,3,0,140,88,153,249,0,0,0,0,0,0,0,0,0,0,0,0,0,0,0,0,0
1,3,6,11,16,4,45,0,0,0,0,0,0,0,0,0,0,0,0,0,0,0,0,0,0,0,0,0,0,0,0
1,65,14,17,9,86,1,32,2,77,38,43,65,0,0,0,0,0,0,0,0,0,0,0,0,0,0,0,0,0,0
9,3,14,11,1,173,177,0,0,0,0,0,0,0,0,0,0,0,0,0,0,0,0,0,0,0,0,0,0,0,0
9,65,12,18,1,86,1,32,3,0,140,88,34,181,0,0,0,0,0,0,0,0,0,0,0,0,0,0,0,0,0
1,3,12,11,9,64,244,0,0,0,0,0,0,0,0,0,0,0,0,0,0,0,0,0,0,0,0,0,0,0,0
1,65,2,13,13,32,2,81,82,0,0,0,0,0,0,0,0,0,0,0,0,0,0,0,0,0,0,0,0,0,0
13,3,2,11,1,81,214,0,0,0,0,0,0,0,0,0,0,0,0,0,0,0,0,0,0,0,0,0,0,0,0
13,65,9,14,1,32,3,0,88,16,0,0,0,0,0,0,0,0,0,0,0,0,0,0,0,0,0,0,0,0,0
1,3,9,11,13,235,128,0,0,0,0,0,0,0,0,0,0,0,0,0,0,0,0,0,0,0,0,0,0,0,0
1,65,4,13,10,32,2,25,71,0,0,0,0,0,0,0,0,0,0,0,0,0,0,0,0,0,0,0,0,0,0
10,3,4,11,1,132,162,0,0,0,0,0,0,0,0,0,0,0,0,0,0,0,0,0,0,0,0,0,0,0,0
10,65,6,14,1,32,3,0,90,11,0,0,0,0,0,0,0,0,0,0,0,0,0,0,0,0,0,0,0,0,0
1,3,6,11,10,183,86,0,0,0,0,0,0,0,0,0,0,0,0,0,0,0,0,0,0,0,0,0,0,0,0
1,65,13,17,16,86,1,32,2,77,38,26,178,0,0,0,0,0,0,0,0,0,0,0,0,0,0,0,0,0,0
16,3,13,11,1,88,199,0,0,0,0,0,0,0,0,0,0,0,0,0,0,0,0,0,0,0,0,0,0,0,0
16,65,7,18,1,86,1,32,3,0,140,88,246,188,0,0,0,0,0,0,0,0,0,0,0,0,0,0,0,0,0
1,3,7,11,16,51,29,0,0,0,0,0,0,0,0,0,0,0,0,0,0,0,0,0,0,0,0,0,0,0,0
1,65,5,12,15,49,4,59,0,0,0,0,0,0,0,0,0,0,0,0,0,0,0,0,0,0,0,0,0,0,0
1,65,5,12,15,49,4,59,0,0,0,0,0,0,0,0,0,0,0,0,0,0,0,0,0,0,0,0,0,0,0
1,65,5,12,15,49,4,59,0,0,0,0,0,0,0,0,0,0,0,0,0,0,0,0,0,0,0,0,0,0,0
1,129,12,16,15,0,32,16,13,49,4,211,0,0,0,0,0,0,0,0,0,0,0,0,0,0,0,0,0,0,0
1,129,12,16,15,0,33,16,13,49,4,210,0,0,0,0,0,0,0,0,0,0,0,0,0,0,0,0,0,0,0
1,129,12,16,15,0,34,16,13,49,4,209,0,0,0,0,0,0,0,0,0,0,0,0,0,0,0,0,0,0,0
1,129,12,16,15,0,34,16,13,49,4,209,0,0,0,0,0,0,0,0,0,0,0,0,0,0,0,0,0,0,0
1,129,12,16,15,0,34,16,13,49,4,209,0,0,0,0,0,0,0,0,0,0,0,0,0,0,0,0,0,0,0
15,129,12,14,1,37,32,16,13,221,0,0,0,0,0,0,0,0,0,0,0,0,0,0,0,0,0,0,0,0,0
15,193,12,14,1,37,47,16,13,146,0,0,0,0,0,0,0,0,0,0,0,0,0,0,0,0,0,0,0,0,0
1,3,12,10,16,92,0,0,0,0,0,0,0,0,0,0,0,0,0,0,0,0,0,0,0,0,0,0,0,0,0
1,129,13,16,15,0,32,16,9,49,4,214,0,0,0,0,0,0,0,0,0,0,0,0,0,0,0,0,0,0,0
1,129,13,16,15,0,33,16,9,49,4,215,0,0,0,0,0,0,0,0,0,0,0,0,0,0,0,0,0,0,0
1,129,13,16,15,0,34,16,9,49,4,212,0,0,0,0,0,0,0,0,0,0,0,0,0,0,0,0,0,0,0
1,129,13,16,15,0,34,16,9,49,4,212,0,0,0,0,0,0,0,0,0,0,0,0,0,0,0,0,0,0,0
1,129,13,16,15,0,34,16,9,49,4,212,0,0,0,0,0,0,0,0,0,0,0,0,0,0,0,0,0,0,0
15,129,13,14,1,37,32,16,9,216,0,0,0,0,0,0,0,0,0,0,0,0,0,0,0,0,0,0,0,0,0
15,193,13,14,1,37,47,16,9,151,0,0,0,0,0,0,0,0,0,0,0,0,0,0,0,0,0,0,0,0,0
1,3,13,10,16,93,0,0,0,0,0,0,0,0,0,0,0,0,0,0,0,0,0,0,0,0,0,0,0,0,0
1,129,14,15,15,0,16,13,49,4,238,0,0,0,0,0,0,0,0,0,0,0,0,0,0,0,0,0,0,0,0
1,129,14,15,15,0,17,13,49,4,239,0,0,0,0,0,0,0,0,0,0,0,0,0,0,0,0,0,0,0,0
1,129,14,15,15,0,17,13,49,4,239,0,0,0,0,0,0,0,0,0,0,0,0,0,0,0,0,0,0,0,0
1,129,14,15,15,0,17,13,49,4,239,0,0,0,0,0,0,0,0,0,0,0,0,0,0,0,0,0,0,0,0
15,193,14,13,1,21,31,13,131,0,0,0,0,0,0,0,0,0,0,0,0,0,0,0,0,0,0,0,0,0,0
1,3,14,10,13,67,0,0,0,0,0,0,0,0,0,0,0,0,0,0,0,0,0,0,0,0,0,0,0,0,0
1,129,15,16,15,0,32,13,10,49,4,202,0,0,0,0,0,0,0,0,0,0,0,0,0,0,0,0,0,0,0
1,129,15,16,15,0,33,13,10,49,4,203,0,0,0,0,0,0,0,0,0,0,0,0,0,0,0,0,0,0,0
1,129,15,16,15,0,34,13,10,49,4,200,0,0,0,0,0,0,0,0,0,0,0,0,0,0,0,0,0,0,0
1,129,15,16,15,0,34,13,10,49,4,200,0,0,0,0,0,0,0,0,0,0,0,0,0,0,0,0,0,0,0
1,129,15,16,15,0,34,13,10,49,4,200,0,0,0,0,0,0,0,0,0,0,0,0,0,0,0,0,0,0,0
15,129,15,14,1,37,32,13,10,196,0,0,0,0,0,0,0,0,0,0,0,0,0,0,0,0,0,0,0,0,0
15,193,15,14,1,37,47,13,10,139,0,0,0,0,0,0,0,0,0,0,0,0,0,0,0,0,0,0,0,0,0
1,3,15,10,13,66,0,0,0,0,0,0,0,0,0,0,0,0,0,0,0,0,0,0,0,0,0,0,0,0,0
1,129,1,15,15,0,16,10,49,4,230,0,0,0,0,0,0,0,0,0,0,0,0,0,0,0,0,0,0,0,0
1,129,1,15,15,0,17,10,49,4,231,0,0,0,0,0,0,0,0,0,0,0,0,0,0,0,0,0,0,0,0
1,129,1,15,15,0,17,10,49,4,231,0,0,0,0,0,0,0,0,0,0,0,0,0,0,0,0,0,0,0,0
1,129,1,15,15,0,17,10,49,4,231,0,0,0,0,0,0,0,0,0,0,0,0,0,0,0,0,0,0,0,0
15,193,1,13,1,21,31,10,139,0,0,0,0,0,0,0,0,0,0,0,0,0,0,0,0,0,0,0,0,0,0
1,3,1,10,10,75,0,0,0,0,0,0,0,0,0,0,0,0,0,0,0,0,0,0,0,0,0,0,0,0,0
1,65,6,12,15,49,4,56,0,0,0,0,0,0,0,0,0,0,0,0,0,0,0,0,0,0,0,0,0,0,0
1,65,6,12,15,49,4,56,0,0,0,0,0,0,0,0,0,0,0,0,0,0,0,0,0,0,0,0,0,0,0
1,65,6,12,15,49,4,56,0,0,0,0,0,0,0,0,0,0,0,0,0,0,0,0,0,0,0,0,0,0,0
1,69,2,20,15,32,0,250,64,0,0,0,0,49,4,186,0,0,0,0,0,0,0,0,0,0,0,0,0,0,0
1,69,2,20,15,32,0,250,49,13,0,0,0,49,4,198,0,0,0,0,0,0,0,0,0,0,0,0,0,0,0
1,69,2,20,15,32,0,250,49,10,0,0,0,49,4,193,0,0,0,0,0,0,0,0,0,0,0,0,0,0,0
1,69,2,20,15,32,0,250,49,18,0,0,0,49,4,217,0,0,0,0,0,0,0,0,0,0,0,0,0,0,0
1,69,2,20,15,32,0,250,49,9,0,0,0,49,4,194,0,0,0,0,0,0,0,0,0,0,0,0,0,0,0
1,65,2,17,9,86,1,32,2,77,38,158,81,0,0,0,0,0,0,0,0,0,0,0,0,0,0,0,0,0,0
9,3,2,11,1,216,208,0,0,0,0,0,0,0,0,0,0,0,0,0,0,0,0,0,0,0,0,0,0,0,0
9,65,13,18,1,86,1,32,3,0,140,88,77,240,0,0,0,0,0,0,0,0,0,0,0,0,0,0,0,0,0
1,3,13,11,9,119,196,0,0,0,0,0,0,0,0,0,0,0,0,0,0,0,0,0,0,0,0,0,0,0,0
17,65,1,17,1,49,5,1,42,2,108,241,59,0,0,0,0,0,0,0,0,0,0,0,0,0,0,0,0,0,0
1,3,1,11,17,145,156,0,0,0,0,0,0,0,0,0,0,0,0,0,0,0,0,0,0,0,0,0,0,0,0
17,65,2,16,1,49,5,5,1,30,151,63,0,0,0,0,0,0,0,0,0,0,0,0,0,0,0,0,0,0,0
1,3,2,11,17,200,204,0,0,0,0,0,0,0,0,0,0,0,0,0,0,0,0,0,0,0,0,0,0,0,0
17,65,3,17,1,49,5,3,10,0,0,151,186,0,0,0,0,0,0,0,0,0,0,0,0,0,0,0,0,0,0
1,3,3,11,17,255,252,0,0,0,0,0,0,0,0,0,0,0,0,0,0,0,0,0,0,0,0,0,0,0,0
17,65,4,16,1,49,5,27,1,0,188,105,0,0,0,0,0,0,0,0,0,0,0,0,0,0,0,0,0,0,0
1,3,4,11,17,122,108,0,0,0,0,0,0,0,0,0,0,0,0,0,0,0,0,0,0,0,0,0,0,0,0
17,65,5,13,1,132,7,245,131,0,0,0,0,0,0,0,0,0,0,0,0,0,0,0,0,0,0,0,0,0,0
1,3,5,11,17,77,92,0,0,0,0,0,0,0,0,0,0,0,0,0,0,0,0,0,0,0,0,0,0,0,0
1,65,5,13,17,132,8,112,116,0,0,0,0,0,0,0,0,0,0,0,0,0,0,0,0,0,0,0,0,0,0
17,3,5,11,1,91,55,0,0,0,0,0,0,0,0,0,0,0,0,0,0,0,0,0,0,0,0,0,0,0,0
1,65,6,13,13,32,2,216,84,0,0,0,0,0,0,0,0,0,0,0,0,0,0,0,0,0,0,0,0,0,0
13,3,6,11,1,141,22,0,0,0,0,0,0,0,0,0,0,0,0,0,0,0,0,0,0,0,0,0,0,0,0
13,65,10,14,1,32,3,0,150,240,0,0,0,0,0,0,0,0,0,0,0,0,0,0,0,0,0,0,0,0,0
1,3,10,11,13,178,208,0,0,0,0,0,0,0,0,0,0,0,0,0,0,0,0,0,0,0,0,0,0,0,0
1,65,8,13,10,32,2,146,108,0,0,0,0,0,0,0,0,0,0,0,0,0,0,0,0,0,0,0,0,0,0
10,3,8,11,1,241,195,0,0,0,0,0,0,0,0,0,0,0,0,0,0,0,0,0,0,0,0,0,0,0,0
10,65,7,14,1,32,3,0,31,171,0,0,0,0,0,0,0,0,0,0,0,0,0,0,0,0,0,0,0,0,0
1,3,7,11,10,128,102,0,0,0,0,0,0,0,0,0,0,0,0,0,0,0,0,0,0,0,0,0,0,0,0
1,65,2,17,16,86,1,32,2,77,38,130,230,0,0,0,0,0,0,0,0,0,0,0,0,0,0,0,0,0,0
16,3,2,11,1,116,246,0,0,0,0,0,0,0,0,0,0,0,0,0,0,0,0,0,0,0,0,0,0,0,0
16,65,8,18,1,86,1,32,3,0,140,88,160,13,0,0,0,0,0,0,0,0,0,0,0,0,0,0,0,0,0
1,3,8,11,16,31,44,0,0,0,0,0,0,0,0,0,0,0,0,0,0,0,0,0,0,0,0,0,0,0,0
1,65,6,17,9,86,1,32,2,77,38,2,190,0,0,0,0,0,0,0,0,0,0,0,0,0,0,0,0,0,0
9,3,6,11,1,4,16,0,0,0,0,0,0,0,0,0,0,0,0,0,0,0,0,0,0,0,0,0,0,0,0
9,65,14,18,1,86,1,32,3,0,140,88,252,63,0,0,0,0,0,0,0,0,0,0,0,0,0,0,0,0,0
1,3,14,11,9,46,148,0,0,0,0,0,0,0,0,0,0,0,0,0,0,0,0,0,0,0,0,0,0,0,0
1,65,9,13,13,32,2,189,173,0,0,0,0,0,0,0,0,0,0,0,0,0,0,0,0,0,0,0,0,0,0
13,3,9,11,1,161,39,0,0,0,0,0,0,0,0,0,0,0,0,0,0,0,0,0,0,0,0,0,0,0,0
13,65,11,14,1,32,3,0,211,80,0,0,0,0,0,0,0,0,0,0,0,0,0,0,0,0,0,0,0,0,0
1,3,11,11,13,133,224,0,0,0,0,0,0,0,0,0,0,0,0,0,0,0,0,0,0,0,0,0,0,0,0
11,65,1,12,1,132,7,141,0,0,0,0,0,0,0,0,0,0,0,0,0,0,0,0,0,0,0,0,0,0,0
1,3,1,10,11,74,0,0,0,0,0,0,0,0,0,0,0,0,0,0,0,0,0,0,0,0,0,0,0,0,0
1,65,7,12,11,132,8,132,0,0,0,0,0,0,0,0,0,0,0,0,0,0,0,0,0,0,0,0,0,0,0
11,3,7,10,1,76,0,0,0,0,0,0,0,0,0,0,0,0,0,0,0,0,0,0,0,0,0,0,0,0,0
12,65,1,12,1,132,7,138,0,0,0,0,0,0,0,0,0,0,0,0,0,0,0,0,0,0,0,0,0,0,0
1,3,1,10,12,77,0,0,0,0,0,0,0,0,0,0,0,0,0,0,0,0,0,0,0,0,0,0,0,0,0
1,65,8,12,12,132,8,140,0,0,0,0,0,0,0,0,0,0,0,0,0,0,0,0,0,0,0,0,0,0,0
12,3,8,10,1,68,0,0,0,0,0,0,0,0,0,0,0,0,0,0,0,0,0,0,0,0,0,0,0,0,0
10,65,8,33,1,86,1,96,13,1,0,50,2,33,68,0,0,0,0,0,0,0,0,0,0,7,90,250,228,0,0
1,3,8,11,10,172,87,0,0,0,0,0,0,0,0,0,0,0,0,0,0,0,0,0,0,0,0,0,0,0,0
10,65,9,33,1,86,1,96,13,2,0,50,2,33,68,0,0,0,28,0,0,0,0,0,0,138,7,191,80,0,0
1,3,9,11,10,155,103,0,0,0,0,0,0,0,0,0,0,0,0,0,0,0,0,0,0,0,0,0,0,0,0
10,65,10,29,1,86,1,96,13,1,0,50,2,33,50,0,0,0,0,0,0,202,252,199,221,0,0,0,0,0,0
1,3,10,11,10,194,55,0,0,0,0,0,0,0,0,0,0,0,0,0,0,0,0,0,0,0,0,0,0,0,0
10,65,11,29,1,86,1,96,13,2,0,50,2,33,50,0,0,0,0,0,0,207,99,18,43,0,0,0,0,0,0
1,3,11,11,10,245,7,0,0,0,0,0,0,0,0,0,0,0,0,0,0,0,0,0,0,0,0,0,0,0,0
1,65,9,12,8,37,2,34,0,0,0,0,0,0,0,0,0,0,0,0,0,0,0,0,0,0,0,0,0,0,0
1,65,9,12,8,37,2,34,0,0,0,0,0,0,0,0,0,0,0,0,0,0,0,0,0,0,0,0,0,0,0
1,65,9,12,8,37,2,34,0,0,0,0,0,0,0,0,0,0,0,0,0,0,0,0,0,0,0,0,0,0,0
1,65,10,12,8,37,2,33,0,0,0,0,0,0,0,0,0,0,0,0,0,0,0,0,0,0,0,0,0,0,0
8,3,10,10,1,66,0,0,0,0,0,0,0,0,0,0,0,0,0,0,0,0,0,0,0,0,0,0,0,0,0
8,65,65,13,1,37,3,0,106,0,0,0,0,0,0,0,0,0,0,0,0,0,0,0,0,0,0,0,0,0,0
1,3,1,10,8,73,0,0,0,0,0,0,0,0,0,0,0,0,0,0,0,0,0,0,0,0,0,0,0,0,0
1,65,11,13,10,32,2,124,190,0,0,0,0,0,0,0,0,0,0,0,0,0,0,0,0,0,0,0,0,0,0
10,3,11,11,1,168,147,0,0,0,0,0,0,0,0,0,0,0,0,0,0,0,0,0,0,0,0,0,0,0,0
10,65,12,14,1,32,3,0,220,9,0,0,0,0,0,0,0,0,0,0,0,0,0,0,0,0,0,0,0,0,0
1,3,12,11,10,112,151,0,0,0,0,0,0,0,0,0,0,0,0,0,0,0,0,0,0,0,0,0,0,0,0
7,3,12,10,1,75,0,0,0,0,0,0,0,0,0,0,0,0,0,0,0,0,0,0,0,0,0,0,0,0,0
1,3,1,10,7,70,0,0,0,0,0,0,0,0,0,0,0,0,0,0,0,0,0,0,0,0,0,0,0,0,0
1,65,6,17,16,86,1,32,2,77,38,30,9,0,0,0,0,0,0,0,0,0,0,0,0,0,0,0,0,0,0
16,3,6,11,1,168,54,0,0,0,0,0,0,0,0,0,0,0,0,0,0,0,0,0,0,0,0,0,0,0,0
16,65,9,18,1,86,1,32,3,0,140,88,207,72,0,0,0,0,0,0,0,0,0,0,0,0,0,0,0,0,0
1,3,9,11,16,40,28,0,0,0,0,0,0,0,0,0,0,0,0,0,0,0,0,0,0,0,0,0,0,0,0
1,65,9,17,9,86,1,32,2,77,38,154,234,0,0,0,0,0,0,0,0,0,0,0,0,0,0,0,0,0,0
9,3,9,11,1,40,33,0,0,0,0,0,0,0,0,0,0,0,0,0,0,0,0,0,0,0,0,0,0,0,0
9,65,15,18,1,86,1,32,3,0,140,88,147,122,0,0,0,0,0,0,0,0,0,0,0,0,0,0,0,0,0
1,3,15,11,9,25,164,0,0,0,0,0,0,0,0,0,0,0,0,0,0,0,0,0,0,0,0,0,0,0,0
1,65,12,13,13,32,2,158,250,0,0,0,0,0,0,0,0,0,0,0,0,0,0,0,0,0,0,0,0,0,0
13,3,12,11,1,74,215,0,0,0,0,0,0,0,0,0,0,0,0,0,0,0,0,0,0,0,0,0,0,0,0
13,65,12,14,1,32,3,0,27,17,0,0,0,0,0,0,0,0,0,0,0,0,0,0,0,0,0,0,0,0,0
1,3,12,11,13,0,112,0,0,0,0,0,0,0,0,0,0,0,0,0,0,0,0,0,0,0,0,0,0,0,0
1,65,14,13,10,32,2,95,233,0,0,0,0,0,0,0,0,0,0,0,0,0,0,0,0,0,0,0,0,0,0
10,3,14,11,1,67,99,0,0,0,0,0,0,0,0,0,0,0,0,0,0,0,0,0,0,0,0,0,0,0,0
10,65,13,14,1,32,3,0,153,169,0,0,0,0,0,0,0,0,0,0,0,0,0,0,0,0,0,0,0,0,0
1,3,13,11,10,71,167,0,0,0,0,0,0,0,0,0,0,0,0,0,0,0,0,0,0,0,0,0,0,0,0
1,65,9,17,16,86,1,32,2,77,38,134,93,0,0,0,0,0,0,0,0,0,0,0,0,0,0,0,0,0,0
16,3,9,11,1,132,7,0,0,0,0,0,0,0,0,0,0,0,0,0,0,0,0,0,0,0,0,0,0,0,0
16,65,10,18,1,86,1,32,3,0,140,88,126,135,0,0,0,0,0,0,0,0,0,0,0,0,0,0,0,0,0
1,3,10,11,16,113,76,0,0,0,0,0,0,0,0,0,0,0,0,0,0,0,0,0,0,0,0,0,0,0,0
1,65,12,17,9,86,1,32,2,77,38,237,38,0,0,0,0,0,0,0,0,0,0,0,0,0,0,0,0,0,0
9,3,12,11,1,195,209,0,0,0,0,0,0,0,0,0,0,0,0,0,0,0,0,0,0,0,0,0,0,0,0
9,65,1,18,1,86,1,32,3,0,140,88,170,142,0,0,0,0,0,0,0,0,0,0,0,0,0,0,0,0,0
1,3,1,11,9,2,165,0,0,0,0,0,0,0,0,0,0,0,0,0,0,0,0,0,0,0,0,0,0,0,0
1,65,15,13,13,32,2,112,40,0,0,0,0,0,0,0,0,0,0,0,0,0,0,0,0,0,0,0,0,0,0
13,3,15,11,1,19,135,0,0,0,0,0,0,0,0,0,0,0,0,0,0,0,0,0,0,0,0,0,0,0,0
13,65,13,14,1,32,3,0,94,177,0,0,0,0,0,0,0,0,0,0,0,0,0,0,0,0,0,0,0,0,0
1,3,13,11,13,55,64,0,0,0,0,0,0,0,0,0,0,0,0,0,0,0,0,0,0,0,0,0,0,0,0
1,65,5,13,10,32,2,179,22,0,0,0,0,0,0,0,0,0,0,0,0,0,0,0,0,0,0,0,0,0,0
10,3,5,11,1,179,146,0,0,0,0,0,0,0,0,0,0,0,0,0,0,0,0,0,0,0,0,0,0,0,0
10,65,14,14,1,32,3,0,87,73,0,0,0,0,0,0,0,0,0,0,0,0,0,0,0,0,0,0,0,0,0
1,3,14,11,10,30,247,0,0,0,0,0,0,0,0,0,0,0,0,0,0,0,0,0,0,0,0,0,0,0,0
1,65,15,17,16,86,1,32,2,77,38,220,213,0,0,0,0,0,0,0,0,0,0,0,0,0,0,0,0,0,0
16,3,15,11,1,54,167,0,0,0,0,0,0,0,0,0,0,0,0,0,0,0,0,0,0,0,0,0,0,0,0
16,65,11,18,1,86,1,32,3,0,140,88,17,194,0,0,0,0,0,0,0,0,0,0,0,0,0,0,0,0,0
1,3,11,11,16,70,124,0,0,0,0,0,0,0,0,0,0,0,0,0,0,0,0,0,0,0,0,0,0,0,0
17,65,1,17,1,49,5,1,42,2,96,48,183,0,0,0,0,0,0,0,0,0,0,0,0,0,0,0,0,0,0
1,3,1,11,17,145,156,0,0,0,0,0,0,0,0,0,0,0,0,0,0,0,0,0,0,0,0,0,0,0,0
17,65,2,16,1,49,5,5,1,31,135,30,0,0,0,0,0,0,0,0,0,0,0,0,0,0,0,0,0,0,0
1,3,2,11,17,200,204,0,0,0,0,0,0,0,0,0,0,0,0,0,0,0,0,0,0,0,0,0,0,0,0
17,65,3,14,1,128,3,88,148,112,0,0,0,0,0,0,0,0,0,0,0,0,0,0,0,0,0,0,0,0,0
1,3,3,11,17,255,252,0,0,0,0,0,0,0,0,0,0,0,0,0,0,0,0,0,0,0,0,0,0,0,0
17,65,4,17,1,49,5,3,10,0,0,38,17,0,0,0,0,0,0,0,0,0,0,0,0,0,0,0,0,0,0
1,3,4,11,17,122,108,0,0,0,0,0,0,0,0,0,0,0,0,0,0,0,0,0,0,0,0,0,0,0,0
17,65,5,16,1,49,5,27,1,0,251,186,0,0,0,0,0,0,0,0,0,0,0,0,0,0,0,0,0,0,0
1,3,5,11,17,77,92,0,0,0,0,0,0,0,0,0,0,0,0,0,0,0,0,0,0,0,0,0,0,0,0
17,65,6,13,1,132,7,27,81,0,0,0,0,0,0,0,0,0,0,0,0,0,0,0,0,0,0,0,0,0,0
1,3,6,11,17,20,12,0,0,0,0,0,0,0,0,0,0,0,0,0,0,0,0,0,0,0,0,0,0,0,0
1,65,3,13,17,132,8,189,241,0,0,0,0,0,0,0,0,0,0,0,0,0,0,0,0,0,0,0,0,0,0
17,3,3,11,1,233,151,0,0,0,0,0,0,0,0,0,0,0,0,0,0,0,0,0,0,0,0,0,0,0,0
1,65,4,17,9,86,1,32,2,77,38,196,217,0,0,0,0,0,0,0,0,0,0,0,0,0,0,0,0,0,0
9,3,4,11,1,106,112,0,0,0,0,0,0,0,0,0,0,0,0,0,0,0,0,0,0,0,0,0,0,0,0
9,65,2,18,1,86,1,32,3,0,140,88,27,65,0,0,0,0,0,0,0,0,0,0,0,0,0,0,0,0,0
1,3,2,11,9,91,245,0,0,0,0,0,0,0,0,0,0,0,0,0,0,0,0,0,0,0,0,0,0,0,0
1,65,7,13,13,32,2,114,5,0,0,0,0,0,0,0,0,0,0,0,0,0,0,0,0,0,0,0,0,0,0
13,3,7,11,1,186,38,0,0,0,0,0,0,0,0,0,0,0,0,0,0,0,0,0,0,0,0,0,0,0,0
13,65,14,14,1,32,3,0,144,81,0,0,0,0,0,0,0,0,0,0,0,0,0,0,0,0,0,0,0,0,0
1,3,14,11,13,110,16,0,0,0,0,0,0,0,0,0,0,0,0,0,0,0,0,0,0,0,0,0,0,0,0
1,65,3,13,10,32,2,126,147,0,0,0,0,0,0,0,0,0,0,0,0,0,0,0,0,0,0,0,0,0,0
10,3,3,11,1,1,50,0,0,0,0,0,0,0,0,0,0,0,0,0,0,0,0,0,0,0,0,0,0,0,0
10,65,15,14,1,32,3,0,18,233,0,0,0,0,0,0,0,0,0,0,0,0,0,0,0,0,0,0,0,0,0
1,3,15,11,10,41,199,0,0,0,0,0,0,0,0,0,0,0,0,0,0,0,0,0,0,0,0,0,0,0,0
1,65,13,17,16,86,1,32,2,77,38,26,178,0,0,0,0,0,0,0,0,0,0,0,0,0,0,0,0,0,0
16,3,13,11,1,88,199,0,0,0,0,0,0,0,0,0,0,0,0,0,0,0,0,0,0,0,0,0,0,0,0
16,65,12,18,1,86,1,32,3,0,140,88,13,56,0,0,0,0,0,0,0,0,0,0,0,0,0,0,0,0,0
1,3,12,11,16,195,236,0,0,0,0,0,0,0,0,0,0,0,0,0,0,0,0,0,0,0,0,0,0,0,0
1,65,1,17,9,86,1,32,2,77,38,179,21,0,0,0,0,0,0,0,0,0,0,0,0,0,0,0,0,0,0
9,3,1,11,1,129,128,0,0,0,0,0,0,0,0,0,0,0,0,0,0,0,0,0,0,0,0,0,0,0,0
9,65,3,18,1,86,1,32,3,0,140,88,116,4,0,0,0,0,0,0,0,0,0,0,0,0,0,0,0,0,0
1,3,3,11,9,108,197,0,0,0,0,0,0,0,0,0,0,0,0,0,0,0,0,0,0,0,0,0,0,0,0
1,65,4,13,13,32,2,156,215,0,0,0,0,0,0,0,0,0,0,0,0,0,0,0,0,0,0,0,0,0,0
13,3,4,11,1,227,118,0,0,0,0,0,0,0,0,0,0,0,0,0,0,0,0,0,0,0,0,0,0,0,0
13,65,15,14,1,32,3,0,213,241,0,0,0,0,0,0,0,0,0,0,0,0,0,0,0,0,0,0,0,0,0
1,3,15,11,13,89,32,0,0,0,0,0,0,0,0,0,0,0,0,0,0,0,0,0,0,0,0,0,0,0,0
10,65,1,33,1,86,1,96,13,1,0,50,2,33,68,0,0,0,0,0,0,0,0,0,0,7,90,178,178,0,0
1,3,1,11,10,50,198,0,0,0,0,0,0,0,0,0,0,0,0,0,0,0,0,0,0,0,0,0,0,0,0
10,65,2,33,1,86,1,96,13,2,0,50,2,33,68,0,0,0,29,0,0,0,0,0,0,50,102,124,110,0,0
1,3,2,11,10,107,150,0,0,0,0,0,0,0,0,0,0,0,0,0,0,0,0,0,0,0,0,0,0,0,0
10,65,3,29,1,86,1,96,13,1,0,50,2,33,50,0,0,0,0,0,0,202,252,221,93,0,0,0,0,0,0
1,3,3,11,10,92,166,0,0,0,0,0,0,0,0,0,0,0,0,0,0,0,0,0,0,0,0,0,0,0,0
10,65,4,29,1,86,1,96,13,2,0,50,2,33,50,0,0,0,0,0,0,207,99,212,221,0,0,0,0,0,0
1,3,4,11,10,217,54,0,0,0,0,0,0,0,0,0,0,0,0,0,0,0,0,0,0,0,0,0,0,0,0
1,65,6,13,10,32,2,93,196,0,0,0,0,0,0,0,0,0,0,0,0,0,0,0,0,0,0,0,0,0,0
10,3,6,11,1,234,194,0,0,0,0,0,0,0,0,0,0,0,0,0,0,0,0,0,0,0,0,0,0,0,0
10,65,5,14,1,32,3,0,148,235,0,0,0,0,0,0,0,0,0,0,0,0,0,0,0,0,0,0,0,0,0
1,3,5,11,10,238,6,0,0,0,0,0,0,0,0,0,0,0,0,0,0,0,0,0,0,0,0,0,0,0,0
7,3,14,10,1,73,0,0,0,0,0,0,0,0,0,0,0,0,0,0,0,0,0,0,0,0,0,0,0,0,0
1,3,1,10,7,70,0,0,0,0,0,0,0,0,0,0,0,0,0,0,0,0,0,0,0,0,0,0,0,0,0
11,65,1,12,1,132,7,141,0,0,0,0,0,0,0,0,0,0,0,0,0,0,0,0,0,0,0,0,0,0,0
1,3,1,10,11,74,0,0,0,0,0,0,0,0,0,0,0,0,0,0,0,0,0,0,0,0,0,0,0,0,0
1,65,15,12,11,132,8,140,0,0,0,0,0,0,0,0,0,0,0,0,0,0,0,0,0,0,0,0,0,0,0
11,3,15,10,1,68,0,0,0,0,0,0,0,0,0,0,0,0,0,0,0,0,0,0,0,0,0,0,0,0,0
12,65,1,12,1,132,7,138,0,0,0,0,0,0,0,0,0,0,0,0,0,0,0,0,0,0,0,0,0,0,0
1,3,1,10,12,77,0,0,0,0,0,0,0,0,0,0,0,0,0,0,0,0,0,0,0,0,0,0,0,0,0
1,65,1,12,12,132,8,133,0,0,0,0,0,0,0,0,0,0,0,0,0,0,0,0,0,0,0,0,0,0,0
12,3,1,10,1,77,0,0,0,0,0,0,0,0,0,0,0,0,0,0,0,0,0,0,0,0,0,0,0,0,0
1,65,1,17,16,86,1,32,2,77,38,175,162,0,0,0,0,0,0,0,0,0,0,0,0,0,0,0,0,0,0
16,3,1,11,1,45,166,0,0,0,0,0,0,0,0,0,0,0,0,0,0,0,0,0,0,0,0,0,0,0,0
16,65,13,18,1,86,1,32,3,0,140,88,98,125,0,0,0,0,0,0,0,0,0,0,0,0,0,0,0,0,0
1,3,13,11,16,244,220,0,0,0,0,0,0,0,0,0,0,0,0,0,0,0,0,0,0,0,0,0,0,0,0
1,65,4,17,9,86,1,32,2,77,38,196,217,0,0,0,0,0,0,0,0,0,0,0,0,0,0,0,0,0,0
9,3,4,11,1,106,112,0,0,0,0,0,0,0,0,0,0,0,0,0,0,0,0,0,0,0,0,0,0,0,0
9,65,4,18,1,86,1,32,3,0,140,88,104,254,0,0,0,0,0,0,0,0,0,0,0,0,0,0,0,0,0
1,3,4,11,9,233,85,0,0,0,0,0,0,0,0,0,0,0,0,0,0,0,0,0,0,0,0,0,0,0,0
1,65,7,13,13,32,2,114,5,0,0,0,0,0,0,0,0,0,0,0,0,0,0,0,0,0,0,0,0,0,0
13,3,7,11,1,186,38,0,0,0,0,0,0,0,0,0,0,0,0,0,0,0,0,0,0,0,0,0,0,0,0
13,65,1,14,1,32,3,0,85,82,0,0,0,0,0,0,0,0,0,0,0,0,0,0,0,0,0,0,0,0,0
1,3,1,11,13,66,33,0,0,0,0,0,0,0,0,0,0,0,0,0,0,0,0,0,0,0,0,0,0,0,0
1,65,9,13,10,32,2,56,61,0,0,0,0,0,0,0,0,0,0,0,0,0,0,0,0,0,0,0,0,0,0
10,3,9,11,1,198,243,0,0,0,0,0,0,0,0,0,0,0,0,0,0,0,0,0,0,0,0,0,0,0,0
10,65,6,14,1,32,3,0,90,11,0,0,0,0,0,0,0,0,0,0,0,0,0,0,0,0,0,0,0,0,0
1,3,6,11,10,183,86,0,0,0,0,0,0,0,0,0,0,0,0,0,0,0,0,0,0,0,0,0,0,0,0
1,65,4,17,16,86,1,32,2,77,38,216,110,0,0,0,0,0,0,0,0,0,0,0,0,0,0,0,0,0,0
16,3,4,11,1,198,86,0,0,0,0,0,0,0,0,0,0,0,0,0,0,0,0,0,0,0,0,0,0,0,0
16,65,14,18,1,86,1,32,3,0,140,88,211,178,0,0,0,0,0,0,0,0,0,0,0,0,0,0,0,0,0
1,3,14,11,16,173,140,0,0,0,0,0,0,0,0,0,0,0,0,0,0,0,0,0,0,0,0,0,0,0,0
1,65,7,17,9,86,1,32,2,77,38,233,157,0,0,0,0,0,0,0,0,0,0,0,0,0,0,0,0,0,0
9,3,7,11,1,51,32,0,0,0,0,0,0,0,0,0,0,0,0,0,0,0,0,0,0,0,0,0,0,0,0
9,65,5,18,1,86,1,32,3,0,140,88,7,187,0,0,0,0,0,0,0,0,0,0,0,0,0,0,0,0,0
1,3,5,11,9,222,101,0,0,0,0,0,0,0,0,0,0,0,0,0,0,0,0,0,0,0,0,0,0,0,0
1,65,10,13,13,32,2,83,127,0,0,0,0,0,0,0,0,0,0,0,0,0,0,0,0,0,0,0,0,0,0
13,3,10,11,1,248,119,0,0,0,0,0,0,0,0,0,0,0,0,0,0,0,0,0,0,0,0,0,0,0,0
13,65,2,14,1,32,3,0,155,178,0,0,0,0,0,0,0,0,0,0,0,0,0,0,0,0,0,0,0,0,0
1,3,2,11,13,27,113,0,0,0,0,0,0,0,0,0,0,0,0,0,0,0,0,0,0,0,0,0,0,0,0
1,65,12,13,10,32,2,27,106,0,0,0,0,0,0,0,0,0,0,0,0,0,0,0,0,0,0,0,0,0,0
10,3,12,11,1,45,3,0,0,0,0,0,0,0,0,0,0,0,0,0,0,0,0,0,0,0,0,0,0,0,0
10,65,7,14,1,32,3,0,31,171,0,0,0,0,0,0,0,0,0,0,0,0,0,0,0,0,0,0,0,0,0
1,3,7,11,10,128,102,0,0,0,0,0,0,0,0,0,0,0,0,0,0,0,0,0,0,0,0,0,0,0,0
17,65,1,17,1,49,5,1,42,2,91,183,143,0,0,0,0,0,0,0,0,0,0,0,0,0,0,0,0,0,0
1,3,1,11,17,145,156,0,0,0,0,0,0,0,0,0,0,0,0,0,0,0,0,0,0,0,0,0,0,0,0
17,65,2,16,1,49,5,5,1,31,135,30,0,0,0,0,0,0,0,0,0,0,0,0,0,0,0,0,0,0,0
1,3,2,11,17,200,204,0,0,0,0,0,0,0,0,0,0,0,0,0,0,0,0,0,0,0,0,0,0,0,0
17,65,3,17,1,49,5,3,10,0,0,151,186,0,0,0,0,0,0,0,0,0,0,0,0,0,0,0,0,0,0
1,3,3,11,17,255,252,0,0,0,0,0,0,0,0,0,0,0,0,0,0,0,0,0,0,0,0,0,0,0,0
17,65,4,16,1,49,5,27,1,0,188,105,0,0,0,0,0,0,0,0,0,0,0,0,0,0,0,0,0,0,0
1,3,4,11,17,122,108,0,0,0,0,0,0,0,0,0,0,0,0,0,0,0,0,0,0,0,0,0,0,0,0
17,65,5,13,1,132,7,245,131,0,0,0,0,0,0,0,0,0,0,0,0,0,0,0,0,0,0,0,0,0,0
1,3,5,11,17,77,92,0,0,0,0,0,0,0,0,0,0,0,0,0,0,0,0,0,0,0,0,0,0,0,0
1,65,7,13,17,132,8,52,247,0,0,0,0,0,0,0,0,0,0,0,0,0,0,0,0,0,0,0,0,0,0
17,3,7,11,1,53,87,0,0,0,0,0,0,0,0,0,0,0,0,0,0,0,0,0,0,0,0,0,0,0,0
1,65,8,17,16,86,1,32,2,77,38,109,126,0,0,0,0,0,0,0,0,0,0,0,0,0,0,0,0,0,0
16,3,8,11,1,179,55,0,0,0,0,0,0,0,0,0,0,0,0,0,0,0,0,0,0,0,0,0,0,0,0
16,65,15,18,1,86,1,32,3,0,140,88,188,247,0,0,0,0,0,0,0,0,0,0,0,0,0,0,0,0,0
1,3,15,11,16,154,188,0,0,0,0,0,0,0,0,0,0,0,0,0,0,0,0,0,0,0,0,0,0,0,0
1,65,11,17,9,86,1,32,2,77,38,92,141,0,0,0,0,0,0,0,0,0,0,0,0,0,0,0,0,0,0
9,3,11,11,1,70,65,0,0,0,0,0,0,0,0,0,0,0,0,0,0,0,0,0,0,0,0,0,0,0,0
9,65,6,18,1,86,1,32,3,0,140,88,182,116,0,0,0,0,0,0,0,0,0,0,0,0,0,0,0,0,0
1,3,6,11,9,135,53,0,0,0,0,0,0,0,0,0,0,0,0,0,0,0,0,0,0,0,0,0,0,0,0
1,65,14,13,13,32,2,218,121,0,0,0,0,0,0,0,0,0,0,0,0,0,0,0,0,0,0,0,0,0,0
13,3,14,11,1,36,183,0,0,0,0,0,0,0,0,0,0,0,0,0,0,0,0,0,0,0,0,0,0,0,0
13,65,3,14,1,32,3,0,222,18,0,0,0,0,0,0,0,0,0,0,0,0,0,0,0,0,0,0,0,0,0
1,3,3,11,13,44,65,0,0,0,0,0,0,0,0,0,0,0,0,0,0,0,0,0,0,0,0,0,0,0,0
1,65,7,13,10,32,2,247,149,0,0,0,0,0,0,0,0,0,0,0,0,0,0,0,0,0,0,0,0,0,0
10,3,7,11,1,221,242,0,0,0,0,0,0,0,0,0,0,0,0,0,0,0,0,0,0,0,0,0,0,0,0
10,65,8,14,1,32,3,0,218,168,0,0,0,0,0,0,0,0,0,0,0,0,0,0,0,0,0,0,0,0,0
1,3,8,11,10,172,87,0,0,0,0,0,0,0,0,0,0,0,0,0,0,0,0,0,0,0,0,0,0,0,0
1,65,2,17,16,86,1,32,2,77,38,130,230,0,0,0,0,0,0,0,0,0,0,0,0,0,0,0,0,0,0
16,3,2,11,1,116,246,0,0,0,0,0,0,0,0,0,0,0,0,0,0,0,0,0,0,0,0,0,0,0,0
16,65,1,18,1,86,1,32,3,0,140,88,133,3,0,0,0,0,0,0,0,0,0,0,0,0,0,0,0,0,0
1,3,1,11,16,129,189,0,0,0,0,0,0,0,0,0,0,0,0,0,0,0,0,0,0,0,0,0,0,0,0
1,65,5,17,9,86,1,32,2,77,38,47,250,0,0,0,0,0,0,0,0,0,0,0,0,0,0,0,0,0,0
9,3,5,11,1,93,64,0,0,0,0,0,0,0,0,0,0,0,0,0,0,0,0,0,0,0,0,0,0,0,0
9,65,7,18,1,86,1,32,3,0,140,88,217,49,0,0,0,0,0,0,0,0,0,0,0,0,0,0,0,0,0
1,3,7,11,9,176,5,0,0,0,0,0,0,0,0,0,0,0,0,0,0,0,0,0,0,0,0,0,0,0,0
1,65,8,13,13,32,2,23,252,0,0,0,0,0,0,0,0,0,0,0,0,0,0,0,0,0,0,0,0,0,0
13,3,8,11,1,150,23,0,0,0,0,0,0,0,0,0,0,0,0,0,0,0,0,0,0,0,0,0,0,0,0
13,65,4,14,1,32,3,0,22,83,0,0,0,0,0,0,0,0,0,0,0,0,0,0,0,0,0,0,0,0,0
1,3,4,11,13,169,209,0,0,0,0,0,0,0,0,0,0,0,0,0,0,0,0,0,0,0,0,0,0,0,0
10,65,9,33,1,86,1,96,13,1,0,50,2,33,68,0,0,0,0,0,0,0,0,0,0,7,90,191,80,0,0
1,3,9,11,10,155,103,0,0,0,0,0,0,0,0,0,0,0,0,0,0,0,0,0,0,0,0,0,0,0,0
10,65,10,33,1,86,1,96,13,2,0,50,2,33,68,0,0,0,29,0,0,0,0,0,0,50,102,113,140,0,0
1,3,10,11,10,194,55,0,0,0,0,0,0,0,0,0,0,0,0,0,0,0,0,0,0,0,0,0,0,0,0
10,65,11,29,1,86,1,96,13,1,0,50,2,33,50,0,0,0,0,0,0,202,252,18,43,0,0,0,0,0,0
1,3,11,11,10,245,7,0,0,0,0,0,0,0,0,0,0,0,0,0,0,0,0,0,0,0,0,0,0,0,0
10,65,12,29,1,86,1,96,13,2,0,50,2,33,50,0,0,0,0,0,0,207,99,27,171,0,0,0,0,0,0
1,3,12,11,10,112,151,0,0,0,0,0,0,0,0,0,0,0,0,0,0,0,0,0,0,0,0,0,0,0,0
1,65,10,13,10,32,2,214,239,0,0,0,0,0,0,0,0,0,0,0,0,0,0,0,0,0,0,0,0,0,0
10,3,10,11,1,159,163,0,0,0,0,0,0,0,0,0,0,0,0,0,0,0,0,0,0,0,0,0,0,0,0
10,65,13,14,1,32,3,0,153,169,0,0,0,0,0,0,0,0,0,0,0,0,0,0,0,0,0,0,0,0,0
1,3,13,11,10,71,167,0,0,0,0,0,0,0,0,0,0,0,0,0,0,0,0,0,0,0,0,0,0,0,0
1,65,2,12,8,37,2,41,0,0,0,0,0,0,0,0,0,0,0,0,0,0,0,0,0,0,0,0,0,0,0
1,65,2,12,8,37,2,41,0,0,0,0,0,0,0,0,0,0,0,0,0,0,0,0,0,0,0,0,0,0,0
1,65,2,12,8,37,2,41,0,0,0,0,0,0,0,0,0,0,0,0,0,0,0,0,0,0,0,0,0,0,0
1,65,3,12,8,37,2,40,0,0,0,0,0,0,0,0,0,0,0,0,0,0,0,0,0,0,0,0,0,0,0
8,3,3,10,1,75,0,0,0,0,0,0,0,0,0,0,0,0,0,0,0,0,0,0,0,0,0,0,0,0,0
8,65,65,13,1,37,3,0,106,0,0,0,0,0,0,0,0,0,0,0,0,0,0,0,0,0,0,0,0,0,0
1,3,1,10,8,73,0,0,0,0,0,0,0,0,0,0,0,0,0,0,0,0,0,0,0,0,0,0,0,0,0
7,3,5,10,1,66,0,0,0,0,0,0,0,0,0,0,0,0,0,0,0,0,0,0,0,0,0,0,0,0,0
1,3,1,10,7,70,0,0,0,0,0,0,0,0,0,0,0,0,0,0,0,0,0,0,0,0,0,0,0,0,0
1,65,5,17,16,86,1,32,2,77,38,51,77,0,0,0,0,0,0,0,0,0,0,0,0,0,0,0,0,0,0
16,3,5,11,1,241,102,0,0,0,0,0,0,0,0,0,0,0,0,0,0,0,0,0,0,0,0,0,0,0,0
16,65,2,18,1,86,1,32,3,0,140,88,52,204,0,0,0,0,0,0,0,0,0,0,0,0,0,0,0,0,0
1,3,2,11,16,216,237,0,0,0,0,0,0,0,0,0,0,0,0,0,0,0,0,0,0,0,0,0,0,0,0
1,65,8,17,9,86,1,32,2,77,38,113,201,0,0,0,0,0,0,0,0,0,0,0,0,0,0,0,0,0,0
9,3,8,11,1,31,17,0,0,0,0,0,0,0,0,0,0,0,0,0,0,0,0,0,0,0,0,0,0,0,0
9,65,8,18,1,86,1,32,3,0,140,88,143,128,0,0,0,0,0,0,0,0,0,0,0,0,0,0,0,0,0
1,3,8,11,9,156,52,0,0,0,0,0,0,0,0,0,0,0,0,0,0,0,0,0,0,0,0,0,0,0,0
1,65,11,13,13,32,2,249,46,0,0,0,0,0,0,0,0,0,0,0,0,0,0,0,0,0,0,0,0,0,0
13,3,11,11,1,207,71,0,0,0,0,0,0,0,0,0,0,0,0,0,0,0,0,0,0,0,0,0,0,0,0
13,65,5,14,1,32,3,0,83,243,0,0,0,0,0,0,0,0,0,0,0,0,0,0,0,0,0,0,0,0,0
1,3,5,11,13,158,225,0,0,0,0,0,0,0,0,0,0,0,0,0,0,0,0,0,0,0,0,0,0,0,0
11,65,1,12,1,132,7,141,0,0,0,0,0,0,0,0,0,0,0,0,0,0,0,0,0,0,0,0,0,0,0
1,3,1,10,11,74,0,0,0,0,0,0,0,0,0,0,0,0,0,0,0,0,0,0,0,0,0,0,0,0,0
1,65,6,12,11,132,8,133,0,0,0,0,0,0,0,0,0,0,0,0,0,0,0,0,0,0,0,0,0,0,0
11,3,6,10,1,77,0,0,0,0,0,0,0,0,0,0,0,0,0,0,0,0,0,0,0,0,0,0,0,0,0
12,65,1,12,1,132,7,138,0,0,0,0,0,0,0,0,0,0,0,0,0,0,0,0,0,0,0,0,0,0,0
1,3,1,10,12,77,0,0,0,0,0,0,0,0,0,0,0,0,0,0,0,0,0,0,0,0,0,0,0,0,0
1,65,7,12,12,132,8,131,0,0,0,0,0,0,0,0,0,0,0,0,0,0,0,0,0,0,0,0,0,0,0
12,3,7,10,1,75,0,0,0,0,0,0,0,0,0,0,0,0,0,0,0,0,0,0,0,0,0,0,0,0,0
1,65,12,13,10,32,2,27,106,0,0,0,0,0,0,0,0,0,0,0,0,0,0,0,0,0,0,0,0,0,0
10,3,12,11,1,45,3,0,0,0,0,0,0,0,0,0,0,0,0,0,0,0,0,0,0,0,0,0,0,0,0
10,65,14,14,1,32,3,0,87,73,0,0,0,0,0,0,0,0,0,0,0,0,0,0,0,0,0,0,0,0,0
1,3,14,11,10,30,247,0,0,0,0,0,0,0,0,0,0,0,0,0,0,0,0,0,0,0,0,0,0,0,0
1,65,7,17,16,86,1,32,2,77,38,245,42,0,0,0,0,0,0,0,0,0,0,0,0,0,0,0,0,0,0
16,3,7,11,1,159,6,0,0,0,0,0,0,0,0,0,0,0,0,0,0,0,0,0,0,0,0,0,0,0,0
16,65,3,18,1,86,1,32,3,0,140,88,91,137,0,0,0,0,0,0,0,0,0,0,0,0,0,0,0,0,0
1,3,3,11,16,239,221,0,0,0,0,0,0,0,0,0,0,0,0,0,0,0,0,0,0,0,0,0,0,0,0
1,65,10,17,9,86,1,32,2,77,38,183,174,0,0,0,0,0,0,0,0,0,0,0,0,0,0,0,0,0,0
9,3,10,11,1,113,113,0,0,0,0,0,0,0,0,0,0,0,0,0,0,0,0,0,0,0,0,0,0,0,0
9,65,9,18,1,86,1,32,3,0,140,88,224,197,0,0,0,0,0,0,0,0,0,0,0,0,0,0,0,0,0
1,3,9,11,9,171,4,0,0,0,0,0,0,0,0,0,0,0,0,0,0,0,0,0,0,0,0,0,0,0,0
1,65,13,13,13,32,2,52,171,0,0,0,0,0,0,0,0,0,0,0,0,0,0,0,0,0,0,0,0,0,0
13,3,13,11,1,125,231,0,0,0,0,0,0,0,0,0,0,0,0,0,0,0,0,0,0,0,0,0,0,0,0
13,65,6,14,1,32,3,0,157,19,0,0,0,0,0,0,0,0,0,0,0,0,0,0,0,0,0,0,0,0,0
1,3,6,11,13,199,177,0,0,0,0,0,0,0,0,0,0,0,0,0,0,0,0,0,0,0,0,0,0,0,0
1,65,8,12,15,49,4,54,0,0,0,0,0,0,0,0,0,0,0,0,0,0,0,0,0,0,0,0,0,0,0
1,65,8,12,15,49,4,54,0,0,0,0,0,0,0,0,0,0,0,0,0,0,0,0,0,0,0,0,0,0,0
1,65,8,12,15,49,4,54,0,0,0,0,0,0,0,0,0,0,0,0,0,0,0,0,0,0,0,0,0,0,0
1,129,3,16,15,0,32,16,13,49,4,220,0,0,0,0,0,0,0,0,0,0,0,0,0,0,0,0,0,0,0
1,129,3,16,15,0,33,16,13,49,4,221,0,0,0,0,0,0,0,0,0,0,0,0,0,0,0,0,0,0,0
1,129,3,16,15,0,34,16,13,49,4,222,0,0,0,0,0,0,0,0,0,0,0,0,0,0,0,0,0,0,0
1,129,3,16,15,0,34,16,13,49,4,222,0,0,0,0,0,0,0,0,0,0,0,0,0,0,0,0,0,0,0
1,129,3,16,15,0,34,16,13,49,4,222,0,0,0,0,0,0,0,0,0,0,0,0,0,0,0,0,0,0,0
15,129,3,14,1,37,32,16,13,210,0,0,0,0,0,0,0,0,0,0,0,0,0,0,0,0,0,0,0,0,0
15,193,3,14,1,37,47,16,13,157,0,0,0,0,0,0,0,0,0,0,0,0,0,0,0,0,0,0,0,0,0
1,3,3,10,16,83,0,0,0,0,0,0,0,0,0,0,0,0,0,0,0,0,0,0,0,0,0,0,0,0,0
1,129,4,16,15,0,32,16,9,49,4,223,0,0,0,0,0,0,0,0,0,0,0,0,0,0,0,0,0,0,0
1,129,4,16,15,0,33,16,9,49,4,222,0,0,0,0,0,0,0,0,0,0,0,0,0,0,0,0,0,0,0
1,129,4,16,15,0,34,16,9,49,4,221,0,0,0,0,0,0,0,0,0,0,0,0,0,0,0,0,0,0,0
1,129,4,16,15,0,34,16,9,49,4,221,0,0,0,0,0,0,0,0,0,0,0,0,0,0,0,0,0,0,0
1,129,4,16,15,0,34,16,9,49,4,221,0,0,0,0,0,0,0,0,0,0,0,0,0,0,0,0,0,0,0
15,129,4,14,1,37,32,16,9,209,0,0,0,0,0,0,0,0,0,0,0,0,0,0,0,0,0,0,0,0,0
15,193,4,14,1,37,47,16,9,158,0,0,0,0,0,0,0,0,0,0,0,0,0,0,0,0,0,0,0,0,0
1,3,4,10,16,84,0,0,0,0,0,0,0,0,0,0,0,0,0,0,0,0,0,0,0,0,0,0,0,0,0
1,129,5,15,15,0,16,13,49,4,229,0,0,0,0,0,0,0,0,0,0,0,0,0,0,0,0,0,0,0,0
1,129,5,15,15,0,17,13,49,4,228,0,0,0,0,0,0,0,0,0,0,0,0,0,0,0,0,0,0,0,0
1,129,5,15,15,0,17,13,49,4,228,0,0,0,0,0,0,0,0,0,0,0,0,0,0,0,0,0,0,0,0
1,129,5,15,15,0,17,13,49,4,228,0,0,0,0,0,0,0,0,0,0,0,0,0,0,0,0,0,0,0,0
15,193,5,13,1,21,31,13,136,0,0,0,0,0,0,0,0,0,0,0,0,0,0,0,0,0,0,0,0,0,0
1,3,5,10,13,72,0,0,0,0,0,0,0,0,0,0,0,0,0,0,0,0,0,0,0,0,0,0,0,0,0
1,129,6,16,15,0,32,13,10,49,4,195,0,0,0,0,0,0,0,0,0,0,0,0,0,0,0,0,0,0,0
1,129,6,16,15,0,33,13,10,49,4,194,0,0,0,0,0,0,0,0,0,0,0,0,0,0,0,0,0,0,0
1,129,6,16,15,0,34,13,10,49,4,193,0,0,0,0,0,0,0,0,0,0,0,0,0,0,0,0,0,0,0
1,129,6,16,15,0,34,13,10,49,4,193,0,0,0,0,0,0,0,0,0,0,0,0,0,0,0,0,0,0,0
1,129,6,16,15,0,34,13,10,49,4,193,0,0,0,0,0,0,0,0,0,0,0,0,0,0,0,0,0,0,0
15,129,6,14,1,37,32,13,10,205,0,0,0,0,0,0,0,0,0,0,0,0,0,0,0,0,0,0,0,0,0
15,193,6,14,1,37,47,13,10,130,0,0,0,0,0,0,0,0,0,0,0,0,0,0,0,0,0,0,0,0,0
1,3,6,10,13,75,0,0,0,0,0,0,0,0,0,0,0,0,0,0,0,0,0,0,0,0,0,0,0,0,0
1,129,7,15,15,0,16,10,49,4,224,0,0,0,0,0,0,0,0,0,0,0,0,0,0,0,0,0,0,0,0
1,129,7,15,15,0,17,10,49,4,225,0,0,0,0,0,0,0,0,0,0,0,0,0,0,0,0,0,0,0,0
1,129,7,15,15,0,17,10,49,4,225,0,0,0,0,0,0,0,0,0,0,0,0,0,0,0,0,0,0,0,0
1,129,7,15,15,0,17,10,49,4,225,0,0,0,0,0,0,0,0,0,0,0,0,0,0,0,0,0,0,0,0
15,193,7,13,1,21,31,10,141,0,0,0,0,0,0,0,0,0,0,0,0,0,0,0,0,0,0,0,0,0,0
1,3,7,10,10,77,0,0,0,0,0,0,0,0,0,0,0,0,0,0,0,0,0,0,0,0,0,0,0,0,0
1,65,9,12,15,49,4,55,0,0,0,0,0,0,0,0,0,0,0,0,0,0,0,0,0,0,0,0,0,0,0
1,65,9,12,15,49,4,55,0,0,0,0,0,0,0,0,0,0,0,0,0,0,0,0,0,0,0,0,0,0,0
1,65,9,12,15,49,4,55,0,0,0,0,0,0,0,0,0,0,0,0,0,0,0,0,0,0,0,0,0,0,0
1,69,8,20,15,32,0,250,64,0,0,0,0,49,4,176,0,0,0,0,0,0,0,0,0,0,0,0,0,0,0
1,69,8,20,15,32,0,250,49,13,0,0,0,49,4,204,0,0,0,0,0,0,0,0,0,0,0,0,0,0,0
1,69,8,20,15,32,0,250,49,16,0,0,0,49,4,209,0,0,0,0,0,0,0,0,0,0,0,0,0,0,0
1,69,8,20,15,32,0,250,49,9,0,0,0,49,4,200,0,0,0,0,0,0,0,0,0,0,0,0,0,0,0
1,69,8,20,15,32,0,250,49,10,0,0,0,49,4,203,0,0,0,0,0,0,0,0,0,0,0,0,0,0,0
1,69,8,20,15,32,0,250,49,18,0,0,0,49,4,211,0,0,0,0,0,0,0,0,0,0,0,0,0,0,0
1,65,15,13,10,32,2,245,184,0,0,0,0,0,0,0,0,0,0,0,0,0,0,0,0,0,0,0,0,0,0
10,3,15,11,1,116,83,0,0,0,0,0,0,0,0,0,0,0,0,0,0,0,0,0,0,0,0,0,0,0,0
10,65,15,14,1,32,3,0,18,233,0,0,0,0,0,0,0,0,0,0,0,0,0,0,0,0,0,0,0,0,0
1,3,15,11,10,41,199,0,0,0,0,0,0,0,0,0,0,0,0,0,0,0,0,0,0,0,0,0,0,0,0
17,65,1,17,1,49,5,1,42,2,85,86,65,0,0,0,0,0,0,0,0,0,0,0,0,0,0,0,0,0,0
1,3,1,11,17,145,156,0,0,0,0,0,0,0,0,0,0,0,0,0,0,0,0,0,0,0,0,0,0,0,0
17,65,2,16,1,49,5,5,1,32,64,162,0,0,0,0,0,0,0,0,0,0,0,0,0,0,0,0,0,0,0
1,3,2,11,17,200,204,0,0,0,0,0,0,0,0,0,0,0,0,0,0,0,0,0,0,0,0,0,0,0,0
17,65,3,17,1,49,5,3,10,0,0,151,186,0,0,0,0,0,0,0,0,0,0,0,0,0,0,0,0,0,0
1,3,3,11,17,255,252,0,0,0,0,0,0,0,0,0,0,0,0,0,0,0,0,0,0,0,0,0,0,0,0
17,65,4,16,1,49,5,27,1,0,188,105,0,0,0,0,0,0,0,0,0,0,0,0,0,0,0,0,0,0,0
1,3,4,11,17,122,108,0,0,0,0,0,0,0,0,0,0,0,0,0,0,0,0,0,0,0,0,0,0,0,0
17,65,5,13,1,132,7,245,131,0,0,0,0,0,0,0,0,0,0,0,0,0,0,0,0,0,0,0,0,0,0
1,3,5,11,17,77,92,0,0,0,0,0,0,0,0,0,0,0,0,0,0,0,0,0,0,0,0,0,0,0,0
1,65,8,13,17,132,8,81,14,0,0,0,0,0,0,0,0,0,0,0,0,0,0,0,0,0,0,0,0,0,0
17,3,8,11,1,25,102,0,0,0,0,0,0,0,0,0,0,0,0,0,0,0,0,0,0,0,0,0,0,0,0
1,65,11,17,16,86,1,32,2,77,38,64,58,0,0,0,0,0,0,0,0,0,0,0,0,0,0,0,0,0,0
16,3,11,11,1,234,103,0,0,0,0,0,0,0,0,0,0,0,0,0,0,0,0,0,0,0,0,0,0,0,0
16,65,4,18,1,86,1,32,3,0,140,88,71,115,0,0,0,0,0,0,0,0,0,0,0,0,0,0,0,0,0
1,3,4,11,16,106,77,0,0,0,0,0,0,0,0,0,0,0,0,0,0,0,0,0,0,0,0,0,0,0,0
1,65,14,17,9,86,1,32,2,77,38,43,65,0,0,0,0,0,0,0,0,0,0,0,0,0,0,0,0,0,0
9,3,14,11,1,173,177,0,0,0,0,0,0,0,0,0,0,0,0,0,0,0,0,0,0,0,0,0,0,0,0
9,65,10,18,1,86,1,32,3,0,140,88,81,10,0,0,0,0,0,0,0,0,0,0,0,0,0,0,0,0,0
1,3,10,11,9,242,84,0,0,0,0,0,0,0,0,0,0,0,0,0,0,0,0,0,0,0,0,0,0,0,0
1,65,2,13,13,32,2,81,82,0,0,0,0,0,0,0,0,0,0,0,0,0,0,0,0,0,0,0,0,0,0
13,3,2,11,1,81,214,0,0,0,0,0,0,0,0,0,0,0,0,0,0,0,0,0,0,0,0,0,0,0,0
13,65,7,14,1,32,3,0,216,179,0,0,0,0,0,0,0,0,0,0,0,0,0,0,0,0,0,0,0,0,0
1,3,7,11,13,240,129,0,0,0,0,0,0,0,0,0,0,0,0,0,0,0,0,0,0,0,0,0,0,0,0
1,65,4,13,10,32,2,25,71,0,0,0,0,0,0,0,0,0,0,0,0,0,0,0,0,0,0,0,0,0,0
10,3,4,11,1,132,162,0,0,0,0,0,0,0,0,0,0,0,0,0,0,0,0,0,0,0,0,0,0,0,0
10,65,1,14,1,32,3,0,146,74,0,0,0,0,0,0,0,0,0,0,0,0,0,0,0,0,0,0,0,0,0
1,3,1,11,10,50,198,0,0,0,0,0,0,0,0,0,0,0,0,0,0,0,0,0,0,0,0,0,0,0,0
1,65,14,17,16,86,1,32,2,77,38,55,246,0,0,0,0,0,0,0,0,0,0,0,0,0,0,0,0,0,0
16,3,14,11,1,1,151,0,0,0,0,0,0,0,0,0,0,0,0,0,0,0,0,0,0,0,0,0,0,0,0
16,65,5,18,1,86,1,32,3,0,140,88,40,54,0,0,0,0,0,0,0,0,0,0,0,0,0,0,0,0,0
1,3,5,11,16,93,125,0,0,0,0,0,0,0,0,0,0,0,0,0,0,0,0,0,0,0,0,0,0,0,0
1,65,2,17,9,86,1,32,2,77,38,158,81,0,0,0,0,0,0,0,0,0,0,0,0,0,0,0,0,0,0
9,3,2,11,1,216,208,0,0,0,0,0,0,0,0,0,0,0,0,0,0,0,0,0,0,0,0,0,0,0,0
9,65,11,18,1,86,1,32,3,0,140,88,62,79,0,0,0,0,0,0,0,0,0,0,0,0,0,0,0,0,0
1,3,11,11,9,197,100,0,0,0,0,0,0,0,0,0,0,0,0,0,0,0,0,0,0,0,0,0,0,0,0
1,65,5,13,13,32,2,54,134,0,0,0,0,0,0,0,0,0,0,0,0,0,0,0,0,0,0,0,0,0,0
13,3,5,11,1,212,70,0,0,0,0,0,0,0,0,0,0,0,0,0,0,0,0,0,0,0,0,0,0,0,0
13,65,8,14,1,32,3,0,29,176,0,0,0,0,0,0,0,0,0,0,0,0,0,0,0,0,0,0,0,0,0
1,3,8,11,13,220,176,0,0,0,0,0,0,0,0,0,0,0,0,0,0,0,0,0,0,0,0,0,0,0,0
10,65,2,33,1,86,1,96,13,1,0,50,2,33,68,0,0,0,0,0,0,0,0,0,0,7,90,124,110,0,0
1,3,2,11,10,107,150,0,0,0,0,0,0,0,0,0,0,0,0,0,0,0,0,0,0,0,0,0,0,0,0
10,65,3,33,1,86,1,96,13,2,0,50,2,33,68,0,0,0,30,0,0,0,0,0,0,234,228,57,218,0,0
1,3,3,11,10,92,166,0,0,0,0,0,0,0,0,0,0,0,0,0,0,0,0,0,0,0,0,0,0,0,0
10,65,4,29,1,86,1,96,13,1,0,50,2,33,50,0,0,0,0,0,0,202,252,212,221,0,0,0,0,0,0
1,3,4,11,10,217,54,0,0,0,0,0,0,0,0,0,0,0,0,0,0,0,0,0,0,0,0,0,0,0,0
10,65,5,29,1,86,1,96,13,2,0,50,2,33,50,0,0,0,0,0,0,207,99,1,43,0,0,0,0,0,0
1,3,5,11,10,238,6,0,0,0,0,0,0,0,0,0,0,0,0,0,0,0,0,0,0,0,0,0,0,0,0
1,65,9,13,10,32,2,56,61,0,0,0,0,0,0,0,0,0,0,0,0,0,0,0,0,0,0,0,0,0,0
10,3,9,11,1,198,243,0,0,0,0,0,0,0,0,0,0,0,0,0,0,0,0,0,0,0,0,0,0,0,0
10,65,6,14,1,32,3,0,90,11,0,0,0,0,0,0,0,0,0,0,0,0,0,0,0,0,0,0,0,0,0
1,3,6,11,10,183,86,0,0,0,0,0,0,0,0,0,0,0,0,0,0,0,0,0,0,0,0,0,0,0,0
7,3,11,10,1,76,0,0,0,0,0,0,0,0,0,0,0,0,0,0,0,0,0,0,0,0,0,0,0,0,0
1,3,1,10,7,70,0,0,0,0,0,0,0,0,0,0,0,0,0,0,0,0,0,0,0,0,0,0,0,0,0
1,65,4,17,16,86,1,32,2,77,38,216,110,0,0,0,0,0,0,0,0,0,0,0,0,0,0,0,0,0,0
16,3,4,11,1,198,86,0,0,0,0,0,0,0,0,0,0,0,0,0,0,0,0,0,0,0,0,0,0,0,0
16,65,6,18,1,86,1,32,3,0,140,88,153,249,0,0,0,0,0,0,0,0,0,0,0,0,0,0,0,0,0
1,3,6,11,16,4,45,0,0,0,0,0,0,0,0,0,0,0,0,0,0,0,0,0,0,0,0,0,0,0,0
1,65,7,17,9,86,1,32,2,77,38,233,157,0,0,0,0,0,0,0,0,0,0,0,0,0,0,0,0,0,0
9,3,7,11,1,51,32,0,0,0,0,0,0,0,0,0,0,0,0,0,0,0,0,0,0,0,0,0,0,0,0
9,65,12,18,1,86,1,32,3,0,140,88,34,181,0,0,0,0,0,0,0,0,0,0,0,0,0,0,0,0,0
1,3,12,11,9,64,244,0,0,0,0,0,0,0,0,0,0,0,0,0,0,0,0,0,0,0,0,0,0,0,0
1,65,11,13,13,32,2,249,46,0,0,0,0,0,0,0,0,0,0,0,0,0,0,0,0,0,0,0,0,0,0
13,3,11,11,1,207,71,0,0,0,0,0,0,0,0,0,0,0,0,0,0,0,0,0,0,0,0,0,0,0,0
13,65,9,14,1,32,3,0,88,16,0,0,0,0,0,0,0,0,0,0,0,0,0,0,0,0,0,0,0,0,0
1,3,9,11,13,235,128,0,0,0,0,0,0,0,0,0,0,0,0,0,0,0,0,0,0,0,0,0,0,0,0
1,65,5,13,10,32,2,179,22,0,0,0,0,0,0,0,0,0,0,0,0,0,0,0,0,0,0,0,0,0,0
10,3,5,11,1,179,146,0,0,0,0,0,0,0,0,0,0,0,0,0,0,0,0,0,0,0,0,0,0,0,0
10,65,7,14,1,32,3,0,31,171,0,0,0,0,0,0,0,0,0,0,0,0,0,0,0,0,0,0,0,0,0
1,3,7,11,10,128,102,0,0,0,0,0,0,0,0,0,0,0,0,0,0,0,0,0,0,0,0,0,0,0,0
1,65,15,17,16,86,1,32,2,77,38,220,213,0,0,0,0,0,0,0,0,0,0,0,0,0,0,0,0,0,0
16,3,15,11,1,54,167,0,0,0,0,0,0,0,0,0,0,0,0,0,0,0,0,0,0,0,0,0,0,0,0
16,65,7,18,1,86,1,32,3,0,140,88,246,188,0,0,0,0,0,0,0,0,0,0,0,0,0,0,0,0,0
1,3,7,11,16,51,29,0,0,0,0,0,0,0,0,0,0,0,0,0,0,0,0,0,0,0,0,0,0,0,0
1,65,3,17,9,86,1,32,2,77,38,117,114,0,0,0,0,0,0,0,0,0,0,0,0,0,0,0,0,0,0
9,3,3,11,1,239,224,0,0,0,0,0,0,0,0,0,0,0,0,0,0,0,0,0,0,0,0,0,0,0,0
9,65,13,18,1,86,1,32,3,0,140,88,77,240,0,0,0,0,0,0,0,0,0,0,0,0,0,0,0,0,0
1,3,13,11,9,119,196,0,0,0,0,0,0,0,0,0,0,0,0,0,0,0,0,0,0,0,0,0,0,0,0
1,65,7,13,13,32,2,114,5,0,0,0,0,0,0,0,0,0,0,0,0,0,0,0,0,0,0,0,0,0,0
13,3,7,11,1,186,38,0,0,0,0,0,0,0,0,0,0,0,0,0,0,0,0,0,0,0,0,0,0,0,0
13,65,10,14,1,32,3,0,150,240,0,0,0,0,0,0,0,0,0,0,0,0,0,0,0,0,0,0,0,0,0
1,3,10,11,13,178,208,0,0,0,0,0,0,0,0,0,0,0,0,0,0,0,0,0,0,0,0,0,0,0,0
11,65,1,12,1,132,7,141,0,0,0,0,0,0,0,0,0,0,0,0,0,0,0,0,0,0,0,0,0,0,0
1,3,1,10,11,74,0,0,0,0,0,0,0,0,0,0,0,0,0,0,0,0,0,0,0,0,0,0,0,0,0
1,65,12,12,11,132,8,143,0,0,0,0,0,0,0,0,0,0,0,0,0,0,0,0,0,0,0,0,0,0,0
11,3,12,10,1,71,0,0,0,0,0,0,0,0,0,0,0,0,0,0,0,0,0,0,0,0,0,0,0,0,0
12,65,1,12,1,132,7,138,0,0,0,0,0,0,0,0,0,0,0,0,0,0,0,0,0,0,0,0,0,0,0
1,3,1,10,12,77,0,0,0,0,0,0,0,0,0,0,0,0,0,0,0,0,0,0,0,0,0,0,0,0,0
1,65,13,12,12,132,8,137,0,0,0,0,0,0,0,0,0,0,0,0,0,0,0,0,0,0,0,0,0,0,0
12,3,13,10,1,65,0,0,0,0,0,0,0,0,0,0,0,0,0,0,0,0,0,0,0,0,0,0,0,0,0
1,65,7,13,10,32,2,247,149,0,0,0,0,0,0,0,0,0,0,0,0,0,0,0,0,0,0,0,0,0,0
10,3,7,11,1,221,242,0,0,0,0,0,0,0,0,0,0,0,0,0,0,0,0,0,0,0,0,0,0,0,0
10,65,8,14,1,32,3,0,218,168,0,0,0,0,0,0,0,0,0,0,0,0,0,0,0,0,0,0,0,0,0
1,3,8,11,10,172,87,0,0,0,0,0,0,0,0,0,0,0,0,0,0,0,0,0,0,0,0,0,0,0,0
17,65,1,17,1,49,5,1,42,2,87,118,3,0,0,0,0,0,0,0,0,0,0,0,0,0,0,0,0,0,0
1,3,1,11,17,145,156,0,0,0,0,0,0,0,0,0,0,0,0,0,0,0,0,0,0,0,0,0,0,0,0
17,65,2,16,1,49,5,5,1,31,135,30,0,0,0,0,0,0,0,0,0,0,0,0,0,0,0,0,0,0,0
1,3,2,11,17,200,204,0,0,0,0,0,0,0,0,0,0,0,0,0,0,0,0,0,0,0,0,0,0,0,0
17,65,3,17,1,49,5,3,10,0,10,54,240,0,0,0,0,0,0,0,0,0,0,0,0,0,0,0,0,0,0
1,3,3,11,17,255,252,0,0,0,0,0,0,0,0,0,0,0,0,0,0,0,0,0,0,0,0,0,0,0,0
17,65,4,16,1,49,5,27,1,0,188,105,0,0,0,0,0,0,0,0,0,0,0,0,0,0,0,0,0,0,0
1,3,4,11,17,122,108,0,0,0,0,0,0,0,0,0,0,0,0,0,0,0,0,0,0,0,0,0,0,0,0
17,65,5,13,1,132,7,245,131,0,0,0,0,0,0,0,0,0,0,0,0,0,0,0,0,0,0,0,0,0,0
1,3,5,11,17,77,92,0,0,0,0,0,0,0,0,0,0,0,0,0,0,0,0,0,0,0,0,0,0,0,0
1,65,12,13,17,132,8,216,8,0,0,0,0,0,0,0,0,0,0,0,0,0,0,0,0,0,0,0,0,0,0
17,3,12,11,1,197,166,0,0,0,0,0,0,0,0,0,0,0,0,0,0,0,0,0,0,0,0,0,0,0,0
1,65,3,17,16,86,1,32,2,77,38,105,197,0,0,0,0,0,0,0,0,0,0,0,0,0,0,0,0,0,0
16,3,3,11,1,67,198,0,0,0,0,0,0,0,0,0,0,0,0,0,0,0,0,0,0,0,0,0,0,0,0
16,65,8,18,1,86,1,32,3,0,140,88,160,13,0,0,0,0,0,0,0,0,0,0,0,0,0,0,0,0,0
1,3,8,11,16,31,44,0,0,0,0,0,0,0,0,0,0,0,0,0,0,0,0,0,0,0,0,0,0,0,0
1,65,6,17,9,86,1,32,2,77,38,2,190,0,0,0,0,0,0,0,0,0,0,0,0,0,0,0,0,0,0
9,3,6,11,1,4,16,0,0,0,0,0,0,0,0,0,0,0,0,0,0,0,0,0,0,0,0,0,0,0,0
9,65,14,18,1,86,1,32,3,0,140,88,252,63,0,0,0,0,0,0,0,0,0,0,0,0,0,0,0,0,0
1,3,14,11,9,46,148,0,0,0,0,0,0,0,0,0,0,0,0,0,0,0,0,0,0,0,0,0,0,0,0
1,65,10,13,13,32,2,83,127,0,0,0,0,0,0,0,0,0,0,0,0,0,0,0,0,0,0,0,0,0,0
13,3,10,11,1,248,119,0,0,0,0,0,0,0,0,0,0,0,0,0,0,0,0,0,0,0,0,0,0,0,0
13,65,11,14,1,32,3,0,211,80,0,0,0,0,0,0,0,0,0,0,0,0,0,0,0,0,0,0,0,0,0
1,3,11,11,13,133,224,0,0,0,0,0,0,0,0,0,0,0,0,0,0,0,0,0,0,0,0,0,0,0,0
1,65,11,13,10,32,2,124,190,0,0,0,0,0,0,0,0,0,0,0,0,0,0,0,0,0,0,0,0,0,0
10,3,11,11,1,168,147,0,0,0,0,0,0,0,0,0,0,0,0,0,0,0,0,0,0,0,0,0,0,0,0
10,65,9,14,1,32,3,0,159,8,0,0,0,0,0,0,0,0,0,0,0,0,0,0,0,0,0,0,0,0,0
1,3,9,11,10,155,103,0,0,0,0,0,0,0,0,0,0,0,0,0,0,0,0,0,0,0,0,0,0,0,0
1,65,6,17,16,86,1,32,2,77,38,30,9,0,0,0,0,0,0,0,0,0,0,0,0,0,0,0,0,0,0
16,3,6,11,1,168,54,0,0,0,0,0,0,0,0,0,0,0,0,0,0,0,0,0,0,0,0,0,0,0,0
16,65,9,18,1,86,1,32,3,0,140,88,207,72,0,0,0,0,0,0,0,0,0,0,0,0,0,0,0,0,0
1,3,9,11,16,40,28,0,0,0,0,0,0,0,0,0,0,0,0,0,0,0,0,0,0,0,0,0,0,0,0
1,65,9,17,9,86,1,32,2,77,38,154,234,0,0,0,0,0,0,0,0,0,0,0,0,0,0,0,0,0,0
9,3,9,11,1,40,33,0,0,0,0,0,0,0,0,0,0,0,0,0,0,0,0,0,0,0,0,0,0,0,0
9,65,15,18,1,86,1,32,3,0,140,88,147,122,0,0,0,0,0,0,0,0,0,0,0,0,0,0,0,0,0
1,3,15,11,9,25,164,0,0,0,0,0,0,0,0,0,0,0,0,0,0,0,0,0,0,0,0,0,0,0,0
1,65,13,13,13,32,2,52,171,0,0,0,0,0,0,0,0,0,0,0,0,0,0,0,0,0,0,0,0,0,0
13,3,13,11,1,125,231,0,0,0,0,0,0,0,0,0,0,0,0,0,0,0,0,0,0,0,0,0,0,0,0
13,65,12,14,1,32,3,0,27,17,0,0,0,0,0,0,0,0,0,0,0,0,0,0,0,0,0,0,0,0,0
1,3,12,11,13,0,112,0,0,0,0,0,0,0,0,0,0,0,0,0,0,0,0,0,0,0,0,0,0,0,0
10,65,10,33,1,86,1,96,13,1,0,50,2,33,68,0,0,0,0,0,0,0,0,0,0,7,90,113,140,0,0
1,3,10,11,10,194,55,0,0,0,0,0,0,0,0,0,0,0,0,0,0,0,0,0,0,0,0,0,0,0,0
10,65,11,33,1,86,1,96,13,2,0,50,2,33,68,0,0,0,31,0,0,0,0,0,0,82,133,52,56,0,0
1,3,11,11,10,245,7,0,0,0,0,0,0,0,0,0,0,0,0,0,0,0,0,0,0,0,0,0,0,0,0
1,65,13,13,10,32,2,177,59,0,0,0,0,0,0,0,0,0,0,0,0,0,0,0,0,0,0,0,0,0,0
10,3,13,11,1,26,51,0,0,0,0,0,0,0,0,0,0,0,0,0,0,0,0,0,0,0,0,0,0,0,0
10,65,12,14,1,32,3,0,220,9,0,0,0,0,0,0,0,0,0,0,0,0,0,0,0,0,0,0,0,0,0
1,3,12,11,10,112,151,0,0,0,0,0,0,0,0,0,0,0,0,0,0,0,0,0,0,0,0,0,0,0,0
10,65,13,29,1,86,1,96,13,1,0,50,2,33,50,0,0,0,0,0,0,202,252,206,93,0,0,0,0,0,0
1,3,13,11,10,71,167,0,0,0,0,0,0,0,0,0,0,0,0,0,0,0,0,0,0,0,0,0,0,0,0
10,65,14,29,1,86,1,96,13,2,0,50,2,33,50,0,0,0,0,0,0,207,99,160,102,0,0,0,0,0,0
1,3,14,11,10,30,247,0,0,0,0,0,0,0,0,0,0,0,0,0,0,0,0,0,0,0,0,0,0,0,0
7,3,15,10,1,72,0,0,0,0,0,0,0,0,0,0,0,0,0,0,0,0,0,0,0,0,0,0,0,0,0
1,3,1,10,7,70,0,0,0,0,0,0,0,0,0,0,0,0,0,0,0,0,0,0,0,0,0,0,0,0,0
1,65,1,12,8,37,2,42,0,0,0,0,0,0,0,0,0,0,0,0,0,0,0,0,0,0,0,0,0,0,0
1,65,1,12,8,37,2,42,0,0,0,0,0,0,0,0,0,0,0,0,0,0,0,0,0,0,0,0,0,0,0
1,65,1,12,8,37,2,42,0,0,0,0,0,0,0,0,0,0,0,0,0,0,0,0,0,0,0,0,0,0,0
1,65,2,12,8,37,2,41,0,0,0,0,0,0,0,0,0,0,0,0,0,0,0,0,0,0,0,0,0,0,0
8,3,2,10,1,74,0,0,0,0,0,0,0,0,0,0,0,0,0,0,0,0,0,0,0,0,0,0,0,0,0
8,65,65,13,1,37,3,0,106,0,0,0,0,0,0,0,0,0,0,0,0,0,0,0,0,0,0,0,0,0,0
1,3,1,10,8,73,0,0,0,0,0,0,0,0,0,0,0,0,0,0,0,0,0,0,0,0,0,0,0,0,0
1,65,8,17,16,86,1,32,2,77,38,109,126,0,0,0,0,0,0,0,0,0,0,0,0,0,0,0,0,0,0
16,3,8,11,1,179,55,0,0,0,0,0,0,0,0,0,0,0,0,0,0,0,0,0,0,0,0,0,0,0,0
16,65,10,18,1,86,1,32,3,0,140,88,126,135,0,0,0,0,0,0,0,0,0,0,0,0,0,0,0,0,0
1,3,10,11,16,113,76,0,0,0,0,0,0,0,0,0,0,0,0,0,0,0,0,0,0,0,0,0,0,0,0
1,65,14,17,9,86,1,32,2,77,38,43,65,0,0,0,0,0,0,0,0,0,0,0,0,0,0,0,0,0,0
9,3,14,11,1,173,177,0,0,0,0,0,0,0,0,0,0,0,0,0,0,0,0,0,0,0,0,0,0,0,0
9,65,1,18,1,86,1,32,3,0,140,88,170,142,0,0,0,0,0,0,0,0,0,0,0,0,0,0,0,0,0
1,3,1,11,9,2,165,0,0,0,0,0,0,0,0,0,0,0,0,0,0,0,0,0,0,0,0,0,0,0,0
1,65,3,13,13,32,2,251,3,0,0,0,0,0,0,0,0,0,0,0,0,0,0,0,0,0,0,0,0,0,0
13,3,3,11,1,102,230,0,0,0,0,0,0,0,0,0,0,0,0,0,0,0,0,0,0,0,0,0,0,0,0
13,65,13,14,1,32,3,0,94,177,0,0,0,0,0,0,0,0,0,0,0,0,0,0,0,0,0,0,0,0,0
1,3,13,11,13,55,64,0,0,0,0,0,0,0,0,0,0,0,0,0,0,0,0,0,0,0,0,0,0,0,0
1,65,3,13,10,32,2,126,147,0,0,0,0,0,0,0,0,0,0,0,0,0,0,0,0,0,0,0,0,0,0
10,3,3,11,1,1,50,0,0,0,0,0,0,0,0,0,0,0,0,0,0,0,0,0,0,0,0,0,0,0,0
10,65,15,14,1,32,3,0,18,233,0,0,0,0,0,0,0,0,0,0,0,0,0,0,0,0,0,0,0,0,0
1,3,15,11,10,41,199,0,0,0,0,0,0,0,0,0,0,0,0,0,0,0,0,0,0,0,0,0,0,0,0
1,65,13,17,16,86,1,32,2,77,38,26,178,0,0,0,0,0,0,0,0,0,0,0,0,0,0,0,0,0,0
16,3,13,11,1,88,199,0,0,0,0,0,0,0,0,0,0,0,0,0,0,0,0,0,0,0,0,0,0,0,0
16,65,11,18,1,86,1,32,3,0,140,88,17,194,0,0,0,0,0,0,0,0,0,0,0,0,0,0,0,0,0
1,3,11,11,16,70,124,0,0,0,0,0,0,0,0,0,0,0,0,0,0,0,0,0,0,0,0,0,0,0,0
1,65,1,17,9,86,1,32,2,77,38,179,21,0,0,0,0,0,0,0,0,0,0,0,0,0,0,0,0,0,0
9,3,1,11,1,129,128,0,0,0,0,0,0,0,0,0,0,0,0,0,0,0,0,0,0,0,0,0,0,0,0
9,65,2,18,1,86,1,32,3,0,140,88,27,65,0,0,0,0,0,0,0,0,0,0,0,0,0,0,0,0,0
1,3,2,11,9,91,245,0,0,0,0,0,0,0,0,0,0,0,0,0,0,0,0,0,0,0,0,0,0,0,0
1,65,5,13,13,32,2,54,134,0,0,0,0,0,0,0,0,0,0,0,0,0,0,0,0,0,0,0,0,0,0
13,3,5,11,1,212,70,0,0,0,0,0,0,0,0,0,0,0,0,0,0,0,0,0,0,0,0,0,0,0,0
13,65,14,14,1,32,3,0,144,81,0,0,0,0,0,0,0,0,0,0,0,0,0,0,0,0,0,0,0,0,0
1,3,14,11,13,110,16,0,0,0,0,0,0,0,0,0,0,0,0,0,0,0,0,0,0,0,0,0,0,0,0
1,65,6,13,10,32,2,93,196,0,0,0,0,0,0,0,0,0,0,0,0,0,0,0,0,0,0,0,0,0,0
10,3,6,11,1,234,194,0,0,0,0,0,0,0,0,0,0,0,0,0,0,0,0,0,0,0,0,0,0,0,0
10,65,1,14,1,32,3,0,146,74,0,0,0,0,0,0,0,0,0,0,0,0,0,0,0,0,0,0,0,0,0
1,3,1,11,10,50,198,0,0,0,0,0,0,0,0,0,0,0,0,0,0,0,0,0,0,0,0,0,0,0,0
17,65,1,17,1,49,5,1,42,2,98,16,245,0,0,0,0,0,0,0,0,0,0,0,0,0,0,0,0,0,0
1,3,1,11,17,145,156,0,0,0,0,0,0,0,0,0,0,0,0,0,0,0,0,0,0,0,0,0,0,0,0
17,65,2,16,1,49,5,5,1,31,135,30,0,0,0,0,0,0,0,0,0,0,0,0,0,0,0,0,0,0,0
1,3,2,11,17,200,204,0,0,0,0,0,0,0,0,0,0,0,0,0,0,0,0,0,0,0,0,0,0,0,0
17,65,3,17,1,49,5,3,10,0,48,161,233,0,0,0,0,0,0,0,0,0,0,0,0,0,0,0,0,0,0
1,3,3,11,17,255,252,0,0,0,0,0,0,0,0,0,0,0,0,0,0,0,0,0,0,0,0,0,0,0,0
17,65,4,16,1,49,5,27,1,0,188,105,0,0,0,0,0,0,0,0,0,0,0,0,0,0,0,0,0,0,0
1,3,4,11,17,122,108,0,0,0,0,0,0,0,0,0,0,0,0,0,0,0,0,0,0,0,0,0,0,0,0
17,65,5,13,1,132,7,245,131,0,0,0,0,0,0,0,0,0,0,0,0,0,0,0,0,0,0,0,0,0,0
1,3,5,11,17,77,92,0,0,0,0,0,0,0,0,0,0,0,0,0,0,0,0,0,0,0,0,0,0,0,0
1,65,9,13,17,132,8,251,95,0,0,0,0,0,0,0,0,0,0,0,0,0,0,0,0,0,0,0,0,0,0
17,3,9,11,1,46,86,0,0,0,0,0,0,0,0,0,0,0,0,0,0,0,0,0,0,0,0,0,0,0,0
11,65,1,12,1,132,7,141,0,0,0,0,0,0,0,0,0,0,0,0,0,0,0,0,0,0,0,0,0,0,0
1,3,1,10,11,74,0,0,0,0,0,0,0,0,0,0,0,0,0,0,0,0,0,0,0,0,0,0,0,0,0
1,65,3,12,11,132,8,128,0,0,0,0,0,0,0,0,0,0,0,0,0,0,0,0,0,0,0,0,0,0,0
11,3,3,10,1,72,0,0,0,0,0,0,0,0,0,0,0,0,0,0,0,0,0,0,0,0,0,0,0,0,0
12,65,1,12,1,132,7,138,0,0,0,0,0,0,0,0,0,0,0,0,0,0,0,0,0,0,0,0,0,0,0
1,3,1,10,12,77,0,0,0,0,0,0,0,0,0,0,0,0,0,0,0,0,0,0,0,0,0,0,0,0,0
1,65,4,12,12,132,8,128,0,0,0,0,0,0,0,0,0,0,0,0,0,0,0,0,0,0,0,0,0,0,0
12,3,4,10,1,72,0,0,0,0,0,0,0,0,0,0,0,0,0,0,0,0,0,0,0,0,0,0,0,0,0
1,65,2,17,16,86,1,32,2,77,38,130,230,0,0,0,0,0,0,0,0,0,0,0,0,0,0,0,0,0,0
16,3,2,11,1,116,246,0,0,0,0,0,0,0,0,0,0,0,0,0,0,0,0,0,0,0,0,0,0,0,0
16,65,12,18,1,86,1,32,3,0,140,88,13,56,0,0,0,0,0,0,0,0,0,0,0,0,0,0,0,0,0
1,3,12,11,16,195,236,0,0,0,0,0,0,0,0,0,0,0,0,0,0,0,0,0,0,0,0,0,0,0,0
1,65,5,17,9,86,1,32,2,77,38,47,250,0,0,0,0,0,0,0,0,0,0,0,0,0,0,0,0,0,0
9,3,5,11,1,93,64,0,0,0,0,0,0,0,0,0,0,0,0,0,0,0,0,0,0,0,0,0,0,0,0
9,65,3,18,1,86,1,32,3,0,140,88,116,4,0,0,0,0,0,0,0,0,0,0,0,0,0,0,0,0,0
1,3,3,11,9,108,197,0,0,0,0,0,0,0,0,0,0,0,0,0,0,0,0,0,0,0,0,0,0,0,0
1,65,9,13,13,32,2,189,173,0,0,0,0,0,0,0,0,0,0,0,0,0,0,0,0,0,0,0,0,0,0
13,3,9,11,1,161,39,0,0,0,0,0,0,0,0,0,0,0,0,0,0,0,0,0,0,0,0,0,0,0,0
13,65,15,14,1,32,3,0,213,241,0,0,0,0,0,0,0,0,0,0,0,0,0,0,0,0,0,0,0,0,0
1,3,15,11,13,89,32,0,0,0,0,0,0,0,0,0,0,0,0,0,0,0,0,0,0,0,0,0,0,0,0
1,65,10,13,10,32,2,214,239,0,0,0,0,0,0,0,0,0,0,0,0,0,0,0,0,0,0,0,0,0,0
10,3,10,11,1,159,163,0,0,0,0,0,0,0,0,0,0,0,0,0,0,0,0,0,0,0,0,0,0,0,0
10,65,2,14,1,32,3,0,92,170,0,0,0,0,0,0,0,0,0,0,0,0,0,0,0,0,0,0,0,0,0
1,3,2,11,10,107,150,0,0,0,0,0,0,0,0,0,0,0,0,0,0,0,0,0,0,0,0,0,0,0,0
1,65,5,17,16,86,1,32,2,77,38,51,77,0,0,0,0,0,0,0,0,0,0,0,0,0,0,0,0,0,0
16,3,5,11,1,241,102,0,0,0,0,0,0,0,0,0,0,0,0,0,0,0,0,0,0,0,0,0,0,0,0
16,65,13,18,1,86,1,32,3,0,140,88,98,125,0,0,0,0,0,0,0,0,0,0,0,0,0,0,0,0,0
1,3,13,11,16,244,220,0,0,0,0,0,0,0,0,0,0,0,0,0,0,0,0,0,0,0,0,0,0,0,0
1,65,8,17,9,86,1,32,2,77,38,113,201,0,0,0,0,0,0,0,0,0,0,0,0,0,0,0,0,0,0
9,3,8,11,1,31,17,0,0,0,0,0,0,0,0,0,0,0,0,0,0,0,0,0,0,0,0,0,0,0,0
9,65,4,18,1,86,1,32,3,0,140,88,104,254,0,0,0,0,0,0,0,0,0,0,0,0,0,0,0,0,0
1,3,4,11,9,233,85,0,0,0,0,0,0,0,0,0,0,0,0,0,0,0,0,0,0,0,0,0,0,0,0
1,65,12,13,13,32,2,158,250,0,0,0,0,0,0,0,0,0,0,0,0,0,0,0,0,0,0,0,0,0,0
13,3,12,11,1,74,215,0,0,0,0,0,0,0,0,0,0,0,0,0,0,0,0,0,0,0,0,0,0,0,0
13,65,1,14,1,32,3,0,85,82,0,0,0,0,0,0,0,0,0,0,0,0,0,0,0,0,0,0,0,0,0
1,3,1,11,13,66,33,0,0,0,0,0,0,0,0,0,0,0,0,0,0,0,0,0,0,0,0,0,0,0,0
10,65,3,33,1,86,1,96,13,1,0,50,2,33,68,0,0,0,0,0,0,0,0,0,0,7,90,57,218,0,0
1,3,3,11,10,92,166,0,0,0,0,0,0,0,0,0,0,0,0,0,0,0,0,0,0,0,0,0,0,0,0
1,65,13,13,10,32,2,177,59,0,0,0,0,0,0,0,0,0,0,0,0,0,0,0,0,0,0,0,0,0,0
10,3,13,11,1,26,51,0,0,0,0,0,0,0,0,0,0,0,0,0,0,0,0,0,0,0,0,0,0,0,0
10,65,4,14,1,32,3,0,209,75,0,0,0,0,0,0,0,0,0,0,0,0,0,0,0,0,0,0,0,0,0
1,3,4,11,10,217,54,0,0,0,0,0,0,0,0,0,0,0,0,0,0,0,0,0,0,0,0,0,0,0,0
10,65,5,33,1,86,1,96,13,2,0,50,2,33,68,0,0,0,32,0,0,0,0,0,0,129,225,180,67,0,0
1,3,5,11,10,238,6,0,0,0,0,0,0,0,0,0,0,0,0,0,0,0,0,0,0,0,0,0,0,0,0
10,65,6,29,1,86,1,96,13,1,0,50,2,33,50,0,0,0,0,0,0,202,252,111,16,0,0,0,0,0,0
1,3,6,11,10,183,86,0,0,0,0,0,0,0,0,0,0,0,0,0,0,0,0,0,0,0,0,0,0,0,0
10,65,7,29,1,86,1,96,13,2,0,50,2,33,50,0,0,0,0,0,0,207,99,186,230,0,0,0,0,0,0
1,3,7,11,10,128,102,0,0,0,0,0,0,0,0,0,0,0,0,0,0,0,0,0,0,0,0,0,0,0,0
1,65,8,17,16,86,1,32,2,77,38,109,126,0,0,0,0,0,0,0,0,0,0,0,0,0,0,0,0,0,0
16,3,8,11,1,179,55,0,0,0,0,0,0,0,0,0,0,0,0,0,0,0,0,0,0,0,0,0,0,0,0
16,65,14,18,1,86,1,32,3,0,140,88,211,178,0,0,0,0,0,0,0,0,0,0,0,0,0,0,0,0,0
1,3,14,11,16,173,140,0,0,0,0,0,0,0,0,0,0,0,0,0,0,0,0,0,0,0,0,0,0,0,0
1,65,11,17,9,86,1,32,2,77,38,92,141,0,0,0,0,0,0,0,0,0,0,0,0,0,0,0,0,0,0
9,3,11,11,1,70,65,0,0,0,0,0,0,0,0,0,0,0,0,0,0,0,0,0,0,0,0,0,0,0,0
9,65,5,18,1,86,1,32,3,0,140,88,7,187,0,0,0,0,0,0,0,0,0,0,0,0,0,0,0,0,0
1,3,5,11,9,222,101,0,0,0,0,0,0,0,0,0,0,0,0,0,0,0,0,0,0,0,0,0,0,0,0
1,65,15,13,13,32,2,112,40,0,0,0,0,0,0,0,0,0,0,0,0,0,0,0,0,0,0,0,0,0,0
13,3,15,11,1,19,135,0,0,0,0,0,0,0,0,0,0,0,0,0,0,0,0,0,0,0,0,0,0,0,0
13,65,2,14,1,32,3,0,155,178,0,0,0,0,0,0,0,0,0,0,0,0,0,0,0,0,0,0,0,0,0
1,3,2,11,13,27,113,0,0,0,0,0,0,0,0,0,0,0,0,0,0,0,0,0,0,0,0,0,0,0,0
7,3,6,10,1,65,0,0,0,0,0,0,0,0,0,0,0,0,0,0,0,0,0,0,0,0,0,0,0,0,0
1,3,1,10,7,70,0,0,0,0,0,0,0,0,0,0,0,0,0,0,0,0,0,0,0,0,0,0,0,0,0
1,65,2,13,10,32,2,212,194,0,0,0,0,0,0,0,0,0,0,0,0,0,0,0,0,0,0,0,0,0,0
10,3,2,11,1,54,2,0,0,0,0,0,0,0,0,0,0,0,0,0,0,0,0,0,0,0,0,0,0,0,0
10,65,8,14,1,32,3,0,218,168,0,0,0,0,0,0,0,0,0,0,0,0,0,0,0,0,0,0,0,0,0
1,3,8,11,10,172,87,0,0,0,0,0,0,0,0,0,0,0,0,0,0,0,0,0,0,0,0,0,0,0,0
1,65,14,17,16,86,1,32,2,77,38,55,246,0,0,0,0,0,0,0,0,0,0,0,0,0,0,0,0,0,0
16,3,14,11,1,1,151,0,0,0,0,0,0,0,0,0,0,0,0,0,0,0,0,0,0,0,0,0,0,0,0
16,65,15,18,1,86,1,32,3,0,140,88,188,247,0,0,0,0,0,0,0,0,0,0,0,0,0,0,0,0,0
1,3,15,11,16,154,188,0,0,0,0,0,0,0,0,0,0,0,0,0,0,0,0,0,0,0,0,0,0,0,0
1,65,2,17,9,86,1,32,2,77,38,158,81,0,0,0,0,0,0,0,0,0,0,0,0,0,0,0,0,0,0
9,3,2,11,1,216,208,0,0,0,0,0,0,0,0,0,0,0,0,0,0,0,0,0,0,0,0,0,0,0,0
9,65,6,18,1,86,1,32,3,0,140,88,182,116,0,0,0,0,0,0,0,0,0,0,0,0,0,0,0,0,0
1,3,6,11,9,135,53,0,0,0,0,0,0,0,0,0,0,0,0,0,0,0,0,0,0,0,0,0,0,0,0
1,65,6,13,13,32,2,216,84,0,0,0,0,0,0,0,0,0,0,0,0,0,0,0,0,0,0,0,0,0,0
13,3,6,11,1,141,22,0,0,0,0,0,0,0,0,0,0,0,0,0,0,0,0,0,0,0,0,0,0,0,0
13,65,3,14,1,32,3,0,222,18,0,0,0,0,0,0,0,0,0,0,0,0,0,0,0,0,0,0,0,0,0
1,3,3,11,13,44,65,0,0,0,0,0,0,0,0,0,0,0,0,0,0,0,0,0,0,0,0,0,0,0,0
1,65,7,12,15,49,4,57,0,0,0,0,0,0,0,0,0,0,0,0,0,0,0,0,0,0,0,0,0,0,0
1,65,7,12,15,49,4,57,0,0,0,0,0,0,0,0,0,0,0,0,0,0,0,0,0,0,0,0,0,0,0
1,65,7,12,15,49,4,57,0,0,0,0,0,0,0,0,0,0,0,0,0,0,0,0,0,0,0,0,0,0,0
1,129,9,16,15,0,32,16,13,49,4,214,0,0,0,0,0,0,0,0,0,0,0,0,0,0,0,0,0,0,0
1,129,9,16,15,0,33,16,13,49,4,215,0,0,0,0,0,0,0,0,0,0,0,0,0,0,0,0,0,0,0
1,129,9,16,15,0,34,16,13,49,4,212,0,0,0,0,0,0,0,0,0,0,0,0,0,0,0,0,0,0,0
1,129,9,16,15,0,34,16,13,49,4,212,0,0,0,0,0,0,0,0,0,0,0,0,0,0,0,0,0,0,0
1,129,9,16,15,0,34,16,13,49,4,212,0,0,0,0,0,0,0,0,0,0,0,0,0,0,0,0,0,0,0
15,129,9,14,1,37,32,16,13,216,0,0,0,0,0,0,0,0,0,0,0,0,0,0,0,0,0,0,0,0,0
15,193,9,14,1,37,47,16,13,151,0,0,0,0,0,0,0,0,0,0,0,0,0,0,0,0,0,0,0,0,0
1,3,9,10,16,89,0,0,0,0,0,0,0,0,0,0,0,0,0,0,0,0,0,0,0,0,0,0,0,0,0
1,129,10,16,15,0,32,16,9,49,4,209,0,0,0,0,0,0,0,0,0,0,0,0,0,0,0,0,0,0,0
1,129,10,16,15,0,33,16,9,49,4,208,0,0,0,0,0,0,0,0,0,0,0,0,0,0,0,0,0,0,0
1,129,10,16,15,0,34,16,9,49,4,211,0,0,0,0,0,0,0,0,0,0,0,0,0,0,0,0,0,0,0
1,129,10,16,15,0,34,16,9,49,4,211,0,0,0,0,0,0,0,0,0,0,0,0,0,0,0,0,0,0,0
1,129,10,16,15,0,34,16,9,49,4,211,0,0,0,0,0,0,0,0,0,0,0,0,0,0,0,0,0,0,0
15,129,10,14,1,37,32,16,9,223,0,0,0,0,0,0,0,0,0,0,0,0,0,0,0,0,0,0,0,0,0
15,193,10,14,1,37,47,16,9,144,0,0,0,0,0,0,0,0,0,0,0,0,0,0,0,0,0,0,0,0,0
1,3,10,10,16,90,0,0,0,0,0,0,0,0,0,0,0,0,0,0,0,0,0,0,0,0,0,0,0,0,0
1,129,11,15,15,0,16,13,49,4,235,0,0,0,0,0,0,0,0,0,0,0,0,0,0,0,0,0,0,0,0
1,129,11,15,15,0,17,13,49,4,234,0,0,0,0,0,0,0,0,0,0,0,0,0,0,0,0,0,0,0,0
1,129,11,15,15,0,17,13,49,4,234,0,0,0,0,0,0,0,0,0,0,0,0,0,0,0,0,0,0,0,0
1,129,11,15,15,0,17,13,49,4,234,0,0,0,0,0,0,0,0,0,0,0,0,0,0,0,0,0,0,0,0
15,193,11,13,1,21,31,13,134,0,0,0,0,0,0,0,0,0,0,0,0,0,0,0,0,0,0,0,0,0,0
1,3,11,10,13,70,0,0,0,0,0,0,0,0,0,0,0,0,0,0,0,0,0,0,0,0,0,0,0,0,0
1,129,12,16,15,0,32,13,10,49,4,201,0,0,0,0,0,0,0,0,0,0,0,0,0,0,0,0,0,0,0
1,129,12,16,15,0,33,13,10,49,4,200,0,0,0,0,0,0,0,0,0,0,0,0,0,0,0,0,0,0,0
1,129,12,16,15,0,34,13,10,49,4,203,0,0,0,0,0,0,0,0,0,0,0,0,0,0,0,0,0,0,0
1,129,12,16,15,0,34,13,10,49,4,203,0,0,0,0,0,0,0,0,0,0,0,0,0,0,0,0,0,0,0
1,129,12,16,15,0,34,13,10,49,4,203,0,0,0,0,0,0,0,0,0,0,0,0,0,0,0,0,0,0,0
15,129,12,14,1,37,32,13,10,199,0,0,0,0,0,0,0,0,0,0,0,0,0,0,0,0,0,0,0,0,0
15,193,12,14,1,37,47,13,10,136,0,0,0,0,0,0,0,0,0,0,0,0,0,0,0,0,0,0,0,0,0
1,3,12,10,13,65,0,0,0,0,0,0,0,0,0,0,0,0,0,0,0,0,0,0,0,0,0,0,0,0,0
1,129,13,15,15,0,16,10,49,4,234,0,0,0,0,0,0,0,0,0,0,0,0,0,0,0,0,0,0,0,0
1,129,13,15,15,0,17,10,49,4,235,0,0,0,0,0,0,0,0,0,0,0,0,0,0,0,0,0,0,0,0
1,129,13,15,15,0,17,10,49,4,235,0,0,0,0,0,0,0,0,0,0,0,0,0,0,0,0,0,0,0,0
1,129,13,15,15,0,17,10,49,4,235,0,0,0,0,0,0,0,0,0,0,0,0,0,0,0,0,0,0,0,0
15,193,13,13,1,21,31,10,135,0,0,0,0,0,0,0,0,0,0,0,0,0,0,0,0,0,0,0,0,0,0
1,3,13,10,10,71,0,0,0,0,0,0,0,0,0,0,0,0,0,0,0,0,0,0,0,0,0,0,0,0,0
1,65,8,12,15,49,4,54,0,0,0,0,0,0,0,0,0,0,0,0,0,0,0,0,0,0,0,0,0,0,0
1,65,8,12,15,49,4,54,0,0,0,0,0,0,0,0,0,0,0,0,0,0,0,0,0,0,0,0,0,0,0
1,65,8,12,15,49,4,54,0,0,0,0,0,0,0,0,0,0,0,0,0,0,0,0,0,0,0,0,0,0,0
1,69,14,20,15,32,0,250,64,0,0,0,0,49,4,182,0,0,0,0,0,0,0,0,0,0,0,0,0,0,0
1,69,14,20,15,32,0,250,49,16,0,0,0,49,4,215,0,0,0,0,0,0,0,0,0,0,0,0,0,0,0
1,69,14,20,15,32,0,250,49,13,0,0,0,49,4,202,0,0,0,0,0,0,0,0,0,0,0,0,0,0,0
1,69,14,20,15,32,0,250,49,18,0,0,0,49,4,213,0,0,0,0,0,0,0,0,0,0,0,0,0,0,0
1,69,14,20,15,32,0,250,49,9,0,0,0,49,4,206,0,0,0,0,0,0,0,0,0,0,0,0,0,0,0
1,69,14,20,15,32,0,250,49,10,0,0,0,49,4,205,0,0,0,0,0,0,0,0,0,0,0,0,0,0,0
17,65,1,17,1,49,5,1,42,2,122,131,204,0,0,0,0,0,0,0,0,0,0,0,0,0,0,0,0,0,0
1,3,1,11,17,145,156,0,0,0,0,0,0,0,0,0,0,0,0,0,0,0,0,0,0,0,0,0,0,0,0
17,65,2,16,1,49,5,5,1,30,151,63,0,0,0,0,0,0,0,0,0,0,0,0,0,0,0,0,0,0,0
1,3,2,11,17,200,204,0,0,0,0,0,0,0,0,0,0,0,0,0,0,0,0,0,0,0,0,0,0,0,0
17,65,3,17,1,49,5,3,10,0,78,62,176,0,0,0,0,0,0,0,0,0,0,0,0,0,0,0,0,0,0
1,3,3,11,17,255,252,0,0,0,0,0,0,0,0,0,0,0,0,0,0,0,0,0,0,0,0,0,0,0,0
17,65,4,16,1,49,5,27,1,0,188,105,0,0,0,0,0,0,0,0,0,0,0,0,0,0,0,0,0,0,0
1,3,4,11,17,122,108,0,0,0,0,0,0,0,0,0,0,0,0,0,0,0,0,0,0,0,0,0,0,0,0
17,65,5,13,1,132,7,245,131,0,0,0,0,0,0,0,0,0,0,0,0,0,0,0,0,0,0,0,0,0,0
1,3,5,11,17,77,92,0,0,0,0,0,0,0,0,0,0,0,0,0,0,0,0,0,0,0,0,0,0,0,0
1,65,7,13,17,132,8,52,247,0,0,0,0,0,0,0,0,0,0,0,0,0,0,0,0,0,0,0,0,0,0
17,3,7,11,1,53,87,0,0,0,0,0,0,0,0,0,0,0,0,0,0,0,0,0,0,0,0,0,0,0,0
1,65,9,13,10,32,2,56,61,0,0,0,0,0,0,0,0,0,0,0,0,0,0,0,0,0,0,0,0,0,0
10,3,9,11,1,198,243,0,0,0,0,0,0,0,0,0,0,0,0,0,0,0,0,0,0,0,0,0,0,0,0
10,65,9,14,1,32,3,0,159,8,0,0,0,0,0,0,0,0,0,0,0,0,0,0,0,0,0,0,0,0,0
1,3,9,11,10,155,103,0,0,0,0,0,0,0,0,0,0,0,0,0,0,0,0,0,0,0,0,0,0,0,0
1,65,3,17,16,86,1,32,2,77,38,105,197,0,0,0,0,0,0,0,0,0,0,0,0,0,0,0,0,0,0
16,3,3,11,1,67,198,0,0,0,0,0,0,0,0,0,0,0,0,0,0,0,0,0,0,0,0,0,0,0,0
16,65,1,18,1,86,1,32,3,0,140,88,133,3,0,0,0,0,0,0,0,0,0,0,0,0,0,0,0,0,0
1,3,1,11,16,129,189,0,0,0,0,0,0,0,0,0,0,0,0,0,0,0,0,0,0,0,0,0,0,0,0
1,65,6,17,9,86,1,32,2,77,38,2,190,0,0,0,0,0,0,0,0,0,0,0,0,0,0,0,0,0,0
9,3,6,11,1,4,16,0,0,0,0,0,0,0,0,0,0,0,0,0,0,0,0,0,0,0,0,0,0,0,0
9,65,7,18,1,86,1,32,3,0,140,88,217,49,0,0,0,0,0,0,0,0,0,0,0,0,0,0,0,0,0
1,3,7,11,9,176,5,0,0,0,0,0,0,0,0,0,0,0,0,0,0,0,0,0,0,0,0,0,0,0,0
1,65,10,13,13,32,2,83,127,0,0,0,0,0,0,0,0,0,0,0,0,0,0,0,0,0,0,0,0,0,0
13,3,10,11,1,248,119,0,0,0,0,0,0,0,0,0,0,0,0,0,0,0,0,0,0,0,0,0,0,0,0
13,65,4,14,1,32,3,0,22,83,0,0,0,0,0,0,0,0,0,0,0,0,0,0,0,0,0,0,0,0,0
1,3,4,11,13,169,209,0,0,0,0,0,0,0,0,0,0,0,0,0,0,0,0,0,0,0,0,0,0,0,0
11,65,1,12,1,132,7,141,0,0,0,0,0,0,0,0,0,0,0,0,0,0,0,0,0,0,0,0,0,0,0
1,3,1,10,11,74,0,0,0,0,0,0,0,0,0,0,0,0,0,0,0,0,0,0,0,0,0,0,0,0,0
1,65,9,12,11,132,8,138,0,0,0,0,0,0,0,0,0,0,0,0,0,0,0,0,0,0,0,0,0,0,0
11,3,9,10,1,66,0,0,0,0,0,0,0,0,0,0,0,0,0,0,0,0,0,0,0,0,0,0,0,0,0
12,65,1,12,1,132,7,138,0,0,0,0,0,0,0,0,0,0,0,0,0,0,0,0,0,0,0,0,0,0,0
1,3,1,10,12,77,0,0,0,0,0,0,0,0,0,0,0,0,0,0,0,0,0,0,0,0,0,0,0,0,0
1,65,10,12,12,132,8,142,0,0,0,0,0,0,0,0,0,0,0,0,0,0,0,0,0,0,0,0,0,0,0
12,3,10,10,1,70,0,0,0,0,0,0,0,0,0,0,0,0,0,0,0,0,0,0,0,0,0,0,0,0,0
1,65,12,13,10,32,2,27,106,0,0,0,0,0,0,0,0,0,0,0,0,0,0,0,0,0,0,0,0,0,0
10,3,12,11,1,45,3,0,0,0,0,0,0,0,0,0,0,0,0,0,0,0,0,0,0,0,0,0,0,0,0
10,65,10,14,1,32,3,0,81,232,0,0,0,0,0,0,0,0,0,0,0,0,0,0,0,0,0,0,0,0,0
1,3,10,11,10,194,55,0,0,0,0,0,0,0,0,0,0,0,0,0,0,0,0,0,0,0,0,0,0,0,0
15,65,1,13,1,32,1,0,42,0,0,0,0,0,0,0,0,0,0,0,0,0,0,0,0,0,0,0,0,0,0
1,3,1,10,15,78,0,0,0,0,0,0,0,0,0,0,0,0,0,0,0,0,0,0,0,0,0,0,0,0,0
1,65,6,17,16,86,1,32,2,77,38,30,9,0,0,0,0,0,0,0,0,0,0,0,0,0,0,0,0,0,0
16,3,6,11,1,168,54,0,0,0,0,0,0,0,0,0,0,0,0,0,0,0,0,0,0,0,0,0,0,0,0
16,65,2,18,1,86,1,32,3,0,140,88,52,204,0,0,0,0,0,0,0,0,0,0,0,0,0,0,0,0,0
1,3,2,11,16,216,237,0,0,0,0,0,0,0,0,0,0,0,0,0,0,0,0,0,0,0,0,0,0,0,0
1,65,9,17,9,86,1,32,2,77,38,154,234,0,0,0,0,0,0,0,0,0,0,0,0,0,0,0,0,0,0
9,3,9,11,1,40,33,0,0,0,0,0,0,0,0,0,0,0,0,0,0,0,0,0,0,0,0,0,0,0,0
9,65,8,18,1,86,1,32,3,0,140,88,143,128,0,0,0,0,0,0,0,0,0,0,0,0,0,0,0,0,0
1,3,8,11,9,156,52,0,0,0,0,0,0,0,0,0,0,0,0,0,0,0,0,0,0,0,0,0,0,0,0
15,65,1,13,1,32,1,255,213,0,0,0,0,0,0,0,0,0,0,0,0,0,0,0,0,0,0,0,0,0,0
1,3,1,10,15,78,0,0,0,0,0,0,0,0,0,0,0,0,0,0,0,0,0,0,0,0,0,0,0,0,0
1,65,13,13,13,32,2,52,171,0,0,0,0,0,0,0,0,0,0,0,0,0,0,0,0,0,0,0,0,0,0
13,3,13,11,1,125,231,0,0,0,0,0,0,0,0,0,0,0,0,0,0,0,0,0,0,0,0,0,0,0,0
13,65,5,14,1,32,3,0,83,243,0,0,0,0,0,0,0,0,0,0,0,0,0,0,0,0,0,0,0,0,0
1,3,5,11,13,158,225,0,0,0,0,0,0,0,0,0,0,0,0,0,0,0,0,0,0,0,0,0,0,0,0
15,65,1,15,1,49,5,1,9,68,113,0,0,0,0,0,0,0,0,0,0,0,0,0,0,0,0,0,0,0,0
1,3,1,10,15,78,0,0,0,0,0,0,0,0,0,0,0,0,0,0,0,0,0,0,0,0,0,0,0,0,0
15,65,1,13,1,32,1,0,42,0,0,0,0,0,0,0,0,0,0,0,0,0,0,0,0,0,0,0,0,0,0
1,3,1,10,15,78,0,0,0,0,0,0,0,0,0,0,0,0,0,0,0,0,0,0,0,0,0,0,0,0,0
1,65,15,13,10,32,2,245,184,0,0,0,0,0,0,0,0,0,0,0,0,0,0,0,0,0,0,0,0,0,0
10,3,15,11,1,116,83,0,0,0,0,0,0,0,0,0,0,0,0,0,0,0,0,0,0,0,0,0,0,0,0
10,65,11,14,1,32,3,0,20,72,0,0,0,0,0,0,0,0,0,0,0,0,0,0,0,0,0,0,0,0,0
1,3,11,11,10,245,7,0,0,0,0,0,0,0,0,0,0,0,0,0,0,0,0,0,0,0,0,0,0,0,0
10,65,12,33,1,86,1,96,13,1,0,50,2,33,68,0,0,0,0,0,0,0,0,0,0,7,90,252,21,0,0
1,3,12,11,10,112,151,0,0,0,0,0,0,0,0,0,0,0,0,0,0,0,0,0,0,0,0,0,0,0,0
10,65,13,33,1,86,1,96,13,2,0,50,2,33,68,0,0,0,33,0,0,0,0,0,0,57,128,185,161,0,0
1,3,13,11,10,71,167,0,0,0,0,0,0,0,0,0,0,0,0,0,0,0,0,0,0,0,0,0,0,0,0
10,65,14,29,1,86,1,96,13,1,0,50,2,33,50,0,0,0,0,0,0,202,252,160,102,0,0,0,0,0,0
1,3,14,11,10,30,247,0,0,0,0,0,0,0,0,0,0,0,0,0,0,0,0,0,0,0,0,0,0,0,0
10,65,15,29,1,86,1,96,13,2,0,50,2,33,50,0,0,0,0,0,0,207,99,117,144,0,0,0,0,0,0
1,3,15,11,10,41,199,0,0,0,0,0,0,0,0,0,0,0,0,0,0,0,0,0,0,0,0,0,0,0,0
15,65,1,15,1,49,5,1,9,69,112,0,0,0,0,0,0,0,0,0,0,0,0,0,0,0,0,0,0,0,0
1,3,1,10,15,78,0,0,0,0,0,0,0,0,0,0,0,0,0,0,0,0,0,0,0,0,0,0,0,0,0
1,65,9,17,16,86,1,32,2,77,38,134,93,0,0,0,0,0,0,0,0,0,0,0,0,0,0,0,0,0,0
16,3,9,11,1,132,7,0,0,0,0,0,0,0,0,0,0,0,0,0,0,0,0,0,0,0,0,0,0,0,0
16,65,3,18,1,86,1,32,3,0,140,88,91,137,0,0,0,0,0,0,0,0,0,0,0,0,0,0,0,0,0
1,3,3,11,16,239,221,0,0,0,0,0,0,0,0,0,0,0,0,0,0,0,0,0,0,0,0,0,0,0,0
1,65,11,12,8,37,2,32,0,0,0,0,0,0,0,0,0,0,0,0,0,0,0,0,0,0,0,0,0,0,0
1,65,11,12,8,37,2,32,0,0,0,0,0,0,0,0,0,0,0,0,0,0,0,0,0,0,0,0,0,0,0
1,65,11,12,8,37,2,32,0,0,0,0,0,0,0,0,0,0,0,0,0,0,0,0,0,0,0,0,0,0,0
1,65,12,12,8,37,2,39,0,0,0,0,0,0,0,0,0,0,0,0,0,0,0,0,0,0,0,0,0,0,0
8,3,12,10,1,68,0,0,0,0,0,0,0,0,0,0,0,0,0,0,0,0,0,0,0,0,0,0,0,0,0
8,65,65,13,1,37,3,0,106,0,0,0,0,0,0,0,0,0,0,0,0,0,0,0,0,0,0,0,0,0,0
1,3,1,10,8,73,0,0,0,0,0,0,0,0,0,0,0,0,0,0,0,0,0,0,0,0,0,0,0,0,0
1,65,12,17,9,86,1,32,2,77,38,237,38,0,0,0,0,0,0,0,0,0,0,0,0,0,0,0,0,0,0
9,3,12,11,1,195,209,0,0,0,0,0,0,0,0,0,0,0,0,0,0,0,0,0,0,0,0,0,0,0,0
9,65,9,18,1,86,1,32,3,0,140,88,224,197,0,0,0,0,0,0,0,0,0,0,0,0,0,0,0,0,0
1,3,9,11,9,171,4,0,0,0,0,0,0,0,0,0,0,0,0,0,0,0,0,0,0,0,0,0,0,0,0
1,65,1,13,13,32,2,191,128,0,0,0,0,0,0,0,0,0,0,0,0,0,0,0,0,0,0,0,0,0,0
13,3,1,11,1,8,134,0,0,0,0,0,0,0,0,0,0,0,0,0,0,0,0,0,0,0,0,0,0,0,0
13,65,6,14,1,32,3,0,157,19,0,0,0,0,0,0,0,0,0,0,0,0,0,0,0,0,0,0,0,0,0
1,3,6,11,13,199,177,0,0,0,0,0,0,0,0,0,0,0,0,0,0,0,0,0,0,0,0,0,0,0,0
7,3,14,10,1,73,0,0,0,0,0,0,0,0,0,0,0,0,0,0,0,0,0,0,0,0,0,0,0,0,0
1,3,1,10,7,70,0,0,0,0,0,0,0,0,0,0,0,0,0,0,0,0,0,0,0,0,0,0,0,0,0
15,65,1,15,1,49,5,1,9,71,114,0,0,0,0,0,0,0,0,0,0,0,0,0,0,0,0,0,0,0,0
1,3,1,10,15,78,0,0,0,0,0,0,0,0,0,0,0,0,0,0,0,0,0,0,0,0,0,0,0,0,0
1,65,3,13,10,32,2,126,147,0,0,0,0,0,0,0,0,0,0,0,0,0,0,0,0,0,0,0,0,0,0
10,3,3,11,1,1,50,0,0,0,0,0,0,0,0,0,0,0,0,0,0,0,0,0,0,0,0,0,0,0,0
10,65,1,14,1,32,3,0,146,74,0,0,0,0,0,0,0,0,0,0,0,0,0,0,0,0,0,0,0,0,0
1,3,1,11,10,50,198,0,0,0,0,0,0,0,0,0,0,0,0,0,0,0,0,0,0,0,0,0,0,0,0
1,65,12,17,16,86,1,32,2,77,38,241,145,0,0,0,0,0,0,0,0,0,0,0,0,0,0,0,0,0,0
16,3,12,11,1,111,247,0,0,0,0,0,0,0,0,0,0,0,0,0,0,0,0,0,0,0,0,0,0,0,0
16,65,4,18,1,86,1,32,3,0,140,88,71,115,0,0,0,0,0,0,0,0,0,0,0,0,0,0,0,0,0
1,3,4,11,16,106,77,0,0,0,0,0,0,0,0,0,0,0,0,0,0,0,0,0,0,0,0,0,0,0,0
1,65,15,17,9,86,1,32,2,77,38,192,98,0,0,0,0,0,0,0,0,0,0,0,0,0,0,0,0,0,0
9,3,15,11,1,154,129,0,0,0,0,0,0,0,0,0,0,0,0,0,0,0,0,0,0,0,0,0,0,0,0
9,65,10,18,1,86,1,32,3,0,140,88,81,10,0,0,0,0,0,0,0,0,0,0,0,0,0,0,0,0,0
1,3,10,11,9,242,84,0,0,0,0,0,0,0,0,0,0,0,0,0,0,0,0,0,0,0,0,0,0,0,0
1,65,4,13,13,32,2,156,215,0,0,0,0,0,0,0,0,0,0,0,0,0,0,0,0,0,0,0,0,0,0
13,3,4,11,1,227,118,0,0,0,0,0,0,0,0,0,0,0,0,0,0,0,0,0,0,0,0,0,0,0,0
13,65,7,14,1,32,3,0,216,179,0,0,0,0,0,0,0,0,0,0,0,0,0,0,0,0,0,0,0,0,0
1,3,7,11,13,240,129,0,0,0,0,0,0,0,0,0,0,0,0,0,0,0,0,0,0,0,0,0,0,0,0
15,65,1,12,1,132,7,137,0,0,0,0,0,0,0,0,0,0,0,0,0,0,0,0,0,0,0,0,0,0,0
1,3,1,10,15,78,0,0,0,0,0,0,0,0,0,0,0,0,0,0,0,0,0,0,0,0,0,0,0,0,0
1,65,15,12,15,132,8,136,0,0,0,0,0,0,0,0,0,0,0,0,0,0,0,0,0,0,0,0,0,0,0
15,3,15,10,1,64,0,0,0,0,0,0,0,0,0,0,0,0,0,0,0,0,0,0,0,0,0,0,0,0,0
17,65,1,17,1,49,5,1,42,2,201,20,116,0,0,0,0,0,0,0,0,0,0,0,0,0,0,0,0,0,0
1,3,1,11,17,145,156,0,0,0,0,0,0,0,0,0,0,0,0,0,0,0,0,0,0,0,0,0,0,0,0
17,65,2,16,1,49,5,5,1,28,183,125,0,0,0,0,0,0,0,0,0,0,0,0,0,0,0,0,0,0,0
1,3,2,11,17,200,204,0,0,0,0,0,0,0,0,0,0,0,0,0,0,0,0,0,0,0,0,0,0,0,0
17,65,3,14,1,128,3,88,148,112,0,0,0,0,0,0,0,0,0,0,0,0,0,0,0,0,0,0,0,0,0
1,3,3,11,17,255,252,0,0,0,0,0,0,0,0,0,0,0,0,0,0,0,0,0,0,0,0,0,0,0,0
17,65,4,17,1,49,5,3,10,0,77,191,120,0,0,0,0,0,0,0,0,0,0,0,0,0,0,0,0,0,0
1,3,4,11,17,122,108,0,0,0,0,0,0,0,0,0,0,0,0,0,0,0,0,0,0,0,0,0,0,0,0
17,65,5,16,1,49,5,27,1,0,251,186,0,0,0,0,0,0,0,0,0,0,0,0,0,0,0,0,0,0,0
1,3,5,11,17,77,92,0,0,0,0,0,0,0,0,0,0,0,0,0,0,0,0,0,0,0,0,0,0,0,0
17,65,6,13,1,132,7,27,81,0,0,0,0,0,0,0,0,0,0,0,0,0,0,0,0,0,0,0,0,0,0
1,3,6,11,17,20,12,0,0,0,0,0,0,0,0,0,0,0,0,0,0,0,0,0,0,0,0,0,0,0,0
1,65,6,13,17,132,8,158,166,0,0,0,0,0,0,0,0,0,0,0,0,0,0,0,0,0,0,0,0,0,0
17,3,6,11,1,2,103,0,0,0,0,0,0,0,0,0,0,0,0,0,0,0,0,0,0,0,0,0,0,0,0
15,65,1,15,1,49,5,1,9,73,124,0,0,0,0,0,0,0,0,0,0,0,0,0,0,0,0,0,0,0,0
1,3,1,10,15,78,0,0,0,0,0,0,0,0,0,0,0,0,0,0,0,0,0,0,0,0,0,0,0,0,0
1,65,10,13,10,32,2,214,239,0,0,0,0,0,0,0,0,0,0,0,0,0,0,0,0,0,0,0,0,0,0
10,3,10,11,1,159,163,0,0,0,0,0,0,0,0,0,0,0,0,0,0,0,0,0,0,0,0,0,0,0,0
10,65,2,14,1,32,3,0,92,170,0,0,0,0,0,0,0,0,0,0,0,0,0,0,0,0,0,0,0,0,0
1,3,2,11,10,107,150,0,0,0,0,0,0,0,0,0,0,0,0,0,0,0,0,0,0,0,0,0,0,0,0
15,65,1,13,1,32,1,255,213,0,0,0,0,0,0,0,0,0,0,0,0,0,0,0,0,0,0,0,0,0,0
1,3,1,10,15,78,0,0,0,0,0,0,0,0,0,0,0,0,0,0,0,0,0,0,0,0,0,0,0,0,0
15,65,2,20,1,113,5,7,255,0,255,7,2,0,0,103,0,0,0,0,0,0,0,0,0,0,0,0,0,0,0
1,3,2,10,15,77,0,0,0,0,0,0,0,0,0,0,0,0,0,0,0,0,0,0,0,0,0,0,0,0,0
1,65,4,17,16,86,1,32,2,77,38,216,110,0,0,0,0,0,0,0,0,0,0,0,0,0,0,0,0,0,0
16,3,4,11,1,198,86,0,0,0,0,0,0,0,0,0,0,0,0,0,0,0,0,0,0,0,0,0,0,0,0
16,65,5,18,1,86,1,32,3,0,140,88,40,54,0,0,0,0,0,0,0,0,0,0,0,0,0,0,0,0,0
1,3,5,11,16,93,125,0,0,0,0,0,0,0,0,0,0,0,0,0,0,0,0,0,0,0,0,0,0,0,0
1,65,7,17,9,86,1,32,2,77,38,233,157,0,0,0,0,0,0,0,0,0,0,0,0,0,0,0,0,0,0
9,3,7,11,1,51,32,0,0,0,0,0,0,0,0,0,0,0,0,0,0,0,0,0,0,0,0,0,0,0,0
9,65,11,18,1,86,1,32,3,0,140,88,62,79,0,0,0,0,0,0,0,0,0,0,0,0,0,0,0,0,0
1,3,11,11,9,197,100,0,0,0,0,0,0,0,0,0,0,0,0,0,0,0,0,0,0,0,0,0,0,0,0
1,65,11,13,13,32,2,249,46,0,0,0,0,0,0,0,0,0,0,0,0,0,0,0,0,0,0,0,0,0,0
13,3,11,11,1,207,71,0,0,0,0,0,0,0,0,0,0,0,0,0,0,0,0,0,0,0,0,0,0,0,0
13,65,8,14,1,32,3,0,29,176,0,0,0,0,0,0,0,0,0,0,0,0,0,0,0,0,0,0,0,0,0
1,3,8,11,13,220,176,0,0,0,0,0,0,0,0,0,0,0,0,0,0,0,0,0,0,0,0,0,0,0,0
15,65,1,13,1,32,1,0,42,0,0,0,0,0,0,0,0,0,0,0,0,0,0,0,0,0,0,0,0,0,0
1,3,1,10,15,78,0,0,0,0,0,0,0,0,0,0,0,0,0,0,0,0,0,0,0,0,0,0,0,0,0
15,65,2,20,1,113,5,7,0,0,255,7,2,0,0,152,0,0,0,0,0,0,0,0,0,0,0,0,0,0,0
1,3,2,10,15,77,0,0,0,0,0,0,0,0,0,0,0,0,0,0,0,0,0,0,0,0,0,0,0,0,0
1,65,13,13,10,32,2,177,59,0,0,0,0,0,0,0,0,0,0,0,0,0,0,0,0,0,0,0,0,0,0
10,3,13,11,1,26,51,0,0,0,0,0,0,0,0,0,0,0,0,0,0,0,0,0,0,0,0,0,0,0,0
10,65,3,14,1,32,3,0,25,10,0,0,0,0,0,0,0,0,0,0,0,0,0,0,0,0,0,0,0,0,0
1,3,3,11,10,92,166,0,0,0,0,0,0,0,0,0,0,0,0,0,0,0,0,0,0,0,0,0,0,0,0
1,65,7,17,16,86,1,32,2,77,38,245,42,0,0,0,0,0,0,0,0,0,0,0,0,0,0,0,0,0,0
16,3,7,11,1,159,6,0,0,0,0,0,0,0,0,0,0,0,0,0,0,0,0,0,0,0,0,0,0,0,0
16,65,6,18,1,86,1,32,3,0,140,88,153,249,0,0,0,0,0,0,0,0,0,0,0,0,0,0,0,0,0
1,3,6,11,16,4,45,0,0,0,0,0,0,0,0,0,0,0,0,0,0,0,0,0,0,0,0,0,0,0,0
1,65,10,17,9,86,1,32,2,77,38,183,174,0,0,0,0,0,0,0,0,0,0,0,0,0,0,0,0,0,0
9,3,10,11,1,113,113,0,0,0,0,0,0,0,0,0,0,0,0,0,0,0,0,0,0,0,0,0,0,0,0
9,65,12,18,1,86,1,32,3,0,140,88,34,181,0,0,0,0,0,0,0,0,0,0,0,0,0,0,0,0,0
1,3,12,11,9,64,244,0,0,0,0,0,0,0,0,0,0,0,0,0,0,0,0,0,0,0,0,0,0,0,0
1,65,14,13,13,32,2,218,121,0,0,0,0,0,0,0,0,0,0,0,0,0,0,0,0,0,0,0,0,0,0
13,3,14,11,1,36,183,0,0,0,0,0,0,0,0,0,0,0,0,0,0,0,0,0,0,0,0,0,0,0,0
13,65,9,14,1,32,3,0,88,16,0,0,0,0,0,0,0,0,0,0,0,0,0,0,0,0,0,0,0,0,0
1,3,9,11,13,235,128,0,0,0,0,0,0,0,0,0,0,0,0,0,0,0,0,0,0,0,0,0,0,0,0
15,65,1,13,1,32,1,255,213,0,0,0,0,0,0,0,0,0,0,0,0,0,0,0,0,0,0,0,0,0,0
1,3,1,10,15,78,0,0,0,0,0,0,0,0,0,0,0,0,0,0,0,0,0,0,0,0,0,0,0,0,0
15,65,2,20,1,113,5,7,255,0,255,7,2,0,0,103,0,0,0,0,0,0,0,0,0,0,0,0,0,0,0
1,3,2,10,15,77,0,0,0,0,0,0,0,0,0,0,0,0,0,0,0,0,0,0,0,0,0,0,0,0,0
11,65,1,12,1,132,7,141,0,0,0,0,0,0,0,0,0,0,0,0,0,0,0,0,0,0,0,0,0,0,0
1,3,1,10,11,74,0,0,0,0,0,0,0,0,0,0,0,0,0,0,0,0,0,0,0,0,0,0,0,0,0
1,65,1,12,11,132,8,130,0,0,0,0,0,0,0,0,0,0,0,0,0,0,0,0,0,0,0,0,0,0,0
11,3,1,10,1,74,0,0,0,0,0,0,0,0,0,0,0,0,0,0,0,0,0,0,0,0,0,0,0,0,0
12,65,1,12,1,132,7,138,0,0,0,0,0,0,0,0,0,0,0,0,0,0,0,0,0,0,0,0,0,0,0
1,3,1,10,12,77,0,0,0,0,0,0,0,0,0,0,0,0,0,0,0,0,0,0,0,0,0,0,0,0,0
1,65,2,12,12,132,8,134,0,0,0,0,0,0,0,0,0,0,0,0,0,0,0,0,0,0,0,0,0,0,0
12,3,2,10,1,78,0,0,0,0,0,0,0,0,0,0,0,0,0,0,0,0,0,0,0,0,0,0,0,0,0
15,65,1,13,1,32,1,0,42,0,0,0,0,0,0,0,0,0,0,0,0,0,0,0,0,0,0,0,0,0,0
1,3,1,10,15,78,0,0,0,0,0,0,0,0,0,0,0,0,0,0,0,0,0,0,0,0,0,0,0,0,0
15,65,2,20,1,113,5,7,0,0,255,7,2,0,0,152,0,0,0,0,0,0,0,0,0,0,0,0,0,0,0
1,3,2,10,15,77,0,0,0,0,0,0,0,0,0,0,0,0,0,0,0,0,0,0,0,0,0,0,0,0,0
15,65,1,13,1,32,1,255,213,0,0,0,0,0,0,0,0,0,0,0,0,0,0,0,0,0,0,0,0,0,0
1,3,1,10,15,78,0,0,0,0,0,0,0,0,0,0,0,0,0,0,0,0,0,0,0,0,0,0,0,0,0
15,65,2,20,1,113,5,7,255,0,255,7,2,0,0,103,0,0,0,0,0,0,0,0,0,0,0,0,0,0,0
1,3,2,10,15,77,0,0,0,0,0,0,0,0,0,0,0,0,0,0,0,0,0,0,0,0,0,0,0,0,0
15,65,1,13,1,32,1,0,42,0,0,0,0,0,0,0,0,0,0,0,0,0,0,0,0,0,0,0,0,0,0
1,3,1,10,15,78,0,0,0,0,0,0,0,0,0,0,0,0,0,0,0,0,0,0,0,0,0,0,0,0,0
15,65,2,20,1,113,5,7,0,0,255,7,2,0,0,152,0,0,0,0,0,0,0,0,0,0,0,0,0,0,0
1,3,2,10,15,77,0,0,0,0,0,0,0,0,0,0,0,0,0,0,0,0,0,0,0,0,0,0,0,0,0
1,65,1,13,10,32,2,58,16,0,0,0,0,0,0,0,0,0,0,0,0,0,0,0,0,0,0,0,0,0,0
10,3,1,11,1,111,82,0,0,0,0,0,0,0,0,0,0,0,0,0,0,0,0,0,0,0,0,0,0,0,0
10,65,4,14,1,32,3,0,209,75,0,0,0,0,0,0,0,0,0,0,0,0,0,0,0,0,0,0,0,0,0
1,3,4,11,10,217,54,0,0,0,0,0,0,0,0,0,0,0,0,0,0,0,0,0,0,0,0,0,0,0,0
10,65,5,33,1,86,1,96,13,1,0,50,2,33,68,0,0,0,0,0,0,0,0,0,0,7,90,180,67,0,0
1,3,5,11,10,238,6,0,0,0,0,0,0,0,0,0,0,0,0,0,0,0,0,0,0,0,0,0,0,0,0
10,65,6,33,1,86,1,96,13,2,0,50,2,33,68,0,0,0,33,0,0,0,0,0,0,57,128,122,159,0,0
1,3,6,11,10,183,86,0,0,0,0,0,0,0,0,0,0,0,0,0,0,0,0,0,0,0,0,0,0,0,0
10,65,7,29,1,86,1,96,13,1,0,50,2,33,50,0,0,0,0,0,0,202,252,186,230,0,0,0,0,0,0
1,3,7,11,10,128,102,0,0,0,0,0,0,0,0,0,0,0,0,0,0,0,0,0,0,0,0,0,0,0,0
10,65,8,29,1,86,1,96,13,2,0,50,2,33,50,0,0,0,0,0,0,207,99,124,16,0,0,0,0,0,0
1,3,8,11,10,172,87,0,0,0,0,0,0,0,0,0,0,0,0,0,0,0,0,0,0,0,0,0,0,0,0
1,65,10,17,16,86,1,32,2,77,38,171,25,0,0,0,0,0,0,0,0,0,0,0,0,0,0,0,0,0,0
16,3,10,11,1,221,87,0,0,0,0,0,0,0,0,0,0,0,0,0,0,0,0,0,0,0,0,0,0,0,0
16,65,7,18,1,86,1,32,3,0,140,88,246,188,0,0,0,0,0,0,0,0,0,0,0,0,0,0,0,0,0
1,3,7,11,16,51,29,0,0,0,0,0,0,0,0,0,0,0,0,0,0,0,0,0,0,0,0,0,0,0,0
15,65,1,13,1,32,1,255,213,0,0,0,0,0,0,0,0,0,0,0,0,0,0,0,0,0,0,0,0,0,0
1,3,1,10,15,78,0,0,0,0,0,0,0,0,0,0,0,0,0,0,0,0,0,0,0,0,0,0,0,0,0
15,65,2,20,1,113,5,7,255,0,255,7,2,0,0,103,0,0,0,0,0,0,0,0,0,0,0,0,0,0,0
1,3,2,10,15,77,0,0,0,0,0,0,0,0,0,0,0,0,0,0,0,0,0,0,0,0,0,0,0,0,0
1,65,14,17,9,86,1,32,2,77,38,43,65,0,0,0,0,0,0,0,0,0,0,0,0,0,0,0,0,0,0
9,3,14,11,1,173,177,0,0,0,0,0,0,0,0,0,0,0,0,0,0,0,0,0,0,0,0,0,0,0,0
9,65,13,18,1,86,1,32,3,0,140,88,77,240,0,0,0,0,0,0,0,0,0,0,0,0,0,0,0,0,0
1,3,13,11,9,119,196,0,0,0,0,0,0,0,0,0,0,0,0,0,0,0,0,0,0,0,0,0,0,0,0
1,65,2,13,13,32,2,81,82,0,0,0,0,0,0,0,0,0,0,0,0,0,0,0,0,0,0,0,0,0,0
13,3,2,11,1,81,214,0,0,0,0,0,0,0,0,0,0,0,0,0,0,0,0,0,0,0,0,0,0,0,0
13,65,10,14,1,32,3,0,150,240,0,0,0,0,0,0,0,0,0,0,0,0,0,0,0,0,0,0,0,0,0
1,3,10,11,13,178,208,0,0,0,0,0,0,0,0,0,0,0,0,0,0,0,0,0,0,0,0,0,0,0,0
7,3,4,10,1,67,0,0,0,0,0,0,0,0,0,0,0,0,0,0,0,0,0,0,0,0,0,0,0,0,0
1,3,1,10,7,70,0,0,0,0,0,0,0,0,0,0,0,0,0,0,0,0,0,0,0,0,0,0,0,0,0
15,65,1,13,1,32,1,0,42,0,0,0,0,0,0,0,0,0,0,0,0,0,0,0,0,0,0,0,0,0,0
1,3,1,10,15,78,0,0,0,0,0,0,0,0,0,0,0,0,0,0,0,0,0,0,0,0,0,0,0,0,0
15,65,2,20,1,113,5,7,0,0,255,7,2,0,0,152,0,0,0,0,0,0,0,0,0,0,0,0,0,0,0
1,3,2,10,15,77,0,0,0,0,0,0,0,0,0,0,0,0,0,0,0,0,0,0,0,0,0,0,0,0,0
1,65,4,13,10,32,2,25,71,0,0,0,0,0,0,0,0,0,0,0,0,0,0,0,0,0,0,0,0,0,0
10,3,4,11,1,132,162,0,0,0,0,0,0,0,0,0,0,0,0,0,0,0,0,0,0,0,0,0,0,0,0
10,65,9,14,1,32,3,0,159,8,0,0,0,0,0,0,0,0,0,0,0,0,0,0,0,0,0,0,0,0,0
1,3,9,11,10,155,103,0,0,0,0,0,0,0,0,0,0,0,0,0,0,0,0,0,0,0,0,0,0,0,0
1,65,13,17,16,86,1,32,2,77,38,26,178,0,0,0,0,0,0,0,0,0,0,0,0,0,0,0,0,0,0
16,3,13,11,1,88,199,0,0,0,0,0,0,0,0,0,0,0,0,0,0,0,0,0,0,0,0,0,0,0,0
16,65,8,18,1,86,1,32,3,0,140,88,160,13,0,0,0,0,0,0,0,0,0,0,0,0,0,0,0,0,0
1,3,8,11,16,31,44,0,0,0,0,0,0,0,0,0,0,0,0,0,0,0,0,0,0,0,0,0,0,0,0
1,65,2,17,9,86,1,32,2,77,38,158,81,0,0,0,0,0,0,0,0,0,0,0,0,0,0,0,0,0,0
9,3,2,11,1,216,208,0,0,0,0,0,0,0,0,0,0,0,0,0,0,0,0,0,0,0,0,0,0,0,0
9,65,14,18,1,86,1,32,3,0,140,88,252,63,0,0,0,0,0,0,0,0,0,0,0,0,0,0,0,0,0
1,3,14,11,9,46,148,0,0,0,0,0,0,0,0,0,0,0,0,0,0,0,0,0,0,0,0,0,0,0,0
1,65,5,13,13,32,2,54,134,0,0,0,0,0,0,0,0,0,0,0,0,0,0,0,0,0,0,0,0,0,0
13,3,5,11,1,212,70,0,0,0,0,0,0,0,0,0,0,0,0,0,0,0,0,0,0,0,0,0,0,0,0
13,65,11,14,1,32,3,0,211,80,0,0,0,0,0,0,0,0,0,0,0,0,0,0,0,0,0,0,0,0,0
1,3,11,11,13,133,224,0,0,0,0,0,0,0,0,0,0,0,0,0,0,0,0,0,0,0,0,0,0,0,0
15,65,1,13,1,32,1,255,213,0,0,0,0,0,0,0,0,0,0,0,0,0,0,0,0,0,0,0,0,0,0
1,3,1,10,15,78,0,0,0,0,0,0,0,0,0,0,0,0,0,0,0,0,0,0,0,0,0,0,0,0,0
15,65,2,20,1,113,5,7,255,0,255,7,2,0,0,103,0,0,0,0,0,0,0,0,0,0,0,0,0,0,0
1,3,2,10,15,77,0,0,0,0,0,0,0,0,0,0,0,0,0,0,0,0,0,0,0,0,0,0,0,0,0
15,65,1,13,1,32,1,0,42,0,0,0,0,0,0,0,0,0,0,0,0,0,0,0,0,0,0,0,0,0,0
1,3,1,10,15,78,0,0,0,0,0,0,0,0,0,0,0,0,0,0,0,0,0,0,0,0,0,0,0,0,0
15,65,2,20,1,113,5,7,0,0,255,7,2,0,0,152,0,0,0,0,0,0,0,0,0,0,0,0,0,0,0
1,3,2,10,15,77,0,0,0,0,0,0,0,0,0,0,0,0,0,0,0,0,0,0,0,0,0,0,0,0,0
17,65,1,17,1,49,5,1,42,2,218,54,38,0,0,0,0,0,0,0,0,0,0,0,0,0,0,0,0,0,0
1,3,1,11,17,145,156,0,0,0,0,0,0,0,0,0,0,0,0,0,0,0,0,0,0,0,0,0,0,0,0
17,65,2,16,1,49,5,5,1,28,183,125,0,0,0,0,0,0,0,0,0,0,0,0,0,0,0,0,0,0,0
1,3,2,11,17,200,204,0,0,0,0,0,0,0,0,0,0,0,0,0,0,0,0,0,0,0,0,0,0,0,0
17,65,3,17,1,49,5,3,10,0,81,221,110,0,0,0,0,0,0,0,0,0,0,0,0,0,0,0,0,0,0
1,3,3,11,17,255,252,0,0,0,0,0,0,0,0,0,0,0,0,0,0,0,0,0,0,0,0,0,0,0,0
17,65,4,16,1,49,5,27,1,0,188,105,0,0,0,0,0,0,0,0,0,0,0,0,0,0,0,0,0,0,0
1,3,4,11,17,122,108,0,0,0,0,0,0,0,0,0,0,0,0,0,0,0,0,0,0,0,0,0,0,0,0
17,65,5,13,1,132,7,245,131,0,0,0,0,0,0,0,0,0,0,0,0,0,0,0,0,0,0,0,0,0,0
1,3,5,11,17,77,92,0,0,0,0,0,0,0,0,0,0,0,0,0,0,0,0,0,0,0,0,0,0,0,0
1,65,2,13,17,132,8,23,160,0,0,0,0,0,0,0,0,0,0,0,0,0,0,0,0,0,0,0,0,0,0
17,3,2,11,1,222,167,0,0,0,0,0,0,0,0,0,0,0,0,0,0,0,0,0,0,0,0,0,0,0,0
15,65,1,13,1,32,1,255,213,0,0,0,0,0,0,0,0,0,0,0,0,0,0,0,0,0,0,0,0,0,0
1,3,1,10,15,78,0,0,0,0,0,0,0,0,0,0,0,0,0,0,0,0,0,0,0,0,0,0,0,0,0
15,65,2,20,1,113,5,7,255,0,255,7,2,0,0,103,0,0,0,0,0,0,0,0,0,0,0,0,0,0,0
1,3,2,10,15,77,0,0,0,0,0,0,0,0,0,0,0,0,0,0,0,0,0,0,0,0,0,0,0,0,0
1,65,8,13,10,32,2,146,108,0,0,0,0,0,0,0,0,0,0,0,0,0,0,0,0,0,0,0,0,0,0
10,3,8,11,1,241,195,0,0,0,0,0,0,0,0,0,0,0,0,0,0,0,0,0,0,0,0,0,0,0,0
10,65,10,14,1,32,3,0,81,232,0,0,0,0,0,0,0,0,0,0,0,0,0,0,0,0,0,0,0,0,0
1,3,10,11,10,194,55,0,0,0,0,0,0,0,0,0,0,0,0,0,0,0,0,0,0,0,0,0,0,0,0
15,65,1,13,1,32,1,0,42,0,0,0,0,0,0,0,0,0,0,0,0,0,0,0,0,0,0,0,0,0,0
1,3,1,10,15,78,0,0,0,0,0,0,0,0,0,0,0,0,0,0,0,0,0,0,0,0,0,0,0,0,0
15,65,2,20,1,113,5,7,0,0,255,7,2,0,0,152,0,0,0,0,0,0,0,0,0,0,0,0,0,0,0
1,3,2,10,15,77,0,0,0,0,0,0,0,0,0,0,0,0,0,0,0,0,0,0,0,0,0,0,0,0,0
1,65,2,17,16,86,1,32,2,77,38,130,230,0,0,0,0,0,0,0,0,0,0,0,0,0,0,0,0,0,0
16,3,2,11,1,116,246,0,0,0,0,0,0,0,0,0,0,0,0,0,0,0,0,0,0,0,0,0,0,0,0
16,65,9,18,1,86,1,32,3,0,140,88,207,72,0,0,0,0,0,0,0,0,0,0,0,0,0,0,0,0,0
1,3,9,11,16,40,28,0,0,0,0,0,0,0,0,0,0,0,0,0,0,0,0,0,0,0,0,0,0,0,0
15,65,1,12,1,132,7,137,0,0,0,0,0,0,0,0,0,0,0,0,0,0,0,0,0,0,0,0,0,0,0
1,3,1,10,15,78,0,0,0,0,0,0,0,0,0,0,0,0,0,0,0,0,0,0,0,0,0,0,0,0,0
1,65,5,12,15,132,8,130,0,0,0,0,0,0,0,0,0,0,0,0,0,0,0,0,0,0,0,0,0,0,0
15,3,5,10,1,74,0,0,0,0,0,0,0,0,0,0,0,0,0,0,0,0,0,0,0,0,0,0,0,0,0
1,65,6,17,9,86,1,32,2,77,38,2,190,0,0,0,0,0,0,0,0,0,0,0,0,0,0,0,0,0,0
9,3,6,11,1,4,16,0,0,0,0,0,0,0,0,0,0,0,0,0,0,0,0,0,0,0,0,0,0,0,0
9,65,15,18,1,86,1,32,3,0,140,88,147,122,0,0,0,0,0,0,0,0,0,0,0,0,0,0,0,0,0
1,3,15,11,9,25,164,0,0,0,0,0,0,0,0,0,0,0,0,0,0,0,0,0,0,0,0,0,0,0,0
1,65,9,13,13,32,2,189,173,0,0,0,0,0,0,0,0,0,0,0,0,0,0,0,0,0,0,0,0,0,0
13,3,9,11,1,161,39,0,0,0,0,0,0,0,0,0,0,0,0,0,0,0,0,0,0,0,0,0,0,0,0
13,65,12,14,1,32,3,0,27,17,0,0,0,0,0,0,0,0,0,0,0,0,0,0,0,0,0,0,0,0,0
1,3,12,11,13,0,112,0,0,0,0,0,0,0,0,0,0,0,0,0,0,0,0,0,0,0,0,0,0,0,0
1,65,14,13,10,32,2,95,233,0,0,0,0,0,0,0,0,0,0,0,0,0,0,0,0,0,0,0,0,0,0
10,3,14,11,1,67,99,0,0,0,0,0,0,0,0,0,0,0,0,0,0,0,0,0,0,0,0,0,0,0,0
10,65,11,14,1,32,3,0,20,72,0,0,0,0,0,0,0,0,0,0,0,0,0,0,0,0,0,0,0,0,0
1,3,11,11,10,245,7,0,0,0,0,0,0,0,0,0,0,0,0,0,0,0,0,0,0,0,0,0,0,0,0
15,65,1,13,1,32,1,255,213,0,0,0,0,0,0,0,0,0,0,0,0,0,0,0,0,0,0,0,0,0,0
1,3,1,10,15,78,0,0,0,0,0,0,0,0,0,0,0,0,0,0,0,0,0,0,0,0,0,0,0,0,0
15,65,2,20,1,113,5,7,255,0,255,7,2,0,0,103,0,0,0,0,0,0,0,0,0,0,0,0,0,0,0
1,3,2,10,15,77,0,0,0,0,0,0,0,0,0,0,0,0,0,0,0,0,0,0,0,0,0,0,0,0,0
1,65,8,17,16,86,1,32,2,77,38,109,126,0,0,0,0,0,0,0,0,0,0,0,0,0,0,0,0,0,0
16,3,8,11,1,179,55,0,0,0,0,0,0,0,0,0,0,0,0,0,0,0,0,0,0,0,0,0,0,0,0
16,65,10,18,1,86,1,32,3,0,140,88,126,135,0,0,0,0,0,0,0,0,0,0,0,0,0,0,0,0,0
1,3,10,11,16,113,76,0,0,0,0,0,0,0,0,0,0,0,0,0,0,0,0,0,0,0,0,0,0,0,0
1,65,12,17,9,86,1,32,2,77,38,237,38,0,0,0,0,0,0,0,0,0,0,0,0,0,0,0,0,0,0
9,3,12,11,1,195,209,0,0,0,0,0,0,0,0,0,0,0,0,0,0,0,0,0,0,0,0,0,0,0,0
9,65,1,18,1,86,1,32,3,0,140,88,170,142,0,0,0,0,0,0,0,0,0,0,0,0,0,0,0,0,0
1,3,1,11,9,2,165,0,0,0,0,0,0,0,0,0,0,0,0,0,0,0,0,0,0,0,0,0,0,0,0
1,65,15,13,13,32,2,112,40,0,0,0,0,0,0,0,0,0,0,0,0,0,0,0,0,0,0,0,0,0,0
13,3,15,11,1,19,135,0,0,0,0,0,0,0,0,0,0,0,0,0,0,0,0,0,0,0,0,0,0,0,0
13,65,13,14,1,32,3,0,94,177,0,0,0,0,0,0,0,0,0,0,0,0,0,0,0,0,0,0,0,0,0
1,3,13,11,13,55,64,0,0,0,0,0,0,0,0,0,0,0,0,0,0,0,0,0,0,0,0,0,0,0,0
15,65,1,13,1,32,1,0,42,0,0,0,0,0,0,0,0,0,0,0,0,0,0,0,0,0,0,0,0,0,0
1,3,1,10,15,78,0,0,0,0,0,0,0,0,0,0,0,0,0,0,0,0,0,0,0,0,0,0,0,0,0
15,65,2,20,1,113,5,7,0,0,255,7,2,0,0,152,0,0,0,0,0,0,0,0,0,0,0,0,0,0,0
1,3,2,10,15,77,0,0,0,0,0,0,0,0,0,0,0,0,0,0,0,0,0,0,0,0,0,0,0,0,0
15,65,1,15,1,49,5,1,9,75,126,0,0,0,0,0,0,0,0,0,0,0,0,0,0,0,0,0,0,0,0
1,3,1,10,15,78,0,0,0,0,0,0,0,0,0,0,0,0,0,0,0,0,0,0,0,0,0,0,0,0,0
15,65,1,13,1,32,1,255,213,0,0,0,0,0,0,0,0,0,0,0,0,0,0,0,0,0,0,0,0,0,0
1,3,1,10,15,78,0,0,0,0,0,0,0,0,0,0,0,0,0,0,0,0,0,0,0,0,0,0,0,0,0
15,65,2,20,1,113,5,7,255,0,255,7,2,0,0,103,0,0,0,0,0,0,0,0,0,0,0,0,0,0,0
1,3,2,10,15,77,0,0,0,0,0,0,0,0,0,0,0,0,0,0,0,0,0,0,0,0,0,0,0,0,0
15,65,1,15,1,49,5,1,9,73,124,0,0,0,0,0,0,0,0,0,0,0,0,0,0,0,0,0,0,0,0
1,3,1,10,15,78,0,0,0,0,0,0,0,0,0,0,0,0,0,0,0,0,0,0,0,0,0,0,0,0,0
15,65,1,13,1,32,1,0,42,0,0,0,0,0,0,0,0,0,0,0,0,0,0,0,0,0,0,0,0,0,0
1,3,1,10,15,78,0,0,0,0,0,0,0,0,0,0,0,0,0,0,0,0,0,0,0,0,0,0,0,0,0
15,65,2,20,1,113,5,7,0,0,255,7,2,0,0,152,0,0,0,0,0,0,0,0,0,0,0,0,0,0,0
1,3,2,10,15,77,0,0,0,0,0,0,0,0,0,0,0,0,0,0,0,0,0,0,0,0,0,0,0,0,0
15,65,1,15,1,49,5,1,9,75,126,0,0,0,0,0,0,0,0,0,0,0,0,0,0,0,0,0,0,0,0
1,3,1,10,15,78,0,0,0,0,0,0,0,0,0,0,0,0,0,0,0,0,0,0,0,0,0,0,0,0,0
1,65,2,13,10,32,2,212,194,0,0,0,0,0,0,0,0,0,0,0,0,0,0,0,0,0,0,0,0,0,0
10,3,2,11,1,54,2,0,0,0,0,0,0,0,0,0,0,0,0,0,0,0,0,0,0,0,0,0,0,0,0
10,65,12,14,1,32,3,0,220,9,0,0,0,0,0,0,0,0,0,0,0,0,0,0,0,0,0,0,0,0,0
1,3,12,11,10,112,151,0,0,0,0,0,0,0,0,0,0,0,0,0,0,0,0,0,0,0,0,0,0,0,0
10,65,13,33,1,86,1,96,13,1,0,50,2,33,68,0,0,0,0,0,0,0,0,0,0,7,90,185,161,0,0
1,3,13,11,10,71,167,0,0,0,0,0,0,0,0,0,0,0,0,0,0,0,0,0,0,0,0,0,0,0,0
10,65,14,33,1,86,1,96,13,2,0,50,2,33,68,0,0,0,34,0,0,0,0,0,0,225,2,119,125,0,0
1,3,14,11,10,30,247,0,0,0,0,0,0,0,0,0,0,0,0,0,0,0,0,0,0,0,0,0,0,0,0
10,65,15,29,1,86,1,96,13,1,0,50,2,33,50,0,0,0,0,0,0,202,252,117,144,0,0,0,0,0,0
1,3,15,11,10,41,199,0,0,0,0,0,0,0,0,0,0,0,0,0,0,0,0,0,0,0,0,0,0,0,0
10,65,1,29,1,86,1,96,13,2,0,50,2,33,50,0,0,0,0,0,0,207,99,102,144,0,0,0,0,0,0
1,3,1,11,10,50,198,0,0,0,0,0,0,0,0,0,0,0,0,0,0,0,0,0,0,0,0,0,0,0,0
1,65,11,17,16,86,1,32,2,77,38,64,58,0,0,0,0,0,0,0,0,0,0,0,0,0,0,0,0,0,0
16,3,11,11,1,234,103,0,0,0,0,0,0,0,0,0,0,0,0,0,0,0,0,0,0,0,0,0,0,0,0
16,65,11,18,1,86,1,32,3,0,140,88,17,194,0,0,0,0,0,0,0,0,0,0,0,0,0,0,0,0,0
1,3,11,11,16,70,124,0,0,0,0,0,0,0,0,0,0,0,0,0,0,0,0,0,0,0,0,0,0,0,0
7,3,7,10,1,64,0,0,0,0,0,0,0,0,0,0,0,0,0,0,0,0,0,0,0,0,0,0,0,0,0
1,3,1,10,7,70,0,0,0,0,0,0,0,0,0,0,0,0,0,0,0,0,0,0,0,0,0,0,0,0,0
1,65,8,12,8,128,2,134,0,0,0,0,0,0,0,0,0,0,0,0,0,0,0,0,0,0,0,0,0,0,0
1,65,8,12,8,128,2,134,0,0,0,0,0,0,0,0,0,0,0,0,0,0,0,0,0,0,0,0,0,0,0
1,65,8,12,8,128,2,134,0,0,0,0,0,0,0,0,0,0,0,0,0,0,0,0,0,0,0,0,0,0,0
1,65,9,12,8,128,2,135,0,0,0,0,0,0,0,0,0,0,0,0,0,0,0,0,0,0,0,0,0,0,0
8,3,9,10,1,65,0,0,0,0,0,0,0,0,0,0,0,0,0,0,0,0,0,0,0,0,0,0,0,0,0
8,65,65,13,1,128,3,98,173,0,0,0,0,0,0,0,0,0,0,0,0,0,0,0,0,0,0,0,0,0,0
1,3,1,10,8,73,0,0,0,0,0,0,0,0,0,0,0,0,0,0,0,0,0,0,0,0,0,0,0,0,0
11,65,1,12,1,132,7,141,0,0,0,0,0,0,0,0,0,0,0,0,0,0,0,0,0,0,0,0,0,0,0
1,3,1,10,11,74,0,0,0,0,0,0,0,0,0,0,0,0,0,0,0,0,0,0,0,0,0,0,0,0,0
1,65,10,12,11,132,8,137,0,0,0,0,0,0,0,0,0,0,0,0,0,0,0,0,0,0,0,0,0,0,0
11,3,10,10,1,65,0,0,0,0,0,0,0,0,0,0,0,0,0,0,0,0,0,0,0,0,0,0,0,0,0
12,65,1,12,1,132,7,138,0,0,0,0,0,0,0,0,0,0,0,0,0,0,0,0,0,0,0,0,0,0,0
1,3,1,10,12,77,0,0,0,0,0,0,0,0,0,0,0,0,0,0,0,0,0,0,0,0,0,0,0,0,0
1,65,11,12,12,132,8,143,0,0,0,0,0,0,0,0,0,0,0,0,0,0,0,0,0,0,0,0,0,0,0
12,3,11,10,1,71,0,0,0,0,0,0,0,0,0,0,0,0,0,0,0,0,0,0,0,0,0,0,0,0,0
1,65,15,17,9,86,1,32,2,77,38,192,98,0,0,0,0,0,0,0,0,0,0,0,0,0,0,0,0,0,0
9,3,15,11,1,154,129,0,0,0,0,0,0,0,0,0,0,0,0,0,0,0,0,0,0,0,0,0,0,0,0
9,65,2,18,1,86,1,32,3,0,140,88,27,65,0,0,0,0,0,0,0,0,0,0,0,0,0,0,0,0,0
1,3,2,11,9,91,245,0,0,0,0,0,0,0,0,0,0,0,0,0,0,0,0,0,0,0,0,0,0,0,0
1,65,2,17,9,86,1,32,2,77,38,158,81,0,0,0,0,0,0,0,0,0,0,0,0,0,0,0,0,0,0
9,3,2,11,1,216,208,0,0,0,0,0,0,0,0,0,0,0,0,0,0,0,0,0,0,0,0,0,0,0,0
9,65,3,18,1,86,1,32,3,0,140,88,116,4,0,0,0,0,0,0,0,0,0,0,0,0,0,0,0,0,0
1,3,3,11,9,108,197,0,0,0,0,0,0,0,0,0,0,0,0,0,0,0,0,0,0,0,0,0,0,0,0
1,65,4,13,13,38,2,54,113,0,0,0,0,0,0,0,0,0,0,0,0,0,0,0,0,0,0,0,0,0,0
13,3,4,11,1,227,118,0,0,0,0,0,0,0,0,0,0,0,0,0,0,0,0,0,0,0,0,0,0,0,0
13,65,14,14,1,38,3,0,34,241,0,0,0,0,0,0,0,0,0,0,0,0,0,0,0,0,0,0,0,0,0
1,3,14,11,13,110,16,0,0,0,0,0,0,0,0,0,0,0,0,0,0,0,0,0,0,0,0,0,0,0,0
1,65,7,13,10,32,2,247,149,0,0,0,0,0,0,0,0,0,0,0,0,0,0,0,0,0,0,0,0,0,0
10,3,7,11,1,221,242,0,0,0,0,0,0,0,0,0,0,0,0,0,0,0,0,0,0,0,0,0,0,0,0
10,65,2,14,1,32,3,0,92,170,0,0,0,0,0,0,0,0,0,0,0,0,0,0,0,0,0,0,0,0,0
1,3,2,11,10,107,150,0,0,0,0,0,0,0,0,0,0,0,0,0,0,0,0,0,0,0,0,0,0,0,0
15,65,1,13,1,32,1,255,213,0,0,0,0,0,0,0,0,0,0,0,0,0,0,0,0,0,0,0,0,0,0
1,3,1,10,15,78,0,0,0,0,0,0,0,0,0,0,0,0,0,0,0,0,0,0,0,0,0,0,0,0,0
15,65,2,20,1,113,5,7,255,0,255,7,2,0,0,103,0,0,0,0,0,0,0,0,0,0,0,0,0,0,0
1,3,2,10,15,77,0,0,0,0,0,0,0,0,0,0,0,0,0,0,0,0,0,0,0,0,0,0,0,0,0
1,65,2,17,16,86,1,32,2,77,38,130,230,0,0,0,0,0,0,0,0,0,0,0,0,0,0,0,0,0,0
16,3,2,11,1,116,246,0,0,0,0,0,0,0,0,0,0,0,0,0,0,0,0,0,0,0,0,0,0,0,0
16,65,12,18,1,86,1,32,3,0,140,88,13,56,0,0,0,0,0,0,0,0,0,0,0,0,0,0,0,0,0
1,3,12,11,16,195,236,0,0,0,0,0,0,0,0,0,0,0,0,0,0,0,0,0,0,0,0,0,0,0,0
1,65,6,17,9,86,1,32,2,77,38,2,190,0,0,0,0,0,0,0,0,0,0,0,0,0,0,0,0,0,0
9,3,6,11,1,4,16,0,0,0,0,0,0,0,0,0,0,0,0,0,0,0,0,0,0,0,0,0,0,0,0
9,65,4,18,1,86,1,32,3,0,140,88,104,254,0,0,0,0,0,0,0,0,0,0,0,0,0,0,0,0,0
1,3,4,11,9,233,85,0,0,0,0,0,0,0,0,0,0,0,0,0,0,0,0,0,0,0,0,0,0,0,0
1,65,8,13,13,32,2,23,252,0,0,0,0,0,0,0,0,0,0,0,0,0,0,0,0,0,0,0,0,0,0
13,3,8,11,1,150,23,0,0,0,0,0,0,0,0,0,0,0,0,0,0,0,0,0,0,0,0,0,0,0,0
13,65,15,14,1,32,3,0,213,241,0,0,0,0,0,0,0,0,0,0,0,0,0,0,0,0,0,0,0,0,0
1,3,15,11,13,89,32,0,0,0,0,0,0,0,0,0,0,0,0,0,0,0,0,0,0,0,0,0,0,0,0
15,65,1,13,1,32,1,0,42,0,0,0,0,0,0,0,0,0,0,0,0,0,0,0,0,0,0,0,0,0,0
1,3,1,10,15,78,0,0,0,0,0,0,0,0,0,0,0,0,0,0,0,0,0,0,0,0,0,0,0,0,0
15,65,2,20,1,113,5,7,0,0,255,7,2,0,0,152,0,0,0,0,0,0,0,0,0,0,0,0,0,0,0
1,3,2,10,15,77,0,0,0,0,0,0,0,0,0,0,0,0,0,0,0,0,0,0,0,0,0,0,0,0,0
17,65,1,17,1,49,5,1,42,2,228,225,187,0,0,0,0,0,0,0,0,0,0,0,0,0,0,0,0,0,0
1,3,1,11,17,145,156,0,0,0,0,0,0,0,0,0,0,0,0,0,0,0,0,0,0,0,0,0,0,0,0
17,65,2,16,1,49,5,5,1,28,183,125,0,0,0,0,0,0,0,0,0,0,0,0,0,0,0,0,0,0,0
1,3,2,11,17,200,204,0,0,0,0,0,0,0,0,0,0,0,0,0,0,0,0,0,0,0,0,0,0,0,0
17,65,3,17,1,49,5,3,10,0,82,237,13,0,0,0,0,0,0,0,0,0,0,0,0,0,0,0,0,0,0
1,3,3,11,17,255,252,0,0,0,0,0,0,0,0,0,0,0,0,0,0,0,0,0,0,0,0,0,0,0,0
17,65,4,16,1,49,5,27,1,0,188,105,0,0,0,0,0,0,0,0,0,0,0,0,0,0,0,0,0,0,0
1,3,4,11,17,122,108,0,0,0,0,0,0,0,0,0,0,0,0,0,0,0,0,0,0,0,0,0,0,0,0
17,65,5,13,1,132,7,245,131,0,0,0,0,0,0,0,0,0,0,0,0,0,0,0,0,0,0,0,0,0,0
1,3,5,11,17,77,92,0,0,0,0,0,0,0,0,0,0,0,0,0,0,0,0,0,0,0,0,0,0,0,0
1,65,6,13,17,132,8,158,166,0,0,0,0,0,0,0,0,0,0,0,0,0,0,0,0,0,0,0,0,0,0
17,3,6,11,1,2,103,0,0,0,0,0,0,0,0,0,0,0,0,0,0,0,0,0,0,0,0,0,0,0,0
1,65,11,13,10,32,2,124,190,0,0,0,0,0,0,0,0,0,0,0,0,0,0,0,0,0,0,0,0,0,0
10,3,11,11,1,168,147,0,0,0,0,0,0,0,0,0,0,0,0,0,0,0,0,0,0,0,0,0,0,0,0
10,65,3,14,1,32,3,0,25,10,0,0,0,0,0,0,0,0,0,0,0,0,0,0,0,0,0,0,0,0,0
1,3,3,11,10,92,166,0,0,0,0,0,0,0,0,0,0,0,0,0,0,0,0,0,0,0,0,0,0,0,0
1,65,6,17,16,86,1,32,2,77,38,30,9,0,0,0,0,0,0,0,0,0,0,0,0,0,0,0,0,0,0
16,3,6,11,1,168,54,0,0,0,0,0,0,0,0,0,0,0,0,0,0,0,0,0,0,0,0,0,0,0,0
16,65,13,18,1,86,1,32,3,0,140,88,98,125,0,0,0,0,0,0,0,0,0,0,0,0,0,0,0,0,0
1,3,13,11,16,244,220,0,0,0,0,0,0,0,0,0,0,0,0,0,0,0,0,0,0,0,0,0,0,0,0
1,65,10,17,9,86,1,32,2,77,38,183,174,0,0,0,0,0,0,0,0,0,0,0,0,0,0,0,0,0,0
9,3,10,11,1,113,113,0,0,0,0,0,0,0,0,0,0,0,0,0,0,0,0,0,0,0,0,0,0,0,0
9,65,5,18,1,86,1,32,3,0,140,88,7,187,0,0,0,0,0,0,0,0,0,0,0,0,0,0,0,0,0
1,3,5,11,9,222,101,0,0,0,0,0,0,0,0,0,0,0,0,0,0,0,0,0,0,0,0,0,0,0,0
1,65,12,13,13,32,2,158,250,0,0,0,0,0,0,0,0,0,0,0,0,0,0,0,0,0,0,0,0,0,0
13,3,12,11,1,74,215,0,0,0,0,0,0,0,0,0,0,0,0,0,0,0,0,0,0,0,0,0,0,0,0
13,65,1,14,1,32,3,0,85,82,0,0,0,0,0,0,0,0,0,0,0,0,0,0,0,0,0,0,0,0,0
1,3,1,11,13,66,33,0,0,0,0,0,0,0,0,0,0,0,0,0,0,0,0,0,0,0,0,0,0,0,0
15,65,1,12,1,132,7,137,0,0,0,0,0,0,0,0,0,0,0,0,0,0,0,0,0,0,0,0,0,0,0
1,3,1,10,15,78,0,0,0,0,0,0,0,0,0,0,0,0,0,0,0,0,0,0,0,0,0,0,0,0,0
1,65,12,12,15,132,8,139,0,0,0,0,0,0,0,0,0,0,0,0,0,0,0,0,0,0,0,0,0,0,0
15,3,12,10,1,67,0,0,0,0,0,0,0,0,0,0,0,0,0,0,0,0,0,0,0,0,0,0,0,0,0
1,65,14,13,10,32,2,95,233,0,0,0,0,0,0,0,0,0,0,0,0,0,0,0,0,0,0,0,0,0,0
10,3,14,11,1,67,99,0,0,0,0,0,0,0,0,0,0,0,0,0,0,0,0,0,0,0,0,0,0,0,0
10,65,4,14,1,32,3,0,209,75,0,0,0,0,0,0,0,0,0,0,0,0,0,0,0,0,0,0,0,0,0
1,3,4,11,10,217,54,0,0,0,0,0,0,0,0,0,0,0,0,0,0,0,0,0,0,0,0,0,0,0,0
1,65,12,17,16,86,1,32,2,77,38,241,145,0,0,0,0,0,0,0,0,0,0,0,0,0,0,0,0,0,0
16,3,12,11,1,111,247,0,0,0,0,0,0,0,0,0,0,0,0,0,0,0,0,0,0,0,0,0,0,0,0
16,65,14,18,1,86,1,32,3,0,140,88,211,178,0,0,0,0,0,0,0,0,0,0,0,0,0,0,0,0,0
1,3,14,11,16,173,140,0,0,0,0,0,0,0,0,0,0,0,0,0,0,0,0,0,0,0,0,0,0,0,0
1,65,1,17,9,86,1,32,2,77,38,179,21,0,0,0,0,0,0,0,0,0,0,0,0,0,0,0,0,0,0
9,3,1,11,1,129,128,0,0,0,0,0,0,0,0,0,0,0,0,0,0,0,0,0,0,0,0,0,0,0,0
9,65,6,18,1,86,1,32,3,0,140,88,182,116,0,0,0,0,0,0,0,0,0,0,0,0,0,0,0,0,0
1,3,6,11,9,135,53,0,0,0,0,0,0,0,0,0,0,0,0,0,0,0,0,0,0,0,0,0,0,0,0
1,65,3,13,13,32,2,251,3,0,0,0,0,0,0,0,0,0,0,0,0,0,0,0,0,0,0,0,0,0,0
13,3,3,11,1,102,230,0,0,0,0,0,0,0,0,0,0,0,0,0,0,0,0,0,0,0,0,0,0,0,0
13,65,2,14,1,32,3,0,155,178,0,0,0,0,0,0,0,0,0,0,0,0,0,0,0,0,0,0,0,0,0
1,3,2,11,13,27,113,0,0,0,0,0,0,0,0,0,0,0,0,0,0,0,0,0,0,0,0,0,0,0,0
15,65,1,13,1,32,1,255,213,0,0,0,0,0,0,0,0,0,0,0,0,0,0,0,0,0,0,0,0,0,0
1,3,1,10,15,78,0,0,0,0,0,0,0,0,0,0,0,0,0,0,0,0,0,0,0,0,0,0,0,0,0
15,65,2,20,1,113,5,7,255,0,255,7,2,0,0,103,0,0,0,0,0,0,0,0,0,0,0,0,0,0,0
1,3,2,10,15,77,0,0,0,0,0,0,0,0,0,0,0,0,0,0,0,0,0,0,0,0,0,0,0,0,0
1,65,5,13,10,32,2,179,22,0,0,0,0,0,0,0,0,0,0,0,0,0,0,0,0,0,0,0,0,0,0
10,3,5,11,1,179,146,0,0,0,0,0,0,0,0,0,0,0,0,0,0,0,0,0,0,0,0,0,0,0,0
10,65,5,14,1,32,3,0,148,235,0,0,0,0,0,0,0,0,0,0,0,0,0,0,0,0,0,0,0,0,0
1,3,5,11,10,238,6,0,0,0,0,0,0,0,0,0,0,0,0,0,0,0,0,0,0,0,0,0,0,0,0
15,65,1,13,1,32,1,0,42,0,0,0,0,0,0,0,0,0,0,0,0,0,0,0,0,0,0,0,0,0,0
1,3,1,10,15,78,0,0,0,0,0,0,0,0,0,0,0,0,0,0,0,0,0,0,0,0,0,0,0,0,0
15,65,2,20,1,113,5,7,0,0,255,7,2,0,0,152,0,0,0,0,0,0,0,0,0,0,0,0,0,0,0
1,3,2,10,15,77,0,0,0,0,0,0,0,0,0,0,0,0,0,0,0,0,0,0,0,0,0,0,0,0,0
10,65,6,33,1,86,1,96,13,1,0,50,2,33,68,0,0,0,0,0,0,0,0,0,0,7,90,122,159,0,0
1,3,6,11,10,183,86,0,0,0,0,0,0,0,0,0,0,0,0,0,0,0,0,0,0,0,0,0,0,0,0
10,65,7,33,1,86,1,96,13,2,0,50,2,33,68,0,0,0,35,0,0,0,0,0,0,89,99,63,43,0,0
1,3,7,11,10,128,102,0,0,0,0,0,0,0,0,0,0,0,0,0,0,0,0,0,0,0,0,0,0,0,0
10,65,8,29,1,86,1,96,13,1,0,50,2,33,50,0,0,0,0,0,0,202,252,124,16,0,0,0,0,0,0
1,3,8,11,10,172,87,0,0,0,0,0,0,0,0,0,0,0,0,0,0,0,0,0,0,0,0,0,0,0,0
10,65,9,29,1,86,1,96,13,2,0,50,2,33,50,0,0,0,0,0,0,207,99,169,230,0,0,0,0,0,0
1,3,9,11,10,155,103,0,0,0,0,0,0,0,0,0,0,0,0,0,0,0,0,0,0,0,0,0,0,0,0
1,65,15,17,16,86,1,32,2,77,38,220,213,0,0,0,0,0,0,0,0,0,0,0,0,0,0,0,0,0,0
16,3,15,11,1,54,167,0,0,0,0,0,0,0,0,0,0,0,0,0,0,0,0,0,0,0,0,0,0,0,0
16,65,15,18,1,86,1,32,3,0,140,88,188,247,0,0,0,0,0,0,0,0,0,0,0,0,0,0,0,0,0
1,3,15,11,16,154,188,0,0,0,0,0,0,0,0,0,0,0,0,0,0,0,0,0,0,0,0,0,0,0,0
7,3,14,10,1,73,0,0,0,0,0,0,0,0,0,0,0,0,0,0,0,0,0,0,0,0,0,0,0,0,0
1,3,1,10,7,70,0,0,0,0,0,0,0,0,0,0,0,0,0,0,0,0,0,0,0,0,0,0,0,0,0
1,65,5,17,9,86,1,32,2,77,38,47,250,0,0,0,0,0,0,0,0,0,0,0,0,0,0,0,0,0,0
9,3,5,11,1,93,64,0,0,0,0,0,0,0,0,0,0,0,0,0,0,0,0,0,0,0,0,0,0,0,0
9,65,7,18,1,86,1,32,3,0,140,88,217,49,0,0,0,0,0,0,0,0,0,0,0,0,0,0,0,0,0
1,3,7,11,9,176,5,0,0,0,0,0,0,0,0,0,0,0,0,0,0,0,0,0,0,0,0,0,0,0,0
1,65,6,13,13,32,2,216,84,0,0,0,0,0,0,0,0,0,0,0,0,0,0,0,0,0,0,0,0,0,0
13,3,6,11,1,141,22,0,0,0,0,0,0,0,0,0,0,0,0,0,0,0,0,0,0,0,0,0,0,0,0
13,65,3,14,1,32,3,0,222,18,0,0,0,0,0,0,0,0,0,0,0,0,0,0,0,0,0,0,0,0,0
1,3,3,11,13,44,65,0,0,0,0,0,0,0,0,0,0,0,0,0,0,0,0,0,0,0,0,0,0,0,0
15,65,1,13,1,32,1,255,213,0,0,0,0,0,0,0,0,0,0,0,0,0,0,0,0,0,0,0,0,0,0
1,3,1,10,15,78,0,0,0,0,0,0,0,0,0,0,0,0,0,0,0,0,0,0,0,0,0,0,0,0,0
15,65,2,20,1,113,5,7,255,0,255,7,2,0,0,103,0,0,0,0,0,0,0,0,0,0,0,0,0,0,0
1,3,2,10,15,77,0,0,0,0,0,0,0,0,0,0,0,0,0,0,0,0,0,0,0,0,0,0,0,0,0
15,65,1,15,1,49,5,1,9,73,124,0,0,0,0,0,0,0,0,0,0,0,0,0,0,0,0,0,0,0,0
1,3,1,10,15,78,0,0,0,0,0,0,0,0,0,0,0,0,0,0,0,0,0,0,0,0,0,0,0,0,0
15,65,1,13,1,32,1,0,42,0,0,0,0,0,0,0,0,0,0,0,0,0,0,0,0,0,0,0,0,0,0
1,3,1,10,15,78,0,0,0,0,0,0,0,0,0,0,0,0,0,0,0,0,0,0,0,0,0,0,0,0,0
15,65,2,20,1,113,5,7,0,0,255,7,2,0,0,152,0,0,0,0,0,0,0,0,0,0,0,0,0,0,0
1,3,2,10,15,77,0,0,0,0,0,0,0,0,0,0,0,0,0,0,0,0,0,0,0,0,0,0,0,0,0
11,65,1,12,1,132,7,141,0,0,0,0,0,0,0,0,0,0,0,0,0,0,0,0,0,0,0,0,0,0,0
1,3,1,10,11,74,0,0,0,0,0,0,0,0,0,0,0,0,0,0,0,0,0,0,0,0,0,0,0,0,0
1,65,15,12,11,132,8,140,0,0,0,0,0,0,0,0,0,0,0,0,0,0,0,0,0,0,0,0,0,0,0
11,3,15,10,1,68,0,0,0,0,0,0,0,0,0,0,0,0,0,0,0,0,0,0,0,0,0,0,0,0,0
12,65,1,12,1,132,7,138,0,0,0,0,0,0,0,0,0,0,0,0,0,0,0,0,0,0,0,0,0,0,0
1,3,1,10,12,77,0,0,0,0,0,0,0,0,0,0,0,0,0,0,0,0,0,0,0,0,0,0,0,0,0
1,65,1,12,12,132,8,133,0,0,0,0,0,0,0,0,0,0,0,0,0,0,0,0,0,0,0,0,0,0,0
12,3,1,10,1,77,0,0,0,0,0,0,0,0,0,0,0,0,0,0,0,0,0,0,0,0,0,0,0,0,0
1,65,8,13,10,32,2,146,108,0,0,0,0,0,0,0,0,0,0,0,0,0,0,0,0,0,0,0,0,0,0
10,3,8,11,1,241,195,0,0,0,0,0,0,0,0,0,0,0,0,0,0,0,0,0,0,0,0,0,0,0,0
10,65,10,14,1,32,3,0,81,232,0,0,0,0,0,0,0,0,0,0,0,0,0,0,0,0,0,0,0,0,0
1,3,10,11,10,194,55,0,0,0,0,0,0,0,0,0,0,0,0,0,0,0,0,0,0,0,0,0,0,0,0
15,65,1,13,1,32,1,255,213,0,0,0,0,0,0,0,0,0,0,0,0,0,0,0,0,0,0,0,0,0,0
1,3,1,10,15,78,0,0,0,0,0,0,0,0,0,0,0,0,0,0,0,0,0,0,0,0,0,0,0,0,0
15,65,2,20,1,113,5,7,255,0,255,7,2,0,0,103,0,0,0,0,0,0,0,0,0,0,0,0,0,0,0
1,3,2,10,15,77,0,0,0,0,0,0,0,0,0,0,0,0,0,0,0,0,0,0,0,0,0,0,0,0,0
1,65,3,17,16,86,1,32,2,77,38,105,197,0,0,0,0,0,0,0,0,0,0,0,0,0,0,0,0,0,0
16,3,3,11,1,67,198,0,0,0,0,0,0,0,0,0,0,0,0,0,0,0,0,0,0,0,0,0,0,0,0
16,65,1,18,1,86,1,32,3,0,140,88,133,3,0,0,0,0,0,0,0,0,0,0,0,0,0,0,0,0,0
1,3,1,11,16,129,189,0,0,0,0,0,0,0,0,0,0,0,0,0,0,0,0,0,0,0,0,0,0,0,0
1,65,8,17,9,86,1,32,2,77,38,113,201,0,0,0,0,0,0,0,0,0,0,0,0,0,0,0,0,0,0
9,3,8,11,1,31,17,0,0,0,0,0,0,0,0,0,0,0,0,0,0,0,0,0,0,0,0,0,0,0,0
9,65,8,18,1,86,1,32,3,0,140,88,143,128,0,0,0,0,0,0,0,0,0,0,0,0,0,0,0,0,0
1,3,8,11,9,156,52,0,0,0,0,0,0,0,0,0,0,0,0,0,0,0,0,0,0,0,0,0,0,0,0
1,65,9,13,13,32,2,189,173,0,0,0,0,0,0,0,0,0,0,0,0,0,0,0,0,0,0,0,0,0,0
13,3,9,11,1,161,39,0,0,0,0,0,0,0,0,0,0,0,0,0,0,0,0,0,0,0,0,0,0,0,0
13,65,4,14,1,32,3,0,22,83,0,0,0,0,0,0,0,0,0,0,0,0,0,0,0,0,0,0,0,0,0
1,3,4,11,13,169,209,0,0,0,0,0,0,0,0,0,0,0,0,0,0,0,0,0,0,0,0,0,0,0,0
15,65,1,13,1,32,1,0,42,0,0,0,0,0,0,0,0,0,0,0,0,0,0,0,0,0,0,0,0,0,0
1,3,1,10,15,78,0,0,0,0,0,0,0,0,0,0,0,0,0,0,0,0,0,0,0,0,0,0,0,0,0
15,65,2,20,1,113,5,7,0,0,255,7,2,0,0,152,0,0,0,0,0,0,0,0,0,0,0,0,0,0,0
1,3,2,10,15,77,0,0,0,0,0,0,0,0,0,0,0,0,0,0,0,0,0,0,0,0,0,0,0,0,0
17,65,1,17,1,49,5,1,42,2,225,177,30,0,0,0,0,0,0,0,0,0,0,0,0,0,0,0,0,0,0
1,3,1,11,17,145,156,0,0,0,0,0,0,0,0,0,0,0,0,0,0,0,0,0,0,0,0,0,0,0,0
17,65,2,16,1,49,5,5,1,29,167,92,0,0,0,0,0,0,0,0,0,0,0,0,0,0,0,0,0,0,0
1,3,2,11,17,200,204,0,0,0,0,0,0,0,0,0,0,0,0,0,0,0,0,0,0,0,0,0,0,0,0
17,65,3,17,1,49,5,3,10,0,54,193,47,0,0,0,0,0,0,0,0,0,0,0,0,0,0,0,0,0,0
1,3,3,11,17,255,252,0,0,0,0,0,0,0,0,0,0,0,0,0,0,0,0,0,0,0,0,0,0,0,0
17,65,4,16,1,49,5,27,1,0,188,105,0,0,0,0,0,0,0,0,0,0,0,0,0,0,0,0,0,0,0
1,3,4,11,17,122,108,0,0,0,0,0,0,0,0,0,0,0,0,0,0,0,0,0,0,0,0,0,0,0,0
17,65,5,13,1,132,7,245,131,0,0,0,0,0,0,0,0,0,0,0,0,0,0,0,0,0,0,0,0,0,0
1,3,5,11,17,77,92,0,0,0,0,0,0,0,0,0,0,0,0,0,0,0,0,0,0,0,0,0,0,0,0
1,65,5,13,17,132,8,112,116,0,0,0,0,0,0,0,0,0,0,0,0,0,0,0,0,0,0,0,0,0,0
17,3,5,11,1,91,55,0,0,0,0,0,0,0,0,0,0,0,0,0,0,0,0,0,0,0,0,0,0,0,0
1,65,12,13,10,32,2,27,106,0,0,0,0,0,0,0,0,0,0,0,0,0,0,0,0,0,0,0,0,0,0
10,3,12,11,1,45,3,0,0,0,0,0,0,0,0,0,0,0,0,0,0,0,0,0,0,0,0,0,0,0,0
10,65,11,14,1,32,3,0,20,72,0,0,0,0,0,0,0,0,0,0,0,0,0,0,0,0,0,0,0,0,0
1,3,11,11,10,245,7,0,0,0,0,0,0,0,0,0,0,0,0,0,0,0,0,0,0,0,0,0,0,0,0
15,65,1,13,1,32,1,255,213,0,0,0,0,0,0,0,0,0,0,0,0,0,0,0,0,0,0,0,0,0,0
1,3,1,10,15,78,0,0,0,0,0,0,0,0,0,0,0,0,0,0,0,0,0,0,0,0,0,0,0,0,0
15,65,2,20,1,113,5,7,255,0,255,7,2,0,0,103,0,0,0,0,0,0,0,0,0,0,0,0,0,0,0
1,3,2,10,15,77,0,0,0,0,0,0,0,0,0,0,0,0,0,0,0,0,0,0,0,0,0,0,0,0,0
10,65,1,22,1,86,1,96,13,1,0,37,3,0,170,30,79,102,0,0,0,0,0,0,0,0,0,0,0,0,0
1,3,1,11,10,50,198,0,0,0,0,0,0,0,0,0,0,0,0,0,0,0,0,0,0,0,0,0,0,0,0
10,65,2,33,1,86,1,96,13,2,0,50,2,33,68,0,0,0,5,0,0,0,0,0,0,150,176,124,110,0,0
1,3,2,11,10,107,150,0,0,0,0,0,0,0,0,0,0,0,0,0,0,0,0,0,0,0,0,0,0,0,0
10,65,3,29,1,86,1,96,13,1,0,50,2,33,50,0,0,0,0,0,0,202,252,221,93,0,0,0,0,0,0
1,3,3,11,10,92,166,0,0,0,0,0,0,0,0,0,0,0,0,0,0,0,0,0,0,0,0,0,0,0,0
10,65,4,29,1,86,1,96,13,2,0,50,2,33,50,0,0,0,0,0,0,207,99,212,221,0,0,0,0,0,0
1,3,4,11,10,217,54,0,0,0,0,0,0,0,0,0,0,0,0,0,0,0,0,0,0,0,0,0,0,0,0
9,1,9,30,255,1,1,211,156,1,16,1,94,86,134,114,90,133,89,115,37,39,44,43,122,129,0,0,0,0,0
9,65,10,18,1,86,1,37,3,255,121,88,81,10,0,0,0,0,0,0,0,0,0,0,0,0,0,0,0,0,0
1,3,10,11,9,242,84,0,0,0,0,0,0,0,0,0,0,0,0,0,0,0,0,0,0,0,0,0,0,0,0
1,65,15,17,9,86,1,32,2,77,38,192,98,0,0,0,0,0,0,0,0,0,0,0,0,0,0,0,0,0,0
9,3,15,11,1,154,129,0,0,0,0,0,0,0,0,0,0,0,0,0,0,0,0,0,0,0,0,0,0,0,0
9,65,11,18,1,86,1,32,3,255,146,168,62,79,0,0,0,0,0,0,0,0,0,0,0,0,0,0,0,0,0
1,3,11,11,9,197,100,0,0,0,0,0,0,0,0,0,0,0,0,0,0,0,0,0,0,0,0,0,0,0,0
10,65,5,29,1,86,1,96,13,1,0,50,2,33,50,0,0,0,0,0,0,202,252,1,43,0,0,0,0,0,0
1,3,5,11,10,238,6,0,0,0,0,0,0,0,0,0,0,0,0,0,0,0,0,0,0,0,0,0,0,0,0
10,65,6,29,1,86,1,96,13,2,0,50,2,33,50,0,0,0,0,0,0,207,99,111,16,0,0,0,0,0,0
1,3,6,11,10,183,86,0,0,0,0,0,0,0,0,0,0,0,0,0,0,0,0,0,0,0,0,0,0,0,0
9,1,12,30,255,1,1,211,156,1,16,1,94,86,134,114,90,133,89,115,37,39,44,43,122,132,0,0,0,0,0
9,65,13,18,1,86,1,37,3,0,103,168,77,240,0,0,0,0,0,0,0,0,0,0,0,0,0,0,0,0,0
1,3,13,11,9,119,196,0,0,0,0,0,0,0,0,0,0,0,0,0,0,0,0,0,0,0,0,0,0,0,0
1,65,1,17,9,86,1,32,2,77,38,179,21,0,0,0,0,0,0,0,0,0,0,0,0,0,0,0,0,0,0
9,3,1,11,1,129,128,0,0,0,0,0,0,0,0,0,0,0,0,0,0,0,0,0,0,0,0,0,0,0,0
9,65,14,18,1,86,1,32,3,0,140,88,252,63,0,0,0,0,0,0,0,0,0,0,0,0,0,0,0,0,0
1,3,14,11,9,46,148,0,0,0,0,0,0,0,0,0,0,0,0,0,0,0,0,0,0,0,0,0,0,0,0
9,1,15,30,255,1,1,211,156,1,16,1,94,86,134,114,90,133,89,115,37,39,44,43,122,135,0,0,0,0,0
9,65,1,18,1,86,1,37,3,255,121,88,170,142,0,0,0,0,0,0,0,0,0,0,0,0,0,0,0,0,0
1,3,1,11,9,2,165,0,0,0,0,0,0,0,0,0,0,0,0,0,0,0,0,0,0,0,0,0,0,0,0
1,65,2,17,9,86,1,32,2,77,38,158,81,0,0,0,0,0,0,0,0,0,0,0,0,0,0,0,0,0,0
9,3,2,11,1,216,208,0,0,0,0,0,0,0,0,0,0,0,0,0,0,0,0,0,0,0,0,0,0,0,0
9,65,2,18,1,86,1,32,3,255,146,168,27,65,0,0,0,0,0,0,0,0,0,0,0,0,0,0,0,0,0
1,3,2,11,9,91,245,0,0,0,0,0,0,0,0,0,0,0,0,0,0,0,0,0,0,0,0,0,0,0,0
1,65,4,17,16,86,1,32,2,77,38,216,110,0,0,0,0,0,0,0,0,0,0,0,0,0,0,0,0,0,0
16,3,4,11,1,198,86,0,0,0,0,0,0,0,0,0,0,0,0,0,0,0,0,0,0,0,0,0,0,0,0
16,65,2,18,1,86,1,32,3,0,140,88,52,204,0,0,0,0,0,0,0,0,0,0,0,0,0,0,0,0,0
1,3,2,11,16,216,237,0,0,0,0,0,0,0,0,0,0,0,0,0,0,0,0,0,0,0,0,0,0,0,0
10,65,1,22,1,86,1,96,13,1,0,37,3,0,170,30,79,102,0,0,0,0,0,0,0,0,0,0,0,0,0
1,3,1,11,10,50,198,0,0,0,0,0,0,0,0,0,0,0,0,0,0,0,0,0,0,0,0,0,0,0,0
1,19,2,10,10,88,0,0,0,0,0,0,0,0,0,0,0,0,0,0,0,0,0,0,0,0,0,0,0,0,0
10,81,1,28,1,86,1,96,13,1,0,50,2,33,50,0,0,0,0,0,0,202,252,33,0,0,0,0,0,0,0
1,19,1,10,10,91,0,0,0,0,0,0,0,0,0,0,0,0,0,0,0,0,0,0,0,0,0,0,0,0,0
10,81,2,28,1,86,1,96,13,2,0,50,2,33,50,0,0,0,0,0,0,207,99,187,0,0,0,0,0,0,0
1,19,2,10,10,88,0,0,0,0,0,0,0,0,0,0,0,0,0,0,0,0,0,0,0,0,0,0,0,0,0
9,1,3,30,255,1,1,211,156,1,16,1,94,86,134,114,90,133,89,115,37,39,44,43,122,139,0,0,0,0,0
9,65,4,18,1,86,1,37,3,0,103,168,104,254,0,0,0,0,0,0,0,0,0,0,0,0,0,0,0,0,0
1,3,4,11,9,233,85,0,0,0,0,0,0,0,0,0,0,0,0,0,0,0,0,0,0,0,0,0,0,0,0
1,65,15,17,9,86,1,32,2,77,38,192,98,0,0,0,0,0,0,0,0,0,0,0,0,0,0,0,0,0,0
9,3,15,11,1,154,129,0,0,0,0,0,0,0,0,0,0,0,0,0,0,0,0,0,0,0,0,0,0,0,0
9,65,5,18,1,86,1,32,3,0,140,88,7,187,0,0,0,0,0,0,0,0,0,0,0,0,0,0,0,0,0
1,3,5,11,9,222,101,0,0,0,0,0,0,0,0,0,0,0,0,0,0,0,0,0,0,0,0,0,0,0,0
10,81,3,28,1,86,1,96,13,1,0,50,2,33,50,0,0,0,0,0,0,202,252,35,0,0,0,0,0,0,0
1,19,3,10,10,89,0,0,0,0,0,0,0,0,0,0,0,0,0,0,0,0,0,0,0,0,0,0,0,0,0
10,81,4,28,1,86,1,96,13,2,0,50,2,33,50,0,0,0,0,0,0,207,99,189,0,0,0,0,0,0,0
1,19,4,10,10,94,0,0,0,0,0,0,0,0,0,0,0,0,0,0,0,0,0,0,0,0,0,0,0,0,0
15,65,1,13,1,32,1,0,42,0,0,0,0,0,0,0,0,0,0,0,0,0,0,0,0,0,0,0,0,0,0
1,3,1,10,15,78,0,0,0,0,0,0,0,0,0,0,0,0,0,0,0,0,0,0,0,0,0,0,0,0,0
15,65,2,20,1,113,5,7,0,0,255,7,2,0,0,152,0,0,0,0,0,0,0,0,0,0,0,0,0,0,0
1,3,2,10,15,77,0,0,0,0,0,0,0,0,0,0,0,0,0,0,0,0,0,0,0,0,0,0,0,0,0
1,65,4,13,13,32,2,156,215,0,0,0,0,0,0,0,0,0,0,0,0,0,0,0,0,0,0,0,0,0,0
13,3,4,11,1,227,118,0,0,0,0,0,0,0,0,0,0,0,0,0,0,0,0,0,0,0,0,0,0,0,0
13,65,5,14,1,32,3,0,83,243,0,0,0,0,0,0,0,0,0,0,0,0,0,0,0,0,0,0,0,0,0
1,3,5,11,13,158,225,0,0,0,0,0,0,0,0,0,0,0,0,0,0,0,0,0,0,0,0,0,0,0,0
10,81,5,21,1,86,1,96,13,1,0,37,3,255,180,238,186,0,0,0,0,0,0,0,0,0,0,0,0,0,0
1,19,5,10,10,95,0,0,0,0,0,0,0,0,0,0,0,0,0,0,0,0,0,0,0,0,0,0,0,0,0
10,81,6,28,1,86,1,96,13,1,0,50,2,33,50,0,0,0,0,0,0,202,252,38,0,0,0,0,0,0,0
1,19,6,10,10,92,0,0,0,0,0,0,0,0,0,0,0,0,0,0,0,0,0,0,0,0,0,0,0,0,0
10,81,7,28,1,86,1,96,13,2,0,50,2,33,50,0,0,0,0,0,0,207,99,190,0,0,0,0,0,0,0
1,19,7,10,10,93,0,0,0,0,0,0,0,0,0,0,0,0,0,0,0,0,0,0,0,0,0,0,0,0,0
10,81,8,21,1,86,1,96,13,1,0,37,3,0,170,30,166,0,0,0,0,0,0,0,0,0,0,0,0,0,0
1,19,8,10,10,82,0,0,0,0,0,0,0,0,0,0,0,0,0,0,0,0,0,0,0,0,0,0,0,0,0
10,81,9,21,1,86,1,96,13,1,0,37,3,255,180,238,182,0,0,0,0,0,0,0,0,0,0,0,0,0,0
1,19,9,10,10,83,0,0,0,0,0,0,0,0,0,0,0,0,0,0,0,0,0,0,0,0,0,0,0,0,0
10,81,10,28,1,86,1,96,13,1,0,50,2,33,50,0,0,0,0,0,0,202,252,42,0,0,0,0,0,0,0
1,19,10,10,10,80,0,0,0,0,0,0,0,0,0,0,0,0,0,0,0,0,0,0,0,0,0,0,0,0,0
10,81,11,28,1,86,1,96,13,2,0,50,2,33,50,0,0,0,0,0,0,207,99,178,0,0,0,0,0,0,0
1,19,11,10,10,81,0,0,0,0,0,0,0,0,0,0,0,0,0,0,0,0,0,0,0,0,0,0,0,0,0
9,1,6,30,255,1,1,211,156,1,16,1,94,86,134,114,90,133,89,115,37,39,44,43,122,142,0,0,0,0,0
9,65,7,18,1,86,1,37,3,255,121,88,217,49,0,0,0,0,0,0,0,0,0,0,0,0,0,0,0,0,0
1,3,7,11,9,176,5,0,0,0,0,0,0,0,0,0,0,0,0,0,0,0,0,0,0,0,0,0,0,0,0
1,65,10,17,9,86,1,32,2,77,38,183,174,0,0,0,0,0,0,0,0,0,0,0,0,0,0,0,0,0,0
9,3,10,11,1,113,113,0,0,0,0,0,0,0,0,0,0,0,0,0,0,0,0,0,0,0,0,0,0,0,0
9,65,8,18,1,86,1,32,3,255,146,168,143,128,0,0,0,0,0,0,0,0,0,0,0,0,0,0,0,0,0
1,3,8,11,9,156,52,0,0,0,0,0,0,0,0,0,0,0,0,0,0,0,0,0,0,0,0,0,0,0,0
9,1,9,30,255,1,1,211,156,1,16,1,94,86,134,114,90,133,89,115,37,39,44,43,122,129,0,0,0,0,0
9,65,10,18,1,86,1,37,3,0,103,168,81,10,0,0,0,0,0,0,0,0,0,0,0,0,0,0,0,0,0
1,3,10,11,9,242,84,0,0,0,0,0,0,0,0,0,0,0,0,0,0,0,0,0,0,0,0,0,0,0,0
1,65,11,17,9,86,1,32,2,77,38,92,141,0,0,0,0,0,0,0,0,0,0,0,0,0,0,0,0,0,0
9,3,11,11,1,70,65,0,0,0,0,0,0,0,0,0,0,0,0,0,0,0,0,0,0,0,0,0,0,0,0
9,65,11,18,1,86,1,32,3,0,140,88,62,79,0,0,0,0,0,0,0,0,0,0,0,0,0,0,0,0,0
1,3,11,11,9,197,100,0,0,0,0,0,0,0,0,0,0,0,0,0,0,0,0,0,0,0,0,0,0,0,0
10,81,12,28,1,86,1,96,13,1,0,50,2,33,50,0,0,0,0,0,0,202,252,44,0,0,0,0,0,0,0
1,19,12,10,10,86,0,0,0,0,0,0,0,0,0,0,0,0,0,0,0,0,0,0,0,0,0,0,0,0,0
10,81,13,28,1,86,1,96,13,2,0,50,2,33,50,0,0,0,0,0,0,207,99,180,0,0,0,0,0,0,0
1,19,13,10,10,87,0,0,0,0,0,0,0,0,0,0,0,0,0,0,0,0,0,0,0,0,0,0,0,0,0
10,81,14,28,1,86,1,96,13,1,0,50,2,33,50,0,4,0,0,0,0,67,250,165,0,0,0,0,0,0,0
1,19,14,10,10,84,0,0,0,0,0,0,0,0,0,0,0,0,0,0,0,0,0,0,0,0,0,0,0,0,0
10,81,15,28,1,86,1,96,13,1,0,50,2,33,50,0,5,0,0,0,0,233,171,94,0,0,0,0,0,0,0
1,19,15,10,10,85,0,0,0,0,0,0,0,0,0,0,0,0,0,0,0,0,0,0,0,0,0,0,0,0,0
1,5,15,22,255,32,0,250,64,0,0,0,0,1,34,1,0,18,0,0,0,0,0,0,0,0,0,0,0,0,0
1,5,15,22,255,32,0,250,49,10,0,0,0,1,34,1,0,105,0,0,0,0,0,0,0,0,0,0,0,0,0
1,5,15,22,255,32,0,250,49,13,0,0,0,1,34,1,0,110,0,0,0,0,0,0,0,0,0,0,0,0,0
1,5,15,22,255,32,0,250,49,16,0,0,0,1,34,1,0,115,0,0,0,0,0,0,0,0,0,0,0,0,0
1,5,15,22,255,32,0,250,49,9,0,0,0,1,34,1,0,106,0,0,0,0,0,0,0,0,0,0,0,0,0
1,1,1,13,255,1,8,5,183,0,0,0,0,0,0,0,0,0,0,0,0,0,0,0,0,0,0,0,0,0,0
0,1,1,34,255,1,1,211,156,1,3,1,94,134,112,114,89,133,115,142,96,90,85,152,159,108,122,113,121,211,0
1,65,2,17,0,1,3,19,203,149,163,74,58,0,0,0,0,0,0,0,0,0,0,0,0,0,0,0,0,0,0
0,3,2,10,1,197,0,0,0,0,0,0,0,0,0,0,0,0,0,0,0,0,0,0,0,0,0,0,0,0,0
10,81,1,28,1,86,1,96,13,1,0,50,2,33,50,0,11,0,0,0,0,38,3,57,0,0,0,0,0,0,0
1,19,1,10,10,91,0,0,0,0,0,0,0,0,0,0,0,0,0,0,0,0,0,0,0,0,0,0,0,0,0
10,81,2,28,1,86,1,96,13,1,0,50,2,33,50,0,5,0,0,0,0,233,171,83,0,0,0,0,0,0,0
1,19,2,10,10,88,0,0,0,0,0,0,0,0,0,0,0,0,0,0,0,0,0,0,0,0,0,0,0,0,0
10,81,3,28,1,86,1,96,13,1,0,50,2,33,50,0,10,0,0,0,0,140,82,193,0,0,0,0,0,0,0
1,19,3,10,10,89,0,0,0,0,0,0,0,0,0,0,0,0,0,0,0,0,0,0,0,0,0,0,0,0,0
10,81,4,28,1,86,1,96,13,1,0,50,2,33,50,0,6,0,0,0,0,7,121,106,0,0,0,0,0,0,0
1,19,4,10,10,94,0,0,0,0,0,0,0,0,0,0,0,0,0,0,0,0,0,0,0,0,0,0,0,0,0
10,81,5,28,1,86,1,96,13,1,0,50,2,33,50,0,5,0,0,0,0,233,171,84,0,0,0,0,0,0,0
1,19,5,10,10,95,0,0,0,0,0,0,0,0,0,0,0,0,0,0,0,0,0,0,0,0,0,0,0,0,0
10,81,6,28,1,86,1,96,13,1,0,50,2,33,50,0,7,0,0,0,0,173,40,146,0,0,0,0,0,0,0
1,19,6,10,10,92,0,0,0,0,0,0,0,0,0,0,0,0,0,0,0,0,0,0,0,0,0,0,0,0,0
1,65,6,13,10,32,2,93,196,0,0,0,0,0,0,0,0,0,0,0,0,0,0,0,0,0,0,0,0,0,0
10,3,6,11,1,234,194,0,0,0,0,0,0,0,0,0,0,0,0,0,0,0,0,0,0,0,0,0,0,0,0
10,65,3,14,1,32,3,255,7,250,0,0,0,0,0,0,0,0,0,0,0,0,0,0,0,0,0,0,0,0,0
1,3,3,11,10,92,166,0,0,0,0,0,0,0,0,0,0,0,0,0,0,0,0,0,0,0,0,0,0,0,0
10,65,4,29,1,86,1,96,13,1,0,50,2,33,50,0,12,0,0,0,0,65,215,212,221,0,0,0,0,0,0
1,3,4,11,10,217,54,0,0,0,0,0,0,0,0,0,0,0,0,0,0,0,0,0,0,0,0,0,0,0,0
10,65,5,29,1,86,1,96,13,1,0,50,2,33,50,0,12,0,0,0,0,65,215,1,43,0,0,0,0,0,0
1,3,5,11,10,238,6,0,0,0,0,0,0,0,0,0,0,0,0,0,0,0,0,0,0,0,0,0,0,0,0
10,65,6,29,1,86,1,96,13,1,0,50,2,33,50,0,16,0,0,0,0,206,166,111,16,0,0,0,0,0,0
1,3,6,11,10,183,86,0,0,0,0,0,0,0,0,0,0,0,0,0,0,0,0,0,0,0,0,0,0,0,0
10,65,7,29,1,86,1,96,13,1,0,50,2,33,50,0,16,0,0,0,0,206,166,186,230,0,0,0,0,0,0
1,3,7,11,10,128,102,0,0,0,0,0,0,0,0,0,0,0,0,0,0,0,0,0,0,0,0,0,0,0,0
1,65,10,17,16,86,1,32,2,77,38,171,25,0,0,0,0,0,0,0,0,0,0,0,0,0,0,0,0,0,0
16,65,3,18,1,86,1,32,3,0,140,88,91,137,0,0,0,0,0,0,0,0,0,0,0,0,0,0,0,0,0
1,3,3,11,16,239,221,0,0,0,0,0,0,0,0,0,0,0,0,0,0,0,0,0,0,0,0,0,0,0,0
1,65,11,13,13,32,2,249,46,0,0,0,0,0,0,0,0,0,0,0,0,0,0,0,0,0,0,0,0,0,0
13,3,11,11,1,207,71,0,0,0,0,0,0,0,0,0,0,0,0,0,0,0,0,0,0,0,0,0,0,0,0
13,65,6,14,1,32,3,0,157,19,0,0,0,0,0,0,0,0,0,0,0,0,0,0,0,0,0,0,0,0,0
1,3,6,11,13,199,177,0,0,0,0,0,0,0,0,0,0,0,0,0,0,0,0,0,0,0,0,0,0,0,0
15,65,1,13,1,32,1,255,213,0,0,0,0,0,0,0,0,0,0,0,0,0,0,0,0,0,0,0,0,0,0
1,3,1,10,15,78,0,0,0,0,0,0,0,0,0,0,0,0,0,0,0,0,0,0,0,0,0,0,0,0,0
15,65,2,20,1,113,5,7,255,0,255,7,2,0,0,103,0,0,0,0,0,0,0,0,0,0,0,0,0,0,0
1,3,2,10,15,77,0,0,0,0,0,0,0,0,0,0,0,0,0,0,0,0,0,0,0,0,0,0,0,0,0
1,65,2,17,9,86,1,32,2,77,38,158,81,0,0,0,0,0,0,0,0,0,0,0,0,0,0,0,0,0,0
9,3,2,11,1,216,208,0,0,0,0,0,0,0,0,0,0,0,0,0,0,0,0,0,0,0,0,0,0,0,0
9,65,12,18,1,86,1,32,3,0,140,88,34,181,0,0,0,0,0,0,0,0,0,0,0,0,0,0,0,0,0
1,3,12,11,9,64,244,0,0,0,0,0,0,0,0,0,0,0,0,0,0,0,0,0,0,0,0,0,0,0,0
15,65,1,12,1,132,7,137,0,0,0,0,0,0,0,0,0,0,0,0,0,0,0,0,0,0,0,0,0,0,0
1,3,1,10,15,78,0,0,0,0,0,0,0,0,0,0,0,0,0,0,0,0,0,0,0,0,0,0,0,0,0
1,65,2,12,15,132,8,133,0,0,0,0,0,0,0,0,0,0,0,0,0,0,0,0,0,0,0,0,0,0,0
15,3,2,10,1,77,0,0,0,0,0,0,0,0,0,0,0,0,0,0,0,0,0,0,0,0,0,0,0,0,0
15,65,1,13,1,32,1,0,42,0,0,0,0,0,0,0,0,0,0,0,0,0,0,0,0,0,0,0,0,0,0
1,3,1,10,15,78,0,0,0,0,0,0,0,0,0,0,0,0,0,0,0,0,0,0,0,0,0,0,0,0,0
15,65,2,20,1,113,5,7,0,0,255,7,2,0,0,152,0,0,0,0,0,0,0,0,0,0,0,0,0,0,0
1,3,2,10,15,77,0,0,0,0,0,0,0,0,0,0,0,0,0,0,0,0,0,0,0,0,0,0,0,0,0
1,65,6,13,10,32,2,93,196,0,0,0,0,0,0,0,0,0,0,0,0,0,0,0,0,0,0,0,0,0,0
10,3,6,11,1,234,194,0,0,0,0,0,0,0,0,0,0,0,0,0,0,0,0,0,0,0,0,0,0,0,0
10,65,8,14,1,32,3,255,196,88,0,0,0,0,0,0,0,0,0,0,0,0,0,0,0,0,0,0,0,0,0
1,3,8,11,10,172,87,0,0,0,0,0,0,0,0,0,0,0,0,0,0,0,0,0,0,0,0,0,0,0,0
10,65,9,33,1,86,1,96,13,2,0,50,2,33,68,0,0,0,6,0,0,0,0,0,0,78,50,191,80,0,0
1,3,9,11,10,155,103,0,0,0,0,0,0,0,0,0,0,0,0,0,0,0,0,0,0,0,0,0,0,0,0
1,65,1,17,16,86,1,32,2,77,38,175,162,0,0,0,0,0,0,0,0,0,0,0,0,0,0,0,0,0,0
16,65,4,18,1,86,1,32,3,0,140,88,71,115,0,0,0,0,0,0,0,0,0,0,0,0,0,0,0,0,0
1,3,4,11,16,106,77,0,0,0,0,0,0,0,0,0,0,0,0,0,0,0,0,0,0,0,0,0,0,0,0
7,3,4,10,1,67,0,0,0,0,0,0,0,0,0,0,0,0,0,0,0,0,0,0,0,0,0,0,0,0,0
1,3,1,10,7,70,0,0,0,0,0,0,0,0,0,0,0,0,0,0,0,0,0,0,0,0,0,0,0,0,0
15,65,1,13,1,32,1,255,213,0,0,0,0,0,0,0,0,0,0,0,0,0,0,0,0,0,0,0,0,0,0
1,3,1,10,15,78,0,0,0,0,0,0,0,0,0,0,0,0,0,0,0,0,0,0,0,0,0,0,0,0,0
15,65,2,20,1,113,5,7,255,0,255,7,2,0,0,103,0,0,0,0,0,0,0,0,0,0,0,0,0,0,0
1,3,2,10,15,77,0,0,0,0,0,0,0,0,0,0,0,0,0,0,0,0,0,0,0,0,0,0,0,0,0
1,65,1,13,13,32,2,191,128,0,0,0,0,0,0,0,0,0,0,0,0,0,0,0,0,0,0,0,0,0,0
13,3,1,11,1,8,134,0,0,0,0,0,0,0,0,0,0,0,0,0,0,0,0,0,0,0,0,0,0,0,0
13,65,7,14,1,32,3,0,216,179,0,0,0,0,0,0,0,0,0,0,0,0,0,0,0,0,0,0,0,0,0
1,3,7,11,13,240,129,0,0,0,0,0,0,0,0,0,0,0,0,0,0,0,0,0,0,0,0,0,0,0,0
1,65,5,12,8,37,2,46,0,0,0,0,0,0,0,0,0,0,0,0,0,0,0,0,0,0,0,0,0,0,0
1,65,5,12,8,37,2,46,0,0,0,0,0,0,0,0,0,0,0,0,0,0,0,0,0,0,0,0,0,0,0
1,65,5,12,8,37,2,46,0,0,0,0,0,0,0,0,0,0,0,0,0,0,0,0,0,0,0,0,0,0,0
1,65,6,12,8,37,2,45,0,0,0,0,0,0,0,0,0,0,0,0,0,0,0,0,0,0,0,0,0,0,0
8,3,6,10,1,78,0,0,0,0,0,0,0,0,0,0,0,0,0,0,0,0,0,0,0,0,0,0,0,0,0
8,65,65,13,1,37,3,0,106,0,0,0,0,0,0,0,0,0,0,0,0,0,0,0,0,0,0,0,0,0,0
1,3,1,10,8,73,0,0,0,0,0,0,0,0,0,0,0,0,0,0,0,0,0,0,0,0,0,0,0,0,0
1,65,7,17,9,86,1,32,2,77,38,233,157,0,0,0,0,0,0,0,0,0,0,0,0,0,0,0,0,0,0
9,3,7,11,1,51,32,0,0,0,0,0,0,0,0,0,0,0,0,0,0,0,0,0,0,0,0,0,0,0,0
9,65,13,18,1,86,1,32,3,0,140,88,77,240,0,0,0,0,0,0,0,0,0,0,0,0,0,0,0,0,0
1,3,13,11,9,119,196,0,0,0,0,0,0,0,0,0,0,0,0,0,0,0,0,0,0,0,0,0,0,0,0
15,65,1,13,1,32,1,0,42,0,0,0,0,0,0,0,0,0,0,0,0,0,0,0,0,0,0,0,0,0,0
1,3,1,10,15,78,0,0,0,0,0,0,0,0,0,0,0,0,0,0,0,0,0,0,0,0,0,0,0,0,0
15,65,2,20,1,113,5,7,0,0,255,7,2,0,0,152,0,0,0,0,0,0,0,0,0,0,0,0,0,0,0
1,3,2,10,15,77,0,0,0,0,0,0,0,0,0,0,0,0,0,0,0,0,0,0,0,0,0,0,0,0,0
1,65,8,13,10,32,2,146,108,0,0,0,0,0,0,0,0,0,0,0,0,0,0,0,0,0,0,0,0,0,0
10,3,8,11,1,241,195,0,0,0,0,0,0,0,0,0,0,0,0,0,0,0,0,0,0,0,0,0,0,0,0
10,65,10,14,1,32,3,255,79,24,0,0,0,0,0,0,0,0,0,0,0,0,0,0,0,0,0,0,0,0,0
1,3,10,11,10,194,55,0,0,0,0,0,0,0,0,0,0,0,0,0,0,0,0,0,0,0,0,0,0,0,0
1,65,3,17,16,86,1,32,2,77,38,105,197,0,0,0,0,0,0,0,0,0,0,0,0,0,0,0,0,0,0
16,3,3,11,1,67,198,0,0,0,0,0,0,0,0,0,0,0,0,0,0,0,0,0,0,0,0,0,0,0,0
16,65,5,18,1,86,1,32,3,0,140,88,40,54,0,0,0,0,0,0,0,0,0,0,0,0,0,0,0,0,0
1,3,5,11,16,93,125,0,0,0,0,0,0,0,0,0,0,0,0,0,0,0,0,0,0,0,0,0,0,0,0
15,65,1,15,1,49,5,1,9,71,114,0,0,0,0,0,0,0,0,0,0,0,0,0,0,0,0,0,0,0,0
1,3,1,10,15,78,0,0,0,0,0,0,0,0,0,0,0,0,0,0,0,0,0,0,0,0,0,0,0,0,0
1,65,4,13,13,32,2,156,215,0,0,0,0,0,0,0,0,0,0,0,0,0,0,0,0,0,0,0,0,0,0
13,3,4,11,1,227,118,0,0,0,0,0,0,0,0,0,0,0,0,0,0,0,0,0,0,0,0,0,0,0,0
13,65,8,14,1,32,3,0,29,176,0,0,0,0,0,0,0,0,0,0,0,0,0,0,0,0,0,0,0,0,0
1,3,8,11,13,220,176,0,0,0,0,0,0,0,0,0,0,0,0,0,0,0,0,0,0,0,0,0,0,0,0
15,65,1,15,1,49,5,1,9,73,124,0,0,0,0,0,0,0,0,0,0,0,0,0,0,0,0,0,0,0,0
1,3,1,10,15,78,0,0,0,0,0,0,0,0,0,0,0,0,0,0,0,0,0,0,0,0,0,0,0,0,0
15,65,1,13,1,32,1,255,213,0,0,0,0,0,0,0,0,0,0,0,0,0,0,0,0,0,0,0,0,0,0
1,3,1,10,15,78,0,0,0,0,0,0,0,0,0,0,0,0,0,0,0,0,0,0,0,0,0,0,0,0,0
15,65,2,20,1,113,5,7,255,0,255,7,2,0,0,103,0,0,0,0,0,0,0,0,0,0,0,0,0,0,0
1,3,2,10,15,77,0,0,0,0,0,0,0,0,0,0,0,0,0,0,0,0,0,0,0,0,0,0,0,0,0
1,65,10,17,9,86,1,32,2,77,38,183,174,0,0,0,0,0,0,0,0,0,0,0,0,0,0,0,0,0,0
9,3,10,11,1,113,113,0,0,0,0,0,0,0,0,0,0,0,0,0,0,0,0,0,0,0,0,0,0,0,0
9,65,14,18,1,86,1,32,3,0,140,88,252,63,0,0,0,0,0,0,0,0,0,0,0,0,0,0,0,0,0
1,3,14,11,9,46,148,0,0,0,0,0,0,0,0,0,0,0,0,0,0,0,0,0,0,0,0,0,0,0,0
17,65,1,17,1,49,5,1,42,2,219,38,7,0,0,0,0,0,0,0,0,0,0,0,0,0,0,0,0,0,0
1,3,1,11,17,145,156,0,0,0,0,0,0,0,0,0,0,0,0,0,0,0,0,0,0,0,0,0,0,0,0
17,65,2,16,1,49,5,5,1,31,135,30,0,0,0,0,0,0,0,0,0,0,0,0,0,0,0,0,0,0,0
1,3,2,11,17,200,204,0,0,0,0,0,0,0,0,0,0,0,0,0,0,0,0,0,0,0,0,0,0,0,0
15,65,1,15,1,49,5,1,9,71,114,0,0,0,0,0,0,0,0,0,0,0,0,0,0,0,0,0,0,0,0
1,3,1,10,15,78,0,0,0,0,0,0,0,0,0,0,0,0,0,0,0,0,0,0,0,0,0,0,0,0,0
17,65,3,17,1,49,5,3,10,0,45,98,117,0,0,0,0,0,0,0,0,0,0,0,0,0,0,0,0,0,0
1,3,3,11,17,255,252,0,0,0,0,0,0,0,0,0,0,0,0,0,0,0,0,0,0,0,0,0,0,0,0
17,65,4,16,1,49,5,27,1,0,188,105,0,0,0,0,0,0,0,0,0,0,0,0,0,0,0,0,0,0,0
1,3,4,11,17,122,108,0,0,0,0,0,0,0,0,0,0,0,0,0,0,0,0,0,0,0,0,0,0,0,0
17,65,5,13,1,132,7,245,131,0,0,0,0,0,0,0,0,0,0,0,0,0,0,0,0,0,0,0,0,0,0
1,3,5,11,17,77,92,0,0,0,0,0,0,0,0,0,0,0,0,0,0,0,0,0,0,0,0,0,0,0,0
1,65,14,13,17,132,8,156,139,0,0,0,0,0,0,0,0,0,0,0,0,0,0,0,0,0,0,0,0,0,0
17,3,14,11,1,171,198,0,0,0,0,0,0,0,0,0,0,0,0,0,0,0,0,0,0,0,0,0,0,0,0
11,65,1,12,1,132,7,141,0,0,0,0,0,0,0,0,0,0,0,0,0,0,0,0,0,0,0,0,0,0,0
1,3,1,10,11,74,0,0,0,0,0,0,0,0,0,0,0,0,0,0,0,0,0,0,0,0,0,0,0,0,0
1,65,7,12,11,132,8,132,0,0,0,0,0,0,0,0,0,0,0,0,0,0,0,0,0,0,0,0,0,0,0
11,3,7,10,1,76,0,0,0,0,0,0,0,0,0,0,0,0,0,0,0,0,0,0,0,0,0,0,0,0,0
12,65,1,12,1,132,7,138,0,0,0,0,0,0,0,0,0,0,0,0,0,0,0,0,0,0,0,0,0,0,0
1,3,1,10,12,77,0,0,0,0,0,0,0,0,0,0,0,0,0,0,0,0,0,0,0,0,0,0,0,0,0
1,65,8,12,12,132,8,140,0,0,0,0,0,0,0,0,0,0,0,0,0,0,0,0,0,0,0,0,0,0,0
12,3,8,10,1,68,0,0,0,0,0,0,0,0,0,0,0,0,0,0,0,0,0,0,0,0,0,0,0,0,0
15,65,1,13,1,32,1,0,42,0,0,0,0,0,0,0,0,0,0,0,0,0,0,0,0,0,0,0,0,0,0
1,3,1,10,15,78,0,0,0,0,0,0,0,0,0,0,0,0,0,0,0,0,0,0,0,0,0,0,0,0,0
15,65,2,20,1,113,5,7,0,0,255,7,2,0,0,152,0,0,0,0,0,0,0,0,0,0,0,0,0,0,0
1,3,2,10,15,77,0,0,0,0,0,0,0,0,0,0,0,0,0,0,0,0,0,0,0,0,0,0,0,0,0
1,65,12,13,10,32,2,27,106,0,0,0,0,0,0,0,0,0,0,0,0,0,0,0,0,0,0,0,0,0,0
10,3,12,11,1,45,3,0,0,0,0,0,0,0,0,0,0,0,0,0,0,0,0,0,0,0,0,0,0,0,0
10,65,11,14,1,32,3,255,10,184,0,0,0,0,0,0,0,0,0,0,0,0,0,0,0,0,0,0,0,0,0
1,3,11,11,10,245,7,0,0,0,0,0,0,0,0,0,0,0,0,0,0,0,0,0,0,0,0,0,0,0,0
10,65,12,33,1,86,1,96,13,2,0,50,2,33,68,0,0,0,7,0,0,0,0,0,0,246,83,252,21,0,0
1,3,12,11,10,112,151,0,0,0,0,0,0,0,0,0,0,0,0,0,0,0,0,0,0,0,0,0,0,0,0
1,65,7,17,16,86,1,32,2,77,38,245,42,0,0,0,0,0,0,0,0,0,0,0,0,0,0,0,0,0,0
16,3,7,11,1,159,6,0,0,0,0,0,0,0,0,0,0,0,0,0,0,0,0,0,0,0,0,0,0,0,0
16,65,6,18,1,86,1,32,3,0,140,88,153,249,0,0,0,0,0,0,0,0,0,0,0,0,0,0,0,0,0
1,3,6,11,16,4,45,0,0,0,0,0,0,0,0,0,0,0,0,0,0,0,0,0,0,0,0,0,0,0,0
10,65,13,33,1,86,1,96,13,1,0,50,2,33,68,0,0,0,0,0,0,0,0,0,0,7,90,185,161,0,0
1,3,13,11,10,71,167,0,0,0,0,0,0,0,0,0,0,0,0,0,0,0,0,0,0,0,0,0,0,0,0
1,65,8,13,13,32,2,23,252,0,0,0,0,0,0,0,0,0,0,0,0,0,0,0,0,0,0,0,0,0,0
13,3,8,11,1,150,23,0,0,0,0,0,0,0,0,0,0,0,0,0,0,0,0,0,0,0,0,0,0,0,0
13,65,9,14,1,32,3,0,88,16,0,0,0,0,0,0,0,0,0,0,0,0,0,0,0,0,0,0,0,0,0
1,3,9,11,13,235,128,0,0,0,0,0,0,0,0,0,0,0,0,0,0,0,0,0,0,0,0,0,0,0,0
1,65,14,17,9,86,1,32,2,77,38,43,65,0,0,0,0,0,0,0,0,0,0,0,0,0,0,0,0,0,0
9,3,14,11,1,173,177,0,0,0,0,0,0,0,0,0,0,0,0,0,0,0,0,0,0,0,0,0,0,0,0
9,65,15,18,1,86,1,32,3,0,140,88,147,122,0,0,0,0,0,0,0,0,0,0,0,0,0,0,0,0,0
1,3,15,11,9,25,164,0,0,0,0,0,0,0,0,0,0,0,0,0,0,0,0,0,0,0,0,0,0,0,0
10,65,14,29,1,86,1,96,13,2,0,50,2,33,50,0,0,0,0,0,0,207,99,160,102,0,0,0,0,0,0
1,3,14,11,10,30,247,0,0,0,0,0,0,0,0,0,0,0,0,0,0,0,0,0,0,0,0,0,0,0,0
15,65,1,13,1,32,1,255,213,0,0,0,0,0,0,0,0,0,0,0,0,0,0,0,0,0,0,0,0,0,0
1,3,1,10,15,78,0,0,0,0,0,0,0,0,0,0,0,0,0,0,0,0,0,0,0,0,0,0,0,0,0
15,65,2,20,1,113,5,7,255,0,255,7,2,0,0,103,0,0,0,0,0,0,0,0,0,0,0,0,0,0,0
1,3,2,10,15,77,0,0,0,0,0,0,0,0,0,0,0,0,0,0,0,0,0,0,0,0,0,0,0,0,0
15,65,1,13,1,32,1,0,42,0,0,0,0,0,0,0,0,0,0,0,0,0,0,0,0,0,0,0,0,0,0
1,3,1,10,15,78,0,0,0,0,0,0,0,0,0,0,0,0,0,0,0,0,0,0,0,0,0,0,0,0,0
15,65,2,20,1,113,5,7,0,0,255,7,2,0,0,152,0,0,0,0,0,0,0,0,0,0,0,0,0,0,0
1,3,2,10,15,77,0,0,0,0,0,0,0,0,0,0,0,0,0,0,0,0,0,0,0,0,0,0,0,0,0
1,65,15,13,10,32,2,245,184,0,0,0,0,0,0,0,0,0,0,0,0,0,0,0,0,0,0,0,0,0,0
10,3,15,11,1,116,83,0,0,0,0,0,0,0,0,0,0,0,0,0,0,0,0,0,0,0,0,0,0,0,0
10,65,15,14,1,32,3,255,12,25,0,0,0,0,0,0,0,0,0,0,0,0,0,0,0,0,0,0,0,0,0
1,3,15,11,10,41,199,0,0,0,0,0,0,0,0,0,0,0,0,0,0,0,0,0,0,0,0,0,0,0,0
15,65,1,13,1,32,1,255,213,0,0,0,0,0,0,0,0,0,0,0,0,0,0,0,0,0,0,0,0,0,0
1,3,1,10,15,78,0,0,0,0,0,0,0,0,0,0,0,0,0,0,0,0,0,0,0,0,0,0,0,0,0
15,65,2,20,1,113,5,7,255,0,255,7,2,0,0,103,0,0,0,0,0,0,0,0,0,0,0,0,0,0,0
1,3,2,10,15,77,0,0,0,0,0,0,0,0,0,0,0,0,0,0,0,0,0,0,0,0,0,0,0,0,0
10,65,1,29,1,86,1,96,13,1,0,50,2,33,50,0,16,0,0,0,0,206,166,102,144,0,0,0,0,0,0
1,3,1,11,10,50,198,0,0,0,0,0,0,0,0,0,0,0,0,0,0,0,0,0,0,0,0,0,0,0,0
1,65,10,17,16,86,1,32,2,77,38,171,25,0,0,0,0,0,0,0,0,0,0,0,0,0,0,0,0,0,0
16,65,7,18,1,86,1,32,3,0,140,88,246,188,0,0,0,0,0,0,0,0,0,0,0,0,0,0,0,0,0
1,3,7,11,16,51,29,0,0,0,0,0,0,0,0,0,0,0,0,0,0,0,0,0,0,0,0,0,0,0,0
15,65,1,13,1,32,1,0,42,0,0,0,0,0,0,0,0,0,0,0,0,0,0,0,0,0,0,0,0,0,0
1,3,1,10,15,78,0,0,0,0,0,0,0,0,0,0,0,0,0,0,0,0,0,0,0,0,0,0,0,0,0
15,65,2,20,1,113,5,7,0,0,255,7,2,0,0,152,0,0,0,0,0,0,0,0,0,0,0,0,0,0,0
1,3,2,10,15,77,0,0,0,0,0,0,0,0,0,0,0,0,0,0,0,0,0,0,0,0,0,0,0,0,0
1,65,11,13,13,32,2,249,46,0,0,0,0,0,0,0,0,0,0,0,0,0,0,0,0,0,0,0,0,0,0
13,3,11,11,1,207,71,0,0,0,0,0,0,0,0,0,0,0,0,0,0,0,0,0,0,0,0,0,0,0,0
13,65,10,14,1,32,3,0,150,240,0,0,0,0,0,0,0,0,0,0,0,0,0,0,0,0,0,0,0,0,0
1,3,10,11,13,178,208,0,0,0,0,0,0,0,0,0,0,0,0,0,0,0,0,0,0,0,0,0,0,0,0
1,65,2,17,9,86,1,32,2,77,38,158,81,0,0,0,0,0,0,0,0,0,0,0,0,0,0,0,0,0,0
9,3,2,11,1,216,208,0,0,0,0,0,0,0,0,0,0,0,0,0,0,0,0,0,0,0,0,0,0,0,0
9,65,1,18,1,86,1,32,3,0,140,88,170,142,0,0,0,0,0,0,0,0,0,0,0,0,0,0,0,0,0
1,3,1,11,9,2,165,0,0,0,0,0,0,0,0,0,0,0,0,0,0,0,0,0,0,0,0,0,0,0,0
10,65,2,33,1,86,1,96,13,2,0,50,2,33,68,0,0,0,8,0,0,0,0,0,0,124,186,124,110,0,0
1,3,2,11,10,107,150,0,0,0,0,0,0,0,0,0,0,0,0,0,0,0,0,0,0,0,0,0,0,0,0
1,65,3,13,10,32,2,126,147,0,0,0,0,0,0,0,0,0,0,0,0,0,0,0,0,0,0,0,0,0,0
10,3,3,11,1,1,50,0,0,0,0,0,0,0,0,0,0,0,0,0,0,0,0,0,0,0,0,0,0,0,0
10,65,3,14,1,32,3,255,7,250,0,0,0,0,0,0,0,0,0,0,0,0,0,0,0,0,0,0,0,0,0
1,3,3,11,10,92,166,0,0,0,0,0,0,0,0,0,0,0,0,0,0,0,0,0,0,0,0,0,0,0,0
15,65,1,13,1,32,1,255,213,0,0,0,0,0,0,0,0,0,0,0,0,0,0,0,0,0,0,0,0,0,0
1,3,1,10,15,78,0,0,0,0,0,0,0,0,0,0,0,0,0,0,0,0,0,0,0,0,0,0,0,0,0
15,65,2,20,1,113,5,7,255,0,255,7,2,0,0,103,0,0,0,0,0,0,0,0,0,0,0,0,0,0,0
1,3,2,10,15,77,0,0,0,0,0,0,0,0,0,0,0,0,0,0,0,0,0,0,0,0,0,0,0,0,0
1,65,13,17,16,86,1,32,2,77,38,26,178,0,0,0,0,0,0,0,0,0,0,0,0,0,0,0,0,0,0
16,3,13,11,1,88,199,0,0,0,0,0,0,0,0,0,0,0,0,0,0,0,0,0,0,0,0,0,0,0,0
16,65,8,18,1,86,1,32,3,0,140,88,160,13,0,0,0,0,0,0,0,0,0,0,0,0,0,0,0,0,0
1,3,8,11,16,31,44,0,0,0,0,0,0,0,0,0,0,0,0,0,0,0,0,0,0,0,0,0,0,0,0
15,65,1,12,1,132,7,137,0,0,0,0,0,0,0,0,0,0,0,0,0,0,0,0,0,0,0,0,0,0,0
1,3,1,10,15,78,0,0,0,0,0,0,0,0,0,0,0,0,0,0,0,0,0,0,0,0,0,0,0,0,0
1,65,9,12,15,132,8,142,0,0,0,0,0,0,0,0,0,0,0,0,0,0,0,0,0,0,0,0,0,0,0
15,3,9,10,1,70,0,0,0,0,0,0,0,0,0,0,0,0,0,0,0,0,0,0,0,0,0,0,0,0,0
1,65,13,13,13,32,2,52,171,0,0,0,0,0,0,0,0,0,0,0,0,0,0,0,0,0,0,0,0,0,0
13,3,13,11,1,125,231,0,0,0,0,0,0,0,0,0,0,0,0,0,0,0,0,0,0,0,0,0,0,0,0
13,65,11,14,1,32,3,0,211,80,0,0,0,0,0,0,0,0,0,0,0,0,0,0,0,0,0,0,0,0,0
1,3,11,11,13,133,224,0,0,0,0,0,0,0,0,0,0,0,0,0,0,0,0,0,0,0,0,0,0,0,0
15,65,1,13,1,32,1,0,42,0,0,0,0,0,0,0,0,0,0,0,0,0,0,0,0,0,0,0,0,0,0
1,3,1,10,15,78,0,0,0,0,0,0,0,0,0,0,0,0,0,0,0,0,0,0,0,0,0,0,0,0,0
15,65,2,20,1,113,5,7,0,0,255,7,2,0,0,152,0,0,0,0,0,0,0,0,0,0,0,0,0,0,0
1,3,2,10,15,77,0,0,0,0,0,0,0,0,0,0,0,0,0,0,0,0,0,0,0,0,0,0,0,0,0
1,65,4,17,9,86,1,32,2,77,38,196,217,0,0,0,0,0,0,0,0,0,0,0,0,0,0,0,0,0,0
9,3,4,11,1,106,112,0,0,0,0,0,0,0,0,0,0,0,0,0,0,0,0,0,0,0,0,0,0,0,0
9,65,2,18,1,86,1,32,3,0,140,88,27,65,0,0,0,0,0,0,0,0,0,0,0,0,0,0,0,0,0
1,3,2,11,9,91,245,0,0,0,0,0,0,0,0,0,0,0,0,0,0,0,0,0,0,0,0,0,0,0,0
1,65,8,13,10,32,2,146,108,0,0,0,0,0,0,0,0,0,0,0,0,0,0,0,0,0,0,0,0,0,0
10,3,8,11,1,241,195,0,0,0,0,0,0,0,0,0,0,0,0,0,0,0,0,0,0,0,0,0,0,0,0
10,65,4,14,1,32,3,255,207,187,0,0,0,0,0,0,0,0,0,0,0,0,0,0,0,0,0,0,0,0,0
1,3,4,11,10,217,54,0,0,0,0,0,0,0,0,0,0,0,0,0,0,0,0,0,0,0,0,0,0,0,0
1,5,1,22,255,32,0,250,64,0,0,0,0,1,34,0,0,21,0,0,0,0,0,0,0,0,0,0,0,0,0
64,65,1,13,1,32,1,255,213,0,0,0,0,0,0,0,0,0,0,0,0,0,0,0,0,0,0,0,0,0,0
64,3,1,10,15,78,0,0,0,0,0,0,0,0,0,0,0,0,0,0,0,0,0,0,0,0,0,0,0,0,0
64,65,2,20,1,113,5,7,255,0,255,7,2,0,0,103,0,0,0,0,0,0,0,0,0,0,0,0,0,0,0
64,3,2,10,15,77,0,0,0,0,0,0,0,0,0,0,0,0,0,0,0,0,0,0,0,0,0,0,0,0,0
64,65,10,13,13,32,2,83,127,0,0,0,0,0,0,0,0,0,0,0,0,0,0,0,0,0,0,0,0,0,0
64,3,10,11,1,248,119,0,0,0,0,0,0,0,0,0,0,0,0,0,0,0,0,0,0,0,0,0,0,0,0
64,65,4,14,1,32,3,0,22,83,0,0,0,0,0,0,0,0,0,0,0,0,0,0,0,0,0,0,0,0,0
64,3,4,11,13,169,209,0,0,0,0,0,0,0,0,0,0,0,0,0,0,0,0,0,0,0,0,0,0,0,0
64,65,1,13,1,32,1,0,42,0,0,0,0,0,0,0,0,0,0,0,0,0,0,0,0,0,0,0,0,0,0
64,3,1,10,15,78,0,0,0,0,0,0,0,0,0,0,0,0,0,0,0,0,0,0,0,0,0,0,0,0,0
64,65,2,20,1,113,5,7,0,0,255,7,2,0,0,152,0,0,0,0,0,0,0,0,0,0,0,0,0,0,0
64,3,2,10,15,77,0,0,0,0,0,0,0,0,0,0,0,0,0,0,0,0,0,0,0,0,0,0,0,0,0
64,65,1,12,1,132,7,137,0,0,0,0,0,0,0,0,0,0,0,0,0,0,0,0,0,0,0,0,0,0,0
64,3,1,10,15,78,0,0,0,0,0,0,0,0,0,0,0,0,0,0,0,0,0,0,0,0,0,0,0,0,0
64,65,7,12,15,132,8,128,0,0,0,0,0,0,0,0,0,0,0,0,0,0,0,0,0,0,0,0,0,0,0
64,3,7,10,1,72,0,0,0,0,0,0,0,0,0,0,0,0,0,0,0,0,0,0,0,0,0,0,0,0,0
64,65,15,13,10,32,2,245,184,0,0,0,0,0,0,0,0,0,0,0,0,0,0,0,0,0,0,0,0,0,0
64,3,15,11,1,116,83,0,0,0,0,0,0,0,0,0,0,0,0,0,0,0,0,0,0,0,0,0,0,0,0
64,65,12,14,1,32,3,0,220,9,0,0,0,0,0,0,0,0,0,0,0,0,0,0,0,0,0,0,0,0,0
64,3,12,11,10,112,151,0,0,0,0,0,0,0,0,0,0,0,0,0,0,0,0,0,0,0,0,0,0,0,0
64,65,9,17,16,86,1,32,2,77,38,134,93,0,0,0,0,0,0,0,0,0,0,0,0,0,0,0,0,0,0
64,3,9,11,1,132,7,0,0,0,0,0,0,0,0,0,0,0,0,0,0,0,0,0,0,0,0,0,0,0,0
64,65,2,18,1,86,1,32,3,0,140,88,52,204,0,0,0,0,0,0,0,0,0,0,0,0,0,0,0,0,0
64,3,2,11,16,216,237,0,0,0,0,0,0,0,0,0,0,0,0,0,0,0,0,0,0,0,0,0,0,0,0
64,65,14,17,9,86,1,32,2,77,38,43,65,0,0,0,0,0,0,0,0,0,0,0,0,0,0,0,0,0,0
64,3,14,11,1,173,177,0,0,0,0,0,0,0,0,0,0,0,0,0,0,0,0,0,0,0,0,0,0,0,0
64,65,8,18,1,86,1,32,3,0,140,88,143,128,0,0,0,0,0,0,0,0,0,0,0,0,0,0,0,0,0
64,3,8,11,9,156,52,0,0,0,0,0,0,0,0,0,0,0,0,0,0,0,0,0,0,0,0,0,0,0,0
64,65,1,16,1,49,5,1,42,2,239,250,0,0,0,0,0,0,0,0,0,0,0,0,0,0,0,0,0,0,0
64,3,1,10,17,80,0,0,0,0,0,0,0,0,0,0,0,0,0,0,0,0,0,0,0,0,0,0,0,0,0
64,65,2,15,1,49,5,5,1,24,60,0,0,0,0,0,0,0,0,0,0,0,0,0,0,0,0,0,0,0,0
64,3,2,10,17,83,0,0,0,0,0,0,0,0,0,0,0,0,0,0,0,0,0,0,0,0,0,0,0,0,0
64,65,3,13,1,128,3,88,204,0,0,0,0,0,0,0,0,0,0,0,0,0,0,0,0,0,0,0,0,0,0
64,3,3,10,17,82,0,0,0,0,0,0,0,0,0,0,0,0,0,0,0,0,0,0,0,0,0,0,0,0,0
64,65,4,16,1,49,5,3,10,0,0,48,0,0,0,0,0,0,0,0,0,0,0,0,0,0,0,0,0,0,0
64,3,4,10,17,85,0,0,0,0,0,0,0,0,0,0,0,0,0,0,0,0,0,0,0,0,0,0,0,0,0
64,65,5,15,1,49,5,27,1,0,61,0,0,0,0,0,0,0,0,0,0,0,0,0,0,0,0,0,0,0,0
64,3,5,10,17,84,0,0,0,0,0,0,0,0,0,0,0,0,0,0,0,0,0,0,0,0,0,0,0,0,0
64,65,6,12,1,132,7,144,0,0,0,0,0,0,0,0,0,0,0,0,0,0,0,0,0,0,0,0,0,0,0
64,3,6,10,17,87,0,0,0,0,0,0,0,0,0,0,0,0,0,0,0,0,0,0,0,0,0,0,0,0,0
64,65,8,12,17,114,4,107,0,0,0,0,0,0,0,0,0,0,0,0,0,0,0,0,0,0,0,0,0,0,0
64,3,8,10,1,89,0,0,0,0,0,0,0,0,0,0,0,0,0,0,0,0,0,0,0,0,0,0,0,0,0
64,65,7,18,1,114,5,0,134,1,2,0,100,154,0,0,0,0,0,0,0,0,0,0,0,0,0,0,0,0,0
64,3,7,10,17,86,0,0,0,0,0,0,0,0,0,0,0,0,0,0,0,0,0,0,0,0,0,0,0,0,0
64,65,9,14,17,133,1,1,1,154,0,0,0,0,0,0,0,0,0,0,0,0,0,0,0,0,0,0,0,0,0
64,3,9,10,1,88,0,0,0,0,0,0,0,0,0,0,0,0,0,0,0,0,0,0,0,0,0,0,0,0,0
64,65,10,18,17,112,4,101,4,0,0,0,240,228,0,0,0,0,0,0,0,0,0,0,0,0,0,0,0,0,0
64,3,10,10,1,91,0,0,0,0,0,0,0,0,0,0,0,0,0,0,0,0,0,0,0,0,0,0,0,0,0
64,65,11,18,17,112,4,102,4,0,0,0,1,23,0,0,0,0,0,0,0,0,0,0,0,0,0,0,0,0,0
64,65,11,18,17,112,4,102,4,0,0,0,1,23,0,0,0,0,0,0,0,0,0,0,0,0,0,0,0,0,0
64,65,11,18,17,112,4,102,4,0,0,0,1,23,0,0,0,0,0,0,0,0,0,0,0,0,0,0,0,0,0
64,65,1,19,17,112,4,102,4,0,0,0,1,118,108,0,0,0,0,0,0,0,0,0,0,0,0,0,0,0,0
64,65,1,19,17,112,4,102,4,0,0,0,1,118,108,0,0,0,0,0,0,0,0,0,0,0,0,0,0,0,0
64,81,1,18,17,112,4,102,4,0,0,0,1,13,0,0,0,0,0,0,0,0,0,0,0,0,0,0,0,0,0
64,3,11,10,1,90,0,0,0,0,0,0,0,0,0,0,0,0,0,0,0,0,0,0,0,0,0,0,0,0,0
64,3,1,11,1,135,247,0,0,0,0,0,0,0,0,0,0,0,0,0,0,0,0,0,0,0,0,0,0,0,0
64,19,1,10,1,64,0,0,0,0,0,0,0,0,0,0,0,0,0,0,0,0,0,0,0,0,0,0,0,0,0
64,65,12,16,17,112,4,3,2,0,20,100,0,0,0,0,0,0,0,0,0,0,0,0,0,0,0,0,0,0,0
64,3,12,10,1,93,0,0,0,0,0,0,0,0,0,0,0,0,0,0,0,0,0,0,0,0,0,0,0,0,0
64,65,13,15,17,112,4,4,1,5,111,0,0,0,0,0,0,0,0,0,0,0,0,0,0,0,0,0,0,0,0
64,65,13,15,17,112,4,4,1,5,111,0,0,0,0,0,0,0,0,0,0,0,0,0,0,0,0,0,0,0,0
64,65,13,15,17,112,4,4,1,5,111,0,0,0,0,0,0,0,0,0,0,0,0,0,0,0,0,0,0,0,0
64,65,2,16,17,112,4,4,1,5,64,202,0,0,0,0,0,0,0,0,0,0,0,0,0,0,0,0,0,0,0
64,65,2,16,17,112,4,4,1,5,64,202,0,0,0,0,0,0,0,0,0,0,0,0,0,0,0,0,0,0,0
64,3,13,10,1,92,0,0,0,0,0,0,0,0,0,0,0,0,0,0,0,0,0,0,0,0,0,0,0,0,0
64,81,2,15,17,112,4,4,1,5,112,0,0,0,0,0,0,0,0,0,0,0,0,0,0,0,0,0,0,0,0
64,65,8,16,1,49,5,1,42,2,238,242,0,0,0,0,0,0,0,0,0,0,0,0,0,0,0,0,0,0,0
64,3,8,10,17,89,0,0,0,0,0,0,0,0,0,0,0,0,0,0,0,0,0,0,0,0,0,0,0,0,0
64,65,3,16,17,112,4,4,1,5,7,25,0,0,0,0,0,0,0,0,0,0,0,0,0,0,0,0,0,0,0
64,3,3,11,1,233,151,0,0,0,0,0,0,0,0,0,0,0,0,0,0,0,0,0,0,0,0,0,0,0,0
64,65,1,16,1,49,5,5,1,24,63,140,0,0,0,0,0,0,0,0,0,0,0,0,0,0,0,0,0,0,0
64,3,1,11,17,145,156,0,0,0,0,0,0,0,0,0,0,0,0,0,0,0,0,0,0,0,0,0,0,0,0
64,65,4,19,17,112,4,111,4,0,0,1,224,105,190,0,0,0,0,0,0,0,0,0,0,0,0,0,0,0,0
64,3,4,11,1,108,7,0,0,0,0,0,0,0,0,0,0,0,0,0,0,0,0,0,0,0,0,0,0,0,0
64,65,5,19,17,112,4,112,4,0,0,84,96,14,178,0,0,0,0,0,0,0,0,0,0,0,0,0,0,0,0
64,3,5,11,1,91,55,0,0,0,0,0,0,0,0,0,0,0,0,0,0,0,0,0,0,0,0,0,0,0,0
64,65,2,14,1,128,3,88,209,208,0,0,0,0,0,0,0,0,0,0,0,0,0,0,0,0,0,0,0,0,0
64,3,2,11,17,200,204,0,0,0,0,0,0,0,0,0,0,0,0,0,0,0,0,0,0,0,0,0,0,0,1
64,65,3,17,1,49,5,3,10,0,0,151,186,0,0,0,0,0,0,0,0,0,0,0,0,0,0,0,0,0,1
64,3,3,11,17,255,252,0,0,0,0,0,0,0,0,0,0,0,0,0,0,0,0,0,0,0,0,0,0,0,1
64,65,4,16,1,49,5,27,1,0,188,105,0,0,0,0,0,0,0,0,0,0,0,0,0,0,0,0,0,0,1
64,3,4,11,17,122,108,0,0,0,0,0,0,0,0,0,0,0,0,0,0,0,0,0,0,0,0,0,0,0,1
64,65,6,16,17,112,4,40,1,1,252,132,0,0,0,0,0,0,0,0,0,0,0,0,0,0,0,0,0,0,1
64,3,6,11,1,2,103,0,0,0,0,0,0,0,0,0,0,0,0,0,0,0,0,0,0,0,0,0,0,0,1
64,65,7,13,17,128,2,89,121,0,0,0,0,0,0,0,0,0,0,0,0,0,0,0,0,0,0,0,0,0,1
64,3,7,11,1,53,87,0,0,0,0,0,0,0,0,0,0,0,0,0,0,0,0,0,0,0,0,0,0,0,1
64,65,8,14,17,48,2,12,166,126,0,0,0,0,0,0,0,0,0,0,0,0,0,0,0,0,0,0,0,0,1
64,3,8,11,1,25,102,0,0,0,0,0,0,0,0,0,0,0,0,0,0,0,0,0,0,0,0,0,0,0,1
64,65,5,14,1,48,3,0,60,147,0,0,0,0,0,0,0,0,0,0,0,0,0,0,0,0,0,0,0,0,1
64,3,5,11,17,77,92,0,0,0,0,0,0,0,0,0,0,0,0,0,0,0,0,0,0,0,0,0,0,0,1
64,65,9,15,17,49,4,1,0,228,165,0,0,0,0,0,0,0,0,0,0,0,0,0,0,0,0,0,0,0,1
64,3,9,11,1,46,86,0,0,0,0,0,0,0,0,0,0,0,0,0,0,0,0,0,0,0,0,0,0,0,1
64,65,6,14,1,128,3,88,215,113,0,0,0,0,0,0,0,0,0,0,0,0,0,0,0,0,0,0,0,0,1
64,3,6,11,17,20,12,0,0,0,0,0,0,0,0,0,0,0,0,0,0,0,0,0,0,0,0,0,0,0,1
64,65,10,15,17,49,4,3,0,90,69,0,0,0,0,0,0,0,0,0,0,0,0,0,0,0,0,0,0,0,1
64,3,10,11,1,119,6,0,0,0,0,0,0,0,0,0,0,0,0,0,0,0,0,0,0,0,0,0,0,0,1
64,65,11,15,17,49,4,5,0,72,130,0,0,0,0,0,0,0,0,0,0,0,0,0,0,0,0,0,0,0,1
64,3,11,11,1,64,54,0,0,0,0,0,0,0,0,0,0,0,0,0,0,0,0,0,0,0,0,0,0,0,1
64,65,12,15,17,49,4,27,0,113,186,0,0,0,0,0,0,0,0,0,0,0,0,0,0,0,0,0,0,0,1
64,3,12,11,1,197,166,0,0,0,0,0,0,0,0,0,0,0,0,0,0,0,0,0,0,0,0,0,0,0,1
64,65,13,14,17,112,5,9,49,224,0,0,0,0,0,0,0,0,0,0,0,0,0,0,0,0,0,0,0,0,1
64,65,13,14,17,112,5,9,49,224,0,0,0,0,0,0,0,0,0,0,0,0,0,0,0,0,0,0,0,0,1
64,81,13,13,17,112,5,9,117,0,0,0,0,0,0,0,0,0,0,0,0,0,0,0,0,0,0,0,0,0,1
64,65,14,13,17,112,5,9,102,0,0,0,0,0,0,0,0,0,0,0,0,0,0,0,0,0,0,0,0,0,1
64,65,14,13,17,112,5,9,102,0,0,0,0,0,0,0,0,0,0,0,0,0,0,0,0,0,0,0,0,0,1
64,65,14,13,17,112,5,9,102,0,0,0,0,0,0,0,0,0,0,0,0,0,0,0,0,0,0,0,0,0,1
64,3,13,11,1,242,150,0,0,0,0,0,0,0,0,0,0,0,0,0,0,0,0,0,0,0,0,0,0,0,1
64,65,15,13,17,112,5,9,103,0,0,0,0,0,0,0,0,0,0,0,0,0,0,0,0,0,0,0,0,0,1
64,65,15,13,17,112,5,9,103,0,0,0,0,0,0,0,0,0,0,0,0,0,0,0,0,0,0,0,0,0,1
64,3,15,10,1,94,0,0,0,0,0,0,0,0,0,0,0,0,0,0,0,0,0,0,0,0,0,0,0,0,1
64,65,7,17,1,112,6,9,2,1,0,56,12,0,0,0,0,0,0,0,0,0,0,0,0,0,0,0,0,0,1
64,3,7,11,17,35,60,0,0,0,0,0,0,0,0,0,0,0,0,0,0,0,0,0,0,0,0,0,0,0,1
64,65,9,16,1,112,6,9,2,1,0,124,0,0,0,0,0,0,0,0,0,0,0,0,0,0,0,0,0,0,1
64,3,9,10,17,88,0,0,0,0,0,0,0,0,0,0,0,0,0,0,0,0,0,0,0,0,0,0,0,0,1
64,65,1,13,17,112,5,10,106,0,0,0,0,0,0,0,0,0,0,0,0,0,0,0,0,0,0,0,0,0,1
64,65,1,13,17,112,5,10,106,0,0,0,0,0,0,0,0,0,0,0,0,0,0,0,0,0,0,0,0,0,1
64,65,1,13,17,112,5,10,106,0,0,0,0,0,0,0,0,0,0,0,0,0,0,0,0,0,0,0,0,0,1
64,65,14,14,17,112,5,10,207,99,0,0,0,0,0,0,0,0,0,0,0,0,0,0,0,0,0,0,0,0,1
64,65,14,14,17,112,5,10,207,99,0,0,0,0,0,0,0,0,0,0,0,0,0,0,0,0,0,0,0,0,1
64,3,14,11,1,171,198,0,0,0,0,0,0,0,0,0,0,0,0,0,0,0,0,0,0,0,0,0,0,0,1
64,65,15,14,17,112,5,101,23,138,0,0,0,0,0,0,0,0,0,0,0,0,0,0,0,0,0,0,0,0,1
64,3,15,11,1,156,246,0,0,0,0,0,0,0,0,0,0,0,0,0,0,0,0,0,0,0,0,0,0,0,1
64,65,8,19,1,112,6,101,4,0,0,0,240,24,220,0,0,0,0,0,0,0,0,0,0,0,0,0,0,0,1
64,3,8,11,17,15,13,0,0,0,0,0,0,0,0,0,0,0,0,0,0,0,0,0,0,0,0,0,0,0,1
64,65,9,17,1,49,5,1,34,0,239,182,236,0,0,0,0,0,0,0,0,0,0,0,0,0,0,0,0,0,1
64,3,9,11,17,56,61,0,0,0,0,0,0,0,0,0,0,0,0,0,0,0,0,0,0,0,0,0,0,0,1
64,65,1,14,17,112,5,102,167,74,0,0,0,0,0,0,0,0,0,0,0,0,0,0,0,0,0,0,0,0,1
64,3,1,11,1,135,247,0,0,0,0,0,0,0,0,0,0,0,0,0,0,0,0,0,0,0,0,0,0,0,1
64,65,10,19,1,112,6,102,4,0,0,0,1,137,177,0,0,0,0,0,0,0,0,0,0,0,0,0,0,0,1
64,3,10,11,17,97,109,0,0,0,0,0,0,0,0,0,0,0,0,0,0,0,0,0,0,0,0,0,0,0,1
64,65,11,16,1,49,5,5,1,24,174,240,0,0,0,0,0,0,0,0,0,0,0,0,0,0,0,0,0,0,1
64,3,11,11,17,86,93,0,0,0,0,0,0,0,0,0,0,0,0,0,0,0,0,0,0,0,0,0,0,0,1
64,65,2,14,17,112,5,111,248,131,0,0,0,0,0,0,0,0,0,0,0,0,0,0,0,0,0,0,0,0,1
64,3,2,11,1,222,167,0,0,0,0,0,0,0,0,0,0,0,0,0,0,0,0,0,0,0,0,0,0,0,1
64,65,12,19,1,112,6,111,4,0,0,1,224,238,153,0,0,0,0,0,0,0,0,0,0,0,0,0,0,0,1
64,3,12,11,17,211,205,0,0,0,0,0,0,0,0,0,0,0,0,0,0,0,0,0,0,0,0,0,0,0,1
64,65,13,17,1,49,5,3,10,0,0,228,205,0,0,0,0,0,0,0,0,0,0,0,0,0,0,0,0,0,1
64,3,13,11,17,228,253,0,0,0,0,0,0,0,0,0,0,0,0,0,0,0,0,0,0,0,0,0,0,0,1
64,65,3,14,17,112,5,112,94,253,0,0,0,0,0,0,0,0,0,0,0,0,0,0,0,0,0,0,0,0,1
64,3,3,11,1,233,151,0,0,0,0,0,0,0,0,0,0,0,0,0,0,0,0,0,0,0,0,0,0,0,1
64,65,14,19,1,112,6,112,4,0,0,84,96,241,111,0,0,0,0,0,0,0,0,0,0,0,0,0,0,0,1
64,3,14,11,17,189,173,0,0,0,0,0,0,0,0,0,0,0,0,0,0,0,0,0,0,0,0,0,0,0,1
64,65,15,16,1,49,5,27,1,0,106,198,0,0,0,0,0,0,0,0,0,0,0,0,0,0,0,0,0,0,1
64,3,15,11,17,138,157,0,0,0,0,0,0,0,0,0,0,0,0,0,0,0,0,0,0,0,0,0,0,0,1
64,65,4,14,17,112,5,40,77,65,0,0,0,0,0,0,0,0,0,0,0,0,0,0,0,0,0,0,0,0,1
64,3,4,11,1,108,7,0,0,0,0,0,0,0,0,0,0,0,0,0,0,0,0,0,0,0,0,0,0,0,1
64,65,1,16,1,112,6,40,1,1,88,230,0,0,0,0,0,0,0,0,0,0,0,0,0,0,0,0,0,0,1
64,3,1,11,17,145,156,0,0,0,0,0,0,0,0,0,0,0,0,0,0,0,0,0,0,0,0,0,0,0,1
64,65,5,14,17,112,5,4,237,15,0,0,0,0,0,0,0,0,0,0,0,0,0,0,0,0,0,0,0,0,1
64,3,5,11,1,91,55,0,0,0,0,0,0,0,0,0,0,0,0,0,0,0,0,0,0,0,0,0,0,0,1
17,65,2,128,1,112,6,4,1,5,35,176,0,0,0,0,0,0,0,0,0,0,0,0,0,0,0,0,0,0,1
1,3,2,128,17,200,204,0,0,0,0,0,0,0,0,0,0,0,0,0,0,0,0,0,0,0,0,0,0,0,1
1,65,6,128,17,132,8,158,166,0,0,0,0,0,0,0,0,0,0,0,0,0,0,0,0,0,0,0,0,0,1
17,3,6,128,1,2,103,0,0,0,0,0,0,0,0,0,0,0,0,0,0,0,0,0,0,0,0,0,0,0,1
1,65,1,128,13,32,2,191,128,0,0,0,0,0,0,0,0,0,0,0,0,0,0,0,0,0,0,0,0,0,1
13,3,1,128,1,8,134,0,0,0,0,0,0,0,0,0,0,0,0,0,0,0,0,0,0,0,0,0,0,0,1
13,65,5,128,1,32,3,0,83,243,0,0,0,0,0,0,0,0,0,0,0,0,0,0,0,0,0,0,0,0,1
1,3,5,128,13,158,225,0,0,0,0,0,0,0,0,0,0,0,0,0,0,0,0,0,0,0,0,0,0,0,1
15,65,1,128,1,49,5,1,9,71,114,0,0,0,0,0,0,0,0,0,0,0,0,0,0,0,0,0,0,0,1
1,3,1,128,15,78,0,0,0,0,0,0,0,0,0,0,0,0,0,0,0,0,0,0,0,0,0,0,0,0,1
1,65,6,128,10,32,2,93,196,0,0,0,0,0,0,0,0,0,0,0,0,0,0,0,0,0,0,0,0,0,1
10,3,6,128,1,234,194,0,0,0,0,0,0,0,0,0,0,0,0,0,0,0,0,0,0,0,0,0,0,0,1
10,65,13,128,1,32,3,0,153,169,0,0,0,0,0,0,0,0,0,0,0,0,0,0,0,0,0,0,0,0,1
1,3,13,128,10,71,167,0,0,0,0,0,0,0,0,0,0,0,0,0,0,0,0,0,0,0,0,0,0,0,1
1,65,15,128,16,86,1,32,2,77,38,220,213,0,0,0,0,0,0,0,0,0,0,0,0,0,0,0,0,0,1
16,3,15,128,1,54,167,0,0,0,0,0,0,0,0,0,0,0,0,0,0,0,0,0,0,0,0,0,0,0,1
16,65,3,128,1,86,1,32,3,0,140,88,91,137,0,0,0,0,0,0,0,0,0,0,0,0,0,0,0,0,1
1,3,3,128,16,239,221,0,0,0,0,0,0,0,0,0,0,0,0,0,0,0,0,0,0,0,0,0,0,0,1
1,65,5,128,9,86,1,32,2,77,38,47,250,0,0,0,0,0,0,0,0,0,0,0,0,0,0,0,0,0,1
9,3,5,128,1,93,64,0,0,0,0,0,0,0,0,0,0,0,0,0,0,0,0,0,0,0,0,0,0,0,1
9,65,9,128,1,86,1,32,3,0,140,88,224,197,0,0,0,0,0,0,0,0,0,0,0,0,0,0,0,0,1
1,3,9,128,9,171,4,0,0,0,0,0,0,0,0,0,0,0,0,0,0,0,0,0,0,0,0,0,0,0,1
1,65,1,128,13,32,2,191,128,0,0,0,0,0,0,0,0,0,0,0,0,0,0,0,0,0,0,0,0,0,1
13,3,1,128,1,8,134,0,0,0,0,0,0,0,0,0,0,0,0,0,0,0,0,0,0,0,0,0,0,0,1
13,65,6,128,1,32,3,0,157,19,0,0,0,0,0,0,0,0,0,0,0,0,0,0,0,0,0,0,0,0,1
1,3,6,128,13,199,177,0,0,0,0,0,0,0,0,0,0,0,0,0,0,0,0,0,0,0,0,0,0,0,1
1,65,8,128,10,32,2,146,108,0,0,0,0,0,0,0,0,0,0,0,0,0,0,0,0,0,0,0,0,0,1
10,3,8,128,1,241,195,0,0,0,0,0,0,0,0,0,0,0,0,0,0,0,0,0,0,0,0,0,0,0,1
10,65,14,128,1,32,3,0,87,73,0,0,0,0,0,0,0,0,0,0,0,0,0,0,0,0,0,0,0,0,1
1,3,14,128,10,30,247,0,0,0,0,0,0,0,0,0,0,0,0,0,0,0,0,0,0,0,0,0,0,0,1
7,3,3,128,1,68,0,0,0,0,0,0,0,0,0,0,0,0,0,0,0,0,0,0,0,0,0,0,0,0,1
1,3,1,128,7,70,0,0,0,0,0,0,0,0,0,0,0,0,0,0,0,0,0,0,0,0,0,0,0,0,1
1,65,1,128,16,86,1,32,2,77,38,175,162,0,0,0,0,0,0,0,0,0,0,0,0,0,0,0,0,0,1
16,3,1,128,1,45,166,0,0,0,0,0,0,0,0,0,0,0,0,0,0,0,0,0,0,0,0,0,0,0,1
16,65,4,128,1,86,1,32,3,0,140,88,71,115,0,0,0,0,0,0,0,0,0,0,0,0,0,0,0,0,1
1,3,4,128,16,106,77,0,0,0,0,0,0,0,0,0,0,0,0,0,0,0,0,0,0,0,0,0,0,0,1
1,65,6,128,9,86,1,32,2,77,38,2,190,0,0,0,0,0,0,0,0,0,0,0,0,0,0,0,0,0,1
9,3,6,128,1,4,16,0,0,0,0,0,0,0,0,0,0,0,0,0,0,0,0,0,0,0,0,0,0,0,1
9,65,10,128,1,86,1,32,3,0,140,88,81,10,0,0,0,0,0,0,0,0,0,0,0,0,0,0,0,0,1
1,3,10,128,9,242,84,0,0,0,0,0,0,0,0,0,0,0,0,0,0,0,0,0,0,0,0,0,0,0,1
15,65,1,128,1,49,5,1,9,69,112,0,0,0,0,0,0,0,0,0,0,0,0,0,0,0,0,0,0,0,1
1,3,1,128,15,78,0,0,0,0,0,0,0,0,0,0,0,0,0,0,0,0,0,0,0,0,0,0,0,0,1
1,65,2,128,13,32,2,81,82,0,0,0,0,0,0,0,0,0,0,0,0,0,0,0,0,0,0,0,0,0,1
13,3,2,128,1,81,214,0,0,0,0,0,0,0,0,0,0,0,0,0,0,0,0,0,0,0,0,0,0,0,1
13,65,7,128,1,32,3,0,216,179,0,0,0,0,0,0,0,0,0,0,0,0,0,0,0,0,0,0,0,0,1
1,3,7,128,13,240,129,0,0,0,0,0,0,0,0,0,0,0,0,0,0,0,0,0,0,0,0,0,0,0,1
10,65,15,128,1,86,1,96,13,1,0,50,2,33,68,0,0,0,0,0,0,0,0,0,0,7,90,50,201,0,1
1,3,15,128,10,41,199,0,0,0,0,0,0,0,0,0,0,0,0,0,0,0,0,0,0,0,0,0,0,0,1
10,65,1,128,1,86,1,96,13,2,0,50,2,33,68,0,0,0,6,0,0,0,0,0,0,78,50,178,178,0,1
1,3,1,128,10,50,198,0,0,0,0,0,0,0,0,0,0,0,0,0,0,0,0,0,0,0,0,0,0,0,1
10,65,2,128,1,86,1,96,13,1,0,50,2,33,50,0,0,0,0,0,0,202,252,8,171,0,0,0,0,0,1
1,3,2,128,10,107,150,0,0,0,0,0,0,0,0,0,0,0,0,0,0,0,0,0,0,0,0,0,0,0,1
10,65,3,128,1,86,1,96,13,2,0,50,2,33,50,0,0,0,0,0,0,207,99,221,93,0,0,0,0,0,1
1,3,3,128,10,92,166,0,0,0,0,0,0,0,0,0,0,0,0,0,0,0,0,0,0,0,0,0,0,0,1
1,65,9,128,10,32,2,56,61,0,0,0,0,0,0,0,0,0,0,0,0,0,0,0,0,0,0,0,0,0,1
10,3,9,128,1,198,243,0,0,0,0,0,0,0,0,0,0,0,0,0,0,0,0,0,0,0,0,0,0,0,1
10,65,4,128,1,32,3,0,209,75,0,0,0,0,0,0,0,0,0,0,0,0,0,0,0,0,0,0,0,0,1
1,3,4,128,10,217,54,0,0,0,0,0,0,0,0,0,0,0,0,0,0,0,0,0,0,0,0,0,0,0,1
1,65,2,128,16,86,1,32,2,77,38,130,230,0,0,0,0,0,0,0,0,0,0,0,0,0,0,0,0,0,1
16,3,2,128,1,116,246,0,0,0,0,0,0,0,0,0,0,0,0,0,0,0,0,0,0,0,0,0,0,0,1
16,65,5,128,1,86,1,32,3,0,140,88,40,54,0,0,0,0,0,0,0,0,0,0,0,0,0,0,0,0,1
1,3,5,128,16,93,125,0,0,0,0,0,0,0,0,0,0,0,0,0,0,0,0,0,0,0,0,0,0,0,1
1,65,7,128,9,86,1,32,2,77,38,233,157,0,0,0,0,0,0,0,0,0,0,0,0,0,0,0,0,0,1
9,3,7,128,1,51,32,0,0,0,0,0,0,0,0,0,0,0,0,0,0,0,0,0,0,0,0,0,0,0,1
9,65,11,128,1,86,1,32,3,0,140,88,62,79,0,0,0,0,0,0,0,0,0,0,0,0,0,0,0,0,1
1,3,11,128,9,197,100,0,0,0,0,0,0,0,0,0,0,0,0,0,0,0,0,0,0,0,0,0,0,0,1
1,65,3,128,13,32,2,251,3,0,0,0,0,0,0,0,0,0,0,0,0,0,0,0,0,0,0,0,0,0,1
13,3,3,128,1,102,230,0,0,0,0,0,0,0,0,0,0,0,0,0,0,0,0,0,0,0,0,0,0,0,1
13,65,8,128,1,32,3,0,29,176,0,0,0,0,0,0,0,0,0,0,0,0,0,0,0,0,0,0,0,0,1
1,3,8,128,13,220,176,0,0,0,0,0,0,0,0,0,0,0,0,0,0,0,0,0,0,0,0,0,0,0,1
11,65,1,128,1,132,7,141,0,0,0,0,0,0,0,0,0,0,0,0,0,0,0,0,0,0,0,0,0,0,1
1,3,1,128,11,74,0,0,0,0,0,0,0,0,0,0,0,0,0,0,0,0,0,0,0,0,0,0,0,0,1
1,65,4,128,11,132,8,135,0,0,0,0,0,0,0,0,0,0,0,0,0,0,0,0,0,0,0,0,0,0,1
11,3,4,128,1,79,0,0,0,0,0,0,0,0,0,0,0,0,0,0,0,0,0,0,0,0,0,0,0,0,1
12,65,1,128,1,132,7,138,0,0,0,0,0,0,0,0,0,0,0,0,0,0,0,0,0,0,0,0,0,0,1
1,3,1,128,12,77,0,0,0,0,0,0,0,0,0,0,0,0,0,0,0,0,0,0,0,0,0,0,0,0,1
1,65,5,128,12,132,8,129,0,0,0,0,0,0,0,0,0,0,0,0,0,0,0,0,0,0,0,0,0,0,1
12,3,5,128,1,73,0,0,0,0,0,0,0,0,0,0,0,0,0,0,0,0,0,0,0,0,0,0,0,0,1
1,65,10,128,10,32,2,214,239,0,0,0,0,0,0,0,0,0,0,0,0,0,0,0,0,0,0,0,0,0,1
10,3,10,128,1,159,163,0,0,0,0,0,0,0,0,0,0,0,0,0,0,0,0,0,0,0,0,0,0,0,1
10,65,5,128,1,32,3,0,148,235,0,0,0,0,0,0,0,0,0,0,0,0,0,0,0,0,0,0,0,0,1
1,3,5,128,10,238,6,0,0,0,0,0,0,0,0,0,0,0,0,0,0,0,0,0,0,0,0,0,0,0,1
1,65,6,128,16,86,1,32,2,77,38,30,9,0,0,0,0,0,0,0,0,0,0,0,0,0,0,0,0,0,1
16,3,6,128,1,168,54,0,0,0,0,0,0,0,0,0,0,0,0,0,0,0,0,0,0,0,0,0,0,0,1
16,65,6,128,1,86,1,32,3,0,140,88,153,249,0,0,0,0,0,0,0,0,0,0,0,0,0,0,0,0,1
1,3,6,128,16,4,45,0,0,0,0,0,0,0,0,0,0,0,0,0,0,0,0,0,0,0,0,0,0,0,1
17,65,1,128,1,49,5,1,42,2,199,245,186,0,0,0,0,0,0,0,0,0,0,0,0,0,0,0,0,0,1
1,3,1,128,17,145,156,0,0,0,0,0,0,0,0,0,0,0,0,0,0,0,0,0,0,0,0,0,0,0,1
17,65,2,128,1,49,5,5,1,23,6,22,0,0,0,0,0,0,0,0,0,0,0,0,0,0,0,0,0,0,1
1,3,2,128,17,200,204,0,0,0,0,0,0,0,0,0,0,0,0,0,0,0,0,0,0,0,0,0,0,0,1
17,65,3,128,1,49,5,3,10,0,0,151,186,0,0,0,0,0,0,0,0,0,0,0,0,0,0,0,0,0,1
1,3,3,128,17,255,252,0,0,0,0,0,0,0,0,0,0,0,0,0,0,0,0,0,0,0,0,0,0,0,1
17,65,4,128,1,49,5,27,1,0,188,105,0,0,0,0,0,0,0,0,0,0,0,0,0,0,0,0,0,0,1
1,3,4,128,17,122,108,0,0,0,0,0,0,0,0,0,0,0,0,0,0,0,0,0,0,0,0,0,0,0,1
17,65,5,128,1,132,7,245,131,0,0,0,0,0,0,0,0,0,0,0,0,0,0,0,0,0,0,0,0,0,1
1,3,5,128,17,77,92,0,0,0,0,0,0,0,0,0,0,0,0,0,0,0,0,0,0,0,0,0,0,0,1
1,65,10,128,17,132,8,21,141,0,0,0,0,0,0,0,0,0,0,0,0,0,0,0,0,0,0,0,0,0,1
17,3,10,128,1,119,6,0,0,0,0,0,0,0,0,0,0,0,0,0,0,0,0,0,0,0,0,0,0,0,1
1,65,12,128,9,86,1,32,2,77,38,237,38,0,0,0,0,0,0,0,0,0,0,0,0,0,0,0,0,0,1
9,3,12,128,1,195,209,0,0,0,0,0,0,0,0,0,0,0,0,0,0,0,0,0,0,0,0,0,0,0,1
9,65,12,128,1,86,1,32,3,0,140,88,34,181,0,0,0,0,0,0,0,0,0,0,0,0,0,0,0,0,1
1,3,12,128,9,64,244,0,0,0,0,0,0,0,0,0,0,0,0,0,0,0,0,0,0,0,0,0,0,0,1
15,65,1,128,1,49,5,1,9,68,113,0,0,0,0,0,0,0,0,0,0,0,0,0,0,0,0,0,0,0,1
1,3,1,128,15,78,0,0,0,0,0,0,0,0,0,0,0,0,0,0,0,0,0,0,0,0,0,0,0,0,1
15,65,1,128,1,132,7,137,0,0,0,0,0,0,0,0,0,0,0,0,0,0,0,0,0,0,0,0,0,0,1
1,3,1,128,15,78,0,0,0,0,0,0,0,0,0,0,0,0,0,0,0,0,0,0,0,0,0,0,0,0,1
1,65,6,128,15,132,8,129,0,0,0,0,0,0,0,0,0,0,0,0,0,0,0,0,0,0,0,0,0,0,1
15,3,6,128,1,73,0,0,0,0,0,0,0,0,0,0,0,0,0,0,0,0,0,0,0,0,0,0,0,0,1
1,65,8,128,13,32,2,23,252,0,0,0,0,0,0,0,0,0,0,0,0,0,0,0,0,0,0,0,0,0,1
13,3,8,128,1,150,23,0,0,0,0,0,0,0,0,0,0,0,0,0,0,0,0,0,0,0,0,0,0,0,1
13,65,9,128,1,32,3,0,88,16,0,0,0,0,0,0,0,0,0,0,0,0,0,0,0,0,0,0,0,0,1
1,3,9,128,13,235,128,0,0,0,0,0,0,0,0,0,0,0,0,0,0,0,0,0,0,0,0,0,0,0,1
1,65,15,128,10,32,2,245,184,0,0,0,0,0,0,0,0,0,0,0,0,0,0,0,0,0,0,0,0,0,1
10,3,15,128,1,116,83,0,0,0,0,0,0,0,0,0,0,0,0,0,0,0,0,0,0,0,0,0,0,0,1
10,65,6,128,1,32,3,0,90,11,0,0,0,0,0,0,0,0,0,0,0,0,0,0,0,0,0,0,0,0,1
1,3,6,128,10,183,86,0,0,0,0,0,0,0,0,0,0,0,0,0,0,0,0,0,0,0,0,0,0,0,1
1,65,8,128,16,86,1,32,2,77,38,109,126,0,0,0,0,0,0,0,0,0,0,0,0,0,0,0,0,0,1
16,3,8,128,1,179,55,0,0,0,0,0,0,0,0,0,0,0,0,0,0,0,0,0,0,0,0,0,0,0,1
16,65,7,128,1,86,1,32,3,0,140,88,246,188,0,0,0,0,0,0,0,0,0,0,0,0,0,0,0,0,1
1,3,7,128,16,51,29,0,0,0,0,0,0,0,0,0,0,0,0,0,0,0,0,0,0,0,0,0,0,0,1
1,65,13,128,9,86,1,32,2,77,38,6,5,0,0,0,0,0,0,0,0,0,0,0,0,0,0,0,0,0,1
9,3,13,128,1,244,225,0,0,0,0,0,0,0,0,0,0,0,0,0,0,0,0,0,0,0,0,0,0,0,1
9,65,13,128,1,86,1,32,3,0,140,88,77,240,0,0,0,0,0,0,0,0,0,0,0,0,0,0,0,0,1
1,3,13,128,9,119,196,0,0,0,0,0,0,0,0,0,0,0,0,0,0,0,0,0,0,0,0,0,0,0,1
1,65,9,128,13,32,2,189,173,0,0,0,0,0,0,0,0,0,0,0,0,0,0,0,0,0,0,0,0,0,1
13,3,9,128,1,161,39,0,0,0,0,0,0,0,0,0,0,0,0,0,0,0,0,0,0,0,0,0,0,0,1
13,65,10,128,1,32,3,0,150,240,0,0,0,0,0,0,0,0,0,0,0,0,0,0,0,0,0,0,0,0,1
1,3,10,128,13,178,208,0,0,0,0,0,0,0,0,0,0,0,0,0,0,0,0,0,0,0,0,0,0,0,1
1,65,1,128,10,32,2,58,16,0,0,0,0,0,0,0,0,0,0,0,0,0,0,0,0,0,0,0,0,0,1
10,3,1,128,1,111,82,0,0,0,0,0,0,0,0,0,0,0,0,0,0,0,0,0,0,0,0,0,0,0,1
10,65,7,128,1,32,3,0,31,171,0,0,0,0,0,0,0,0,0,0,0,0,0,0,0,0,0,0,0,0,1
1,3,7,128,10,128,102,0,0,0,0,0,0,0,0,0,0,0,0,0,0,0,0,0,0,0,0,0,0,0,1
7,3,8,128,1,79,0,0,0,0,0,0,0,0,0,0,0,0,0,0,0,0,0,0,0,0,0,0,0,0,1
1,3,1,128,7,70,0,0,0,0,0,0,0,0,0,0,0,0,0,0,0,0,0,0,0,0,0,0,0,0,1
1,65,9,128,16,86,1,32,2,77,38,134,93,0,0,0,0,0,0,0,0,0,0,0,0,0,0,0,0,0,1
16,3,9,128,1,132,7,0,0,0,0,0,0,0,0,0,0,0,0,0,0,0,0,0,0,0,0,0,0,0,1
16,65,8,128,1,86,1,32,3,0,140,88,160,13,0,0,0,0,0,0,0,0,0,0,0,0,0,0,0,0,1
1,3,8,128,16,31,44,0,0,0,0,0,0,0,0,0,0,0,0,0,0,0,0,0,0,0,0,0,0,0,1
1,65,9,128,8,37,2,34,0,0,0,0,0,0,0,0,0,0,0,0,0,0,0,0,0,0,0,0,0,0,1
1,65,9,128,8,37,2,34,0,0,0,0,0,0,0,0,0,0,0,0,0,0,0,0,0,0,0,0,0,0,1
1,65,9,128,8,37,2,34,0,0,0,0,0,0,0,0,0,0,0,0,0,0,0,0,0,0,0,0,0,0,1
1,65,10,128,8,37,2,33,0,0,0,0,0,0,0,0,0,0,0,0,0,0,0,0,0,0,0,0,0,0,1
8,3,10,128,1,66,0,0,0,0,0,0,0,0,0,0,0,0,0,0,0,0,0,0,0,0,0,0,0,0,1
8,65,65,128,1,37,3,0,106,0,0,0,0,0,0,0,0,0,0,0,0,0,0,0,0,0,0,0,0,0,1
1,3,1,128,8,73,0,0,0,0,0,0,0,0,0,0,0,0,0,0,0,0,0,0,0,0,0,0,0,0,1
1,65,14,128,9,86,1,32,2,77,38,43,65,0,0,0,0,0,0,0,0,0,0,0,0,0,0,0,0,0,1
9,3,14,128,1,173,177,0,0,0,0,0,0,0,0,0,0,0,0,0,0,0,0,0,0,0,0,0,0,0,1
9,65,14,128,1,86,1,32,3,0,140,88,252,63,0,0,0,0,0,0,0,0,0,0,0,0,0,0,0,0,1
1,3,14,128,9,46,148,0,0,0,0,0,0,0,0,0,0,0,0,0,0,0,0,0,0,0,0,0,0,0,1
1,65,10,128,13,32,2,83,127,0,0,0,0,0,0,0,0,0,0,0,0,0,0,0,0,0,0,0,0,0,1
13,3,10,128,1,248,119,0,0,0,0,0,0,0,0,0,0,0,0,0,0,0,0,0,0,0,0,0,0,0,1
13,65,11,128,1,32,3,0,211,80,0,0,0,0,0,0,0,0,0,0,0,0,0,0,0,0,0,0,0,0,1
1,3,11,128,13,133,224,0,0,0,0,0,0,0,0,0,0,0,0,0,0,0,0,0,0,0,0,0,0,0,1
10,65,8,128,1,86,1,96,13,1,0,50,2,33,68,0,0,0,0,0,0,0,0,0,0,7,90,250,228,0,1
1,3,8,128,10,172,87,0,0,0,0,0,0,0,0,0,0,0,0,0,0,0,0,0,0,0,0,0,0,0,1
10,65,9,128,1,86,1,96,13,2,0,50,2,33,68,0,0,0,6,0,0,0,0,0,0,78,50,191,80,0,1
1,3,9,128,10,155,103,0,0,0,0,0,0,0,0,0,0,0,0,0,0,0,0,0,0,0,0,0,0,0,1
10,65,10,128,1,86,1,96,13,1,0,50,2,33,50,0,0,0,0,0,0,202,252,199,221,0,0,0,0,0,1
1,3,10,128,10,194,55,0,0,0,0,0,0,0,0,0,0,0,0,0,0,0,0,0,0,0,0,0,0,0,1
10,65,11,128,1,86,1,96,13,2,0,50,2,33,50,0,0,0,0,0,0,207,99,18,43,0,0,0,0,0,1
1,3,11,128,10,245,7,0,0,0,0,0,0,0,0,0,0,0,0,0,0,0,0,0,0,0,0,0,0,0,1
1,65,2,128,10,32,2,212,194,0,0,0,0,0,0,0,0,0,0,0,0,0,0,0,0,0,0,0,0,0,1
10,3,2,128,1,54,2,0,0,0,0,0,0,0,0,0,0,0,0,0,0,0,0,0,0,0,0,0,0,0,1
10,65,12,128,1,32,3,0,220,9,0,0,0,0,0,0,0,0,0,0,0,0,0,0,0,0,0,0,0,0,1
1,3,12,128,10,112,151,0,0,0,0,0,0,0,0,0,0,0,0,0,0,0,0,0,0,0,0,0,0,0,1
15,65,1,128,1,49,5,1,9,66,119,0,0,0,0,0,0,0,0,0,0,0,0,0,0,0,0,0,0,0,1
1,3,1,128,15,78,0,0,0,0,0,0,0,0,0,0,0,0,0,0,0,0,0,0,0,0,0,0,0,0,1
1,65,10,128,16,86,1,32,2,77,38,171,25,0,0,0,0,0,0,0,0,0,0,0,0,0,0,0,0,0,1
16,3,10,128,1,221,87,0,0,0,0,0,0,0,0,0,0,0,0,0,0,0,0,0,0,0,0,0,0,0,1
16,65,9,128,1,86,1,32,3,0,140,88,207,72,0,0,0,0,0,0,0,0,0,0,0,0,0,0,0,0,1
1,3,9,128,16,40,28,0,0,0,0,0,0,0,0,0,0,0,0,0,0,0,0,0,0,0,0,0,0,0,1
1,65,15,128,9,86,1,32,2,77,38,192,98,0,0,0,0,0,0,0,0,0,0,0,0,0,0,0,0,0,1
9,3,15,128,1,154,129,0,0,0,0,0,0,0,0,0,0,0,0,0,0,0,0,0,0,0,0,0,0,0,1
9,65,15,128,1,86,1,32,3,0,140,88,147,122,0,0,0,0,0,0,0,0,0,0,0,0,0,0,0,0,1
1,3,15,128,9,25,164,0,0,0,0,0,0,0,0,0,0,0,0,0,0,0,0,0,0,0,0,0,0,0,1
1,65,11,128,13,32,2,249,46,0,0,0,0,0,0,0,0,0,0,0,0,0,0,0,0,0,0,0,0,0,1
13,3,11,128,1,207,71,0,0,0,0,0,0,0,0,0,0,0,0,0,0,0,0,0,0,0,0,0,0,0,1
13,65,12,128,1,32,3,0,27,17,0,0,0,0,0,0,0,0,0,0,0,0,0,0,0,0,0,0,0,0,1
1,3,12,128,13,0,112,0,0,0,0,0,0,0,0,0,0,0,0,0,0,0,0,0,0,0,0,0,0,0,1
1,65,3,128,10,32,2,126,147,0,0,0,0,0,0,0,0,0,0,0,0,0,0,0,0,0,0,0,0,0,1
10,3,3,128,1,1,50,0,0,0,0,0,0,0,0,0,0,0,0,0,0,0,0,0,0,0,0,0,0,0,1
10,65,13,128,1,32,3,0,153,169,0,0,0,0,0,0,0,0,0,0,0,0,0,0,0,0,0,0,0,0,1
1,3,13,128,10,71,167,0,0,0,0,0,0,0,0,0,0,0,0,0,0,0,0,0,0,0,0,0,0,0,1
17,65,1,128,1,49,5,1,42,2,173,56,86,0,0,0,0,0,0,0,0,0,0,0,0,0,0,0,0,0,1
1,3,1,128,17,145,156,0,0,0,0,0,0,0,0,0,0,0,0,0,0,0,0,0,0,0,0,0,0,0,1
17,65,2,128,1,49,5,5,1,24,247,249,0,0,0,0,0,0,0,0,0,0,0,0,0,0,0,0,0,0,1
1,3,2,128,17,200,204,0,0,0,0,0,0,0,0,0,0,0,0,0,0,0,0,0,0,0,0,0,0,0,1
17,65,3,128,1,49,5,3,10,0,0,151,186,0,0,0,0,0,0,0,0,0,0,0,0,0,0,0,0,0,1
1,3,3,128,17,255,252,0,0,0,0,0,0,0,0,0,0,0,0,0,0,0,0,0,0,0,0,0,0,0,1
17,65,4,128,1,49,5,27,1,0,188,105,0,0,0,0,0,0,0,0,0,0,0,0,0,0,0,0,0,0,1
1,3,4,128,17,122,108,0,0,0,0,0,0,0,0,0,0,0,0,0,0,0,0,0,0,0,0,0,0,0,1
17,65,5,128,1,132,7,245,131,0,0,0,0,0,0,0,0,0,0,0,0,0,0,0,0,0,0,0,0,0,1
1,3,5,128,17,77,92,0,0,0,0,0,0,0,0,0,0,0,0,0,0,0,0,0,0,0,0,0,0,0,1
1,65,11,128,17,132,8,191,220,0,0,0,0,0,0,0,0,0,0,0,0,0,0,0,0,0,0,0,0,0,1
17,3,11,128,1,64,54,0,0,0,0,0,0,0,0,0,0,0,0,0,0,0,0,0,0,0,0,0,0,0,1
1,65,12,128,16,86,1,32,2,77,38,241,145,0,0,0,0,0,0,0,0,0,0,0,0,0,0,0,0,0,1
16,3,12,128,1,111,247,0,0,0,0,0,0,0,0,0,0,0,0,0,0,0,0,0,0,0,0,0,0,0,1
16,65,10,128,1,86,1,32,3,0,140,88,126,135,0,0,0,0,0,0,0,0,0,0,0,0,0,0,0,0,1
1,3,10,128,16,113,76,0,0,0,0,0,0,0,0,0,0,0,0,0,0,0,0,0,0,0,0,0,0,0,1
1,65,2,128,9,86,1,32,2,77,38,158,81,0,0,0,0,0,0,0,0,0,0,0,0,0,0,0,0,0,1
9,3,2,128,1,216,208,0,0,0,0,0,0,0,0,0,0,0,0,0,0,0,0,0,0,0,0,0,0,0,1
9,65,1,128,1,86,1,32,3,0,140,88,170,142,0,0,0,0,0,0,0,0,0,0,0,0,0,0,0,0,1
1,3,1,128,9,2,165,0,0,0,0,0,0,0,0,0,0,0,0,0,0,0,0,0,0,0,0,0,0,0,1
11,65,1,128,1,132,7,141,0,0,0,0,0,0,0,0,0,0,0,0,0,0,0,0,0,0,0,0,0,0,1
1,3,1,128,11,74,0,0,0,0,0,0,0,0,0,0,0,0,0,0,0,0,0,0,0,0,0,0,0,0,1
1,65,11,128,11,132,8,136,0,0,0,0,0,0,0,0,0,0,0,0,0,0,0,0,0,0,0,0,0,0,1
11,3,11,128,1,64,0,0,0,0,0,0,0,0,0,0,0,0,0,0,0,0,0,0,0,0,0,0,0,0,1
12,65,1,128,1,132,7,138,0,0,0,0,0,0,0,0,0,0,0,0,0,0,0,0,0,0,0,0,0,0,1
1,3,1,128,12,77,0,0,0,0,0,0,0,0,0,0,0,0,0,0,0,0,0,0,0,0,0,0,0,0,1
1,65,12,128,12,132,8,136,0,0,0,0,0,0,0,0,0,0,0,0,0,0,0,0,0,0,0,0,0,0,1
12,187,12,10,1,64,0,0,0,0,0,0,0,0,0,0,0,0,0,0,0,0,0,0,0,0,0,0,0,0,1
1,187,13,13,13,32,2,52,171,0,0,0,0,0,0,0,0,0,0,0,0,0,0,0,0,0,0,0,0,0,1
13,187,13,11,1,125,231,0,0,0,0,0,0,0,0,0,0,0,0,0,0,0,0,0,0,0,0,0,0,0,1
13,187,13,14,1,32,3,0,94,177,0,0,0,0,0,0,0,0,0,0,0,0,0,0,0,0,0,0,0,0,1
1,187,13,11,13,55,64,0,0,0,0,0,0,0,0,0,0,0,0,0,0,0,0,0,0,0,0,0,0,0,1
1,187,8,13,10,32,2,146,108,0,0,0,0,0,0,0,0,0,0,0,0,0,0,0,0,0,0,0,0,0,1
10,187,8,11,1,241,195,0,0,0,0,0,0,0,0,0,0,0,0,0,0,0,0,0,0,0,0,0,0,0,1
10,187,14,14,1,32,3,0,87,73,0,0,0,0,0,0,0,0,0,0,0,0,0,0,0,0,0,0,0,0,1
1,187,14,11,10,30,247,0,0,0,0,0,0,0,0,0,0,0,0,0,0,0,0,0,0,0,0,0,0,0,1
1,187,1,17,16,86,1,32,2,77,38,175,162,0,0,0,0,0,0,0,0,0,0,0,0,0,0,0,0,0,1
16,187,1,11,1,45,166,0,0,0,0,0,0,0,0,0,0,0,0,0,0,0,0,0,0,0,0,0,0,0,1
16,187,11,18,1,86,1,32,3,0,140,88,17,194,0,0,0,0,0,0,0,0,0,0,0,0,0,0,0,0,1
1,187,11,11,16,70,124,0,0,0,0,0,0,0,0,0,0,0,0,0,0,0,0,0,0,0,0,0,0,0,1
15,187,1,12,1,132,7,137,0,0,0,0,0,0,0,0,0,0,0,0,0,0,0,0,0,0,0,0,0,0,1
1,187,1,10,15,78,0,0,0,0,0,0,0,0,0,0,0,0,0,0,0,0,0,0,0,0,0,0,0,0,1
1,187,13,12,15,132,8,138,0,0,0,0,0,0,0,0,0,0,0,0,0,0,0,0,0,0,0,0,0,0,1
15,187,13,10,1,66,0,0,0,0,0,0,0,0,0,0,0,0,0,0,0,0,0,0,0,0,0,0,0,0,1
1,187,6,17,9,86,1,32,2,77,38,2,190,0,0,0,0,0,0,0,0,0,0,0,0,0,0,0,0,0,1
9,187,6,11,1,4,16,0,0,0,0,0,0,0,0,0,0,0,0,0,0,0,0,0,0,0,0,0,0,0,1
9,187,2,18,1,86,1,32,3,0,140,88,27,65,0,0,0,0,0,0,0,0,0,0,0,0,0,0,0,0,1
1,187,2,11,9,91,245,0,0,0,0,0,0,0,0,0,0,0,0,0,0,0,0,0,0,0,0,0,0,0,1
1,187,2,13,13,32,2,81,82,0,0,0,0,0,0,0,0,0,0,0,0,0,0,0,0,0,0,0,0,0,1
13,187,2,11,1,81,214,0,0,0,0,0,0,0,0,0,0,0,0,0,0,0,0,0,0,0,0,0,0,0,1
13,187,14,14,1,32,3,0,144,81,0,0,0,0,0,0,0,0,0,0,0,0,0,0,0,0,0,0,0,0,1
1,187,14,11,13,110,16,0,0,0,0,0,0,0,0,0,0,0,0,0,0,0,0,0,0,0,0,0,0,0,1
1,187,9,13,10,32,2,56,61,0,0,0,0,0,0,0,0,0,0,0,0,0,0,0,0,0,0,0,0,0,1
10,187,9,11,1,198,243,0,0,0,0,0,0,0,0,0,0,0,0,0,0,0,0,0,0,0,0,0,0,0,1
10,187,15,14,1,32,3,0,18,233,0,0,0,0,0,0,0,0,0,0,0,0,0,0,0,0,0,0,0,0,1
1,187,15,11,10,41,199,0,0,0,0,0,0,0,0,0,0,0,0,0,0,0,0,0,0,0,0,0,0,0,1
15,187,1,15,1,49,5,1,9,64,117,0,0,0,0,0,0,0,0,0,0,0,0,0,0,0,0,0,0,0,1
1,187,1,10,15,78,0,0,0,0,0,0,0,0,0,0,0,0,0,0,0,0,0,0,0,0,0,0,0,0,1
7,187,15,10,1,72,0,0,0,0,0,0,0,0,0,0,0,0,0,0,0,0,0,0,0,0,0,0,0,0,1
1,187,1,10,7,70,0,0,0,0,0,0,0,0,0,0,0,0,0,0,0,0,0,0,0,0,0,0,0,0,1
1,187,2,17,16,86,1,32,2,77,38,130,230,0,0,0,0,0,0,0,0,0,0,0,0,0,0,0,0,0,1
16,187,2,11,1,116,246,0,0,0,0,0,0,0,0,0,0,0,0,0,0,0,0,0,0,0,0,0,0,0,1
16,187,12,18,1,86,1,32,3,0,140,88,13,56,0,0,0,0,0,0,0,0,0,0,0,0,0,0,0,0,1
1,187,12,11,16,195,236,0,0,0,0,0,0,0,0,0,0,0,0,0,0,0,0,0,0,0,0,0,0,0,1
1,187,7,17,9,86,1,32,2,77,38,233,157,0,0,0,0,0,0,0,0,0,0,0,0,0,0,0,0,0,1
9,187,7,11,1,51,32,0,0,0,0,0,0,0,0,0,0,0,0,0,0,0,0,0,0,0,0,0,0,0,1
9,187,3,18,1,86,1,32,3,0,140,88,116,4,0,0,0,0,0,0,0,0,0,0,0,0,0,0,0,0,1
1,187,3,11,9,108,197,0,0,0,0,0,0,0,0,0,0,0,0,0,0,0,0,0,0,0,0,0,0,0,1
1,187,3,13,13,32,2,251,3,0,0,0,0,0,0,0,0,0,0,0,0,0,0,0,0,0,0,0,0,0,1
13,187,3,11,1,102,230,0,0,0,0,0,0,0,0,0,0,0,0,0,0,0,0,0,0,0,0,0,0,0,1
13,187,15,14,1,32,3,0,213,241,0,0,0,0,0,0,0,0,0,0,0,0,0,0,0,0,0,0,0,0,1
1,187,15,11,13,89,32,0,0,0,0,0,0,0,0,0,0,0,0,0,0,0,0,0,0,0,0,0,0,0,1
10,187,1,33,1,86,1,96,13,1,0,50,2,33,68,0,0,0,0,0,0,0,0,0,0,7,90,178,178,0,1
1,187,1,11,10,50,198,0,0,0,0,0,0,0,0,0,0,0,0,0,0,0,0,0,0,0,0,0,0,0,1
10,187,2,33,1,86,1,96,13,2,0,50,2,33,68,0,0,0,7,0,0,0,0,0,0,246,83,124,110,0,1
1,187,2,11,10,107,150,0,0,0,0,0,0,0,0,0,0,0,0,0,0,0,0,0,0,0,0,0,0,0,1
10,187,3,29,1,86,1,96,13,1,0,50,2,33,50,0,0,0,0,0,0,202,252,221,93,0,0,0,0,0,1
1,187,3,11,10,92,166,0,0,0,0,0,0,0,0,0,0,0,0,0,0,0,0,0,0,0,0,0,0,0,1
10,187,4,29,1,86,1,96,13,2,0,50,2,33,50,0,0,0,0,0,0,207,99,212,221,0,0,0,0,0,1
1,187,4,11,10,217,54,0,0,0,0,0,0,0,0,0,0,0,0,0,0,0,0,0,0,0,0,0,0,0,1
1,187,10,13,10,32,2,214,239,0,0,0,0,0,0,0,0,0,0,0,0,0,0,0,0,0,0,0,0,0,1
10,187,10,11,1,159,163,0,0,0,0,0,0,0,0,0,0,0,0,0,0,0,0,0,0,0,0,0,0,0,1
10,187,5,14,1,32,3,0,148,235,0,0,0,0,0,0,0,0,0,0,0,0,0,0,0,0,0,0,0,0,1
1,187,5,11,10,238,6,0,0,0,0,0,0,0,0,0,0,0,0,0,0,0,0,0,0,0,0,0,0,0,1
1,187,3,17,16,86,1,32,2,77,38,105,197,0,0,0,0,0,0,0,0,0,0,0,0,0,0,0,0,0,1
16,187,3,11,1,67,198,0,0,0,0,0,0,0,0,0,0,0,0,0,0,0,0,0,0,0,0,0,0,0,1
16,187,13,18,1,86,1,32,3,0,140,88,98,125,0,0,0,0,0,0,0,0,0,0,0,0,0,0,0,0,1
1,187,13,11,16,244,220,0,0,0,0,0,0,0,0,0,0,0,0,0,0,0,0,0,0,0,0,0,0,0,1
1,187,8,17,9,86,1,32,2,77,38,113,201,0,0,0,0,0,0,0,0,0,0,0,0,0,0,0,0,0,1
9,187,8,11,1,31,17,0,0,0,0,0,0,0,0,0,0,0,0,0,0,0,0,0,0,0,0,0,0,0,1
9,187,4,18,1,86,1,32,3,0,140,88,104,254,0,0,0,0,0,0,0,0,0,0,0,0,0,0,0,0,1
1,187,4,11,9,233,85,0,0,0,0,0,0,0,0,0,0,0,0,0,0,0,0,0,0,0,0,0,0,0,1
1,187,4,13,13,32,2,156,215,0,0,0,0,0,0,0,0,0,0,0,0,0,0,0,0,0,0,0,0,0,1
13,187,4,11,1,227,118,0,0,0,0,0,0,0,0,0,0,0,0,0,0,0,0,0,0,0,0,0,0,0,1
13,187,1,14,1,32,3,0,85,82,0,0,0,0,0,0,0,0,0,0,0,0,0,0,0,0,0,0,0,0,1
1,187,1,11,13,66,33,0,0,0,0,0,0,0,0,0,0,0,0,0,0,0,0,0,0,0,0,0,0,0,1
1,187,11,13,10,32,2,124,190,0,0,0,0,0,0,0,0,0,0,0,0,0,0,0,0,0,0,0,0,0,1
10,187,11,11,1,168,147,0,0,0,0,0,0,0,0,0,0,0,0,0,0,0,0,0,0,0,0,0,0,0,1
10,187,6,14,1,32,3,0,90,11,0,0,0,0,0,0,0,0,0,0,0,0,0,0,0,0,0,0,0,0,1
1,187,6,11,10,183,86,0,0,0,0,0,0,0,0,0,0,0,0,0,0,0,0,0,0,0,0,0,0,0,1
17,187,1,17,1,49,5,1,42,2,153,78,129,0,0,0,0,0,0,0,0,0,0,0,0,0,0,0,0,0,1
1,187,1,11,17,145,156,0,0,0,0,0,0,0,0,0,0,0,0,0,0,0,0,0,0,0,0,0,0,0,1
17,187,2,16,1,49,5,5,1,24,247,249,0,0,0,0,0,0,0,0,0,0,0,0,0,0,0,0,0,0,1
1,187,2,11,17,200,204,0,0,0,0,0,0,0,0,0,0,0,0,0,0,0,0,0,0,0,0,0,0,0,1
17,187,3,17,1,49,5,3,10,0,0,151,186,0,0,0,0,0,0,0,0,0,0,0,0,0,0,0,0,0,1
1,187,3,11,17,255,252,0,0,0,0,0,0,0,0,0,0,0,0,0,0,0,0,0,0,0,0,0,0,0,1
17,187,4,16,1,49,5,27,1,0,188,105,0,0,0,0,0,0,0,0,0,0,0,0,0,0,0,0,0,0,1
1,187,4,11,17,122,108,0,0,0,0,0,0,0,0,0,0,0,0,0,0,0,0,0,0,0,0,0,0,0,1
17,187,5,13,1,132,7,245,131,0,0,0,0,0,0,0,0,0,0,0,0,0,0,0,0,0,0,0,0,0,1
1,187,5,11,17,77,92,0,0,0,0,0,0,0,0,0,0,0,0,0,0,0,0,0,0,0,0,0,0,0,1
1,187,2,13,17,132,8,23,160,0,0,0,0,0,0,0,0,0,0,0,0,0,0,0,0,0,0,0,0,0,1
17,187,2,11,1,222,167,0,0,0,0,0,0,0,0,0,0,0,0,0,0,0,0,0,0,0,0,0,0,0,1
1,187,5,17,16,86,1,32,2,77,38,51,77,0,0,0,0,0,0,0,0,0,0,0,0,0,0,0,0,0,1
16,187,5,11,1,241,102,0,0,0,0,0,0,0,0,0,0,0,0,0,0,0,0,0,0,0,0,0,0,0,1
16,187,14,18,1,86,1,32,3,0,140,88,211,178,0,0,0,0,0,0,0,0,0,0,0,0,0,0,0,0,1
1,187,14,11,16,173,140,0,0,0,0,0,0,0,0,0,0,0,0,0,0,0,0,0,0,0,0,0,0,0,1
1,187,10,17,9,86,1,32,2,77,38,183,174,0,0,0,0,0,0,0,0,0,0,0,0,0,0,0,0,0,1
9,187,10,11,1,113,113,0,0,0,0,0,0,0,0,0,0,0,0,0,0,0,0,0,0,0,0,0,0,0,1
9,187,5,18,1,86,1,32,3,0,140,88,7,187,0,0,0,0,0,0,0,0,0,0,0,0,0,0,0,0,1
1,187,5,11,9,222,101,0,0,0,0,0,0,0,0,0,0,0,0,0,0,0,0,0,0,0,0,0,0,0,1
1,187,6,13,13,32,2,216,84,0,0,0,0,0,0,0,0,0,0,0,0,0,0,0,0,0,0,0,0,0,1
13,187,6,11,1,141,22,0,0,0,0,0,0,0,0,0,0,0,0,0,0,0,0,0,0,0,0,0,0,0,1
13,187,2,14,1,32,3,0,155,178,0,0,0,0,0,0,0,0,0,0,0,0,0,0,0,0,0,0,0,0,1
1,187,2,11,13,27,113,0,0,0,0,0,0,0,0,0,0,0,0,0,0,0,0,0,0,0,0,0,0,0,1
1,187,13,13,10,32,2,177,59,0,0,0,0,0,0,0,0,0,0,0,0,0,0,0,0,0,0,0,0,0,1
10,187,13,11,1,26,51,0,0,0,0,0,0,0,0,0,0,0,0,0,0,0,0,0,0,0,0,0,0,0,1
10,187,7,14,1,32,3,0,31,171,0,0,0,0,0,0,0,0,0,0,0,0,0,0,0,0,0,0,0,0,1
1,187,7,11,10,128,102,0,0,0,0,0,0,0,0,0,0,0,0,0,0,0,0,0,0,0,0,0,0,0,1
11,187,1,12,1,132,7,141,0,0,0,0,0,0,0,0,0,0,0,0,0,0,0,0,0,0,0,0,0,0,1
1,187,1,10,11,74,0,0,0,0,0,0,0,0,0,0,0,0,0,0,0,0,0,0,0,0,0,0,0,0,1
1,187,1,12,11,132,8,130,0,0,0,0,0,0,0,0,0,0,0,0,0,0,0,0,0,0,0,0,0,0,1
11,187,1,10,1,74,0,0,0,0,0,0,0,0,0,0,0,0,0,0,0,0,0,0,0,0,0,0,0,0,1
12,187,1,12,1,132,7,138,0,0,0,0,0,0,0,0,0,0,0,0,0,0,0,0,0,0,0,0,0,0,1
1,187,1,10,12,77,0,0,0,0,0,0,0,0,0,0,0,0,0,0,0,0,0,0,0,0,0,0,0,0,1
1,187,2,12,12,132,8,134,0,0,0,0,0,0,0,0,0,0,0,0,0,0,0,0,0,0,0,0,0,0,1
12,187,2,10,1,78,0,0,0,0,0,0,0,0,0,0,0,0,0,0,0,0,0,0,0,0,0,0,0,0,1
1,187,7,17,16,86,1,32,2,77,38,245,42,0,0,0,0,0,0,0,0,0,0,0,0,0,0,0,0,0,1
16,187,7,11,1,159,6,0,0,0,0,0,0,0,0,0,0,0,0,0,0,0,0,0,0,0,0,0,0,0,1
16,187,15,18,1,86,1,32,3,0,140,88,188,247,0,0,0,0,0,0,0,0,0,0,0,0,0,0,0,0,1
1,187,15,11,16,154,188,0,0,0,0,0,0,0,0,0,0,0,0,0,0,0,0,0,0,0,0,0,0,0,1
1,187,12,17,9,86,1,32,2,77,38,237,38,0,0,0,0,0,0,0,0,0,0,0,0,0,0,0,0,0,1
9,187,12,11,1,195,209,0,0,0,0,0,0,0,0,0,0,0,0,0,0,0,0,0,0,0,0,0,0,0,1
9,187,6,18,1,86,1,32,3,0,140,88,182,116,0,0,0,0,0,0,0,0,0,0,0,0,0,0,0,0,1
1,187,6,11,9,135,53,0,0,0,0,0,0,0,0,0,0,0,0,0,0,0,0,0,0,0,0,0,0,0,1
1,187,7,13,13,32,2,114,5,0,0,0,0,0,0,0,0,0,0,0,0,0,0,0,0,0,0,0,0,0,1
13,187,7,11,1,186,38,0,0,0,0,0,0,0,0,0,0,0,0,0,0,0,0,0,0,0,0,0,0,0,1
13,187,3,14,1,32,3,0,222,18,0,0,0,0,0,0,0,0,0,0,0,0,0,0,0,0,0,0,0,0,1
1,187,3,11,13,44,65,0,0,0,0,0,0,0,0,0,0,0,0,0,0,0,0,0,0,0,0,0,0,0,1
1,187,2,13,10,32,2,212,194,0,0,0,0,0,0,0,0,0,0,0,0,0,0,0,0,0,0,0,0,0,1
10,187,2,11,1,54,2,0,0,0,0,0,0,0,0,0,0,0,0,0,0,0,0,0,0,0,0,0,0,0,1
10,187,8,14,1,32,3,0,218,168,0,0,0,0,0,0,0,0,0,0,0,0,0,0,0,0,0,0,0,0,1
1,187,8,11,10,172,87,0,0,0,0,0,0,0,0,0,0,0,0,0,0,0,0,0,0,0,0,0,0,0,1
7,187,4,10,1,67,0,0,0,0,0,0,0,0,0,0,0,0,0,0,0,0,0,0,0,0,0,0,0,0,1
1,187,1,10,7,70,0,0,0,0,0,0,0,0,0,0,0,0,0,0,0,0,0,0,0,0,0,0,0,0,1
1,187,11,17,16,86,1,32,2,77,38,64,58,0,0,0,0,0,0,0,0,0,0,0,0,0,0,0,0,0,1
16,187,11,11,1,234,103,0,0,0,0,0,0,0,0,0,0,0,0,0,0,0,0,0,0,0,0,0,0,0,1
16,187,1,18,1,86,1,32,3,0,140,88,133,3,0,0,0,0,0,0,0,0,0,0,0,0,0,0,0,0,1
1,187,1,11,16,129,189,0,0,0,0,0,0,0,0,0,0,0,0,0,0,0,0,0,0,0,0,0,0,0,1
1,187,1,17,9,86,1,32,2,77,38,179,21,0,0,0,0,0,0,0,0,0,0,0,0,0,0,0,0,0,1
9,187,1,11,1,129,128,0,0,0,0,0,0,0,0,0,0,0,0,0,0,0,0,0,0,0,0,0,0,0,1
9,187,7,18,1,86,1,32,3,0,140,88,217,49,0,0,0,0,0,0,0,0,0,0,0,0,0,0,0,0,1
1,187,7,11,9,176,5,0,0,0,0,0,0,0,0,0,0,0,0,0,0,0,0,0,0,0,0,0,0,0,1
1,187,5,12,8,37,2,46,0,0,0,0,0,0,0,0,0,0,0,0,0,0,0,0,0,0,0,0,0,0,1
1,187,5,12,8,37,2,46,0,0,0,0,0,0,0,0,0,0,0,0,0,0,0,0,0,0,0,0,0,0,1
1,187,5,12,8,37,2,46,0,0,0,0,0,0,0,0,0,0,0,0,0,0,0,0,0,0,0,0,0,0,1
1,187,6,12,8,37,2,45,0,0,0,0,0,0,0,0,0,0,0,0,0,0,0,0,0,0,0,0,0,0,1
8,187,6,10,1,78,0,0,0,0,0,0,0,0,0,0,0,0,0,0,0,0,0,0,0,0,0,0,0,0,1
8,187,65,13,1,37,3,0,106,0,0,0,0,0,0,0,0,0,0,0,0,0,0,0,0,0,0,0,0,0,1
1,187,1,10,8,73,0,0,0,0,0,0,0,0,0,0,0,0,0,0,0,0,0,0,0,0,0,0,0,0,1
1,187,12,13,13,32,2,158,250,0,0,0,0,0,0,0,0,0,0,0,0,0,0,0,0,0,0,0,0,0,1
13,187,12,11,1,74,215,0,0,0,0,0,0,0,0,0,0,0,0,0,0,0,0,0,0,0,0,0,0,0,1
13,187,4,14,1,32,3,0,22,83,0,0,0,0,0,0,0,0,0,0,0,0,0,0,0,0,0,0,0,0,1
1,187,4,11,13,169,209,0,0,0,0,0,0,0,0,0,0,0,0,0,0,0,0,0,0,0,0,0,0,0,1
10,187,9,33,1,86,1,96,13,1,0,50,2,33,68,0,0,0,0,0,0,0,0,0,0,7,90,191,80,0,1
1,187,9,11,10,155,103,0,0,0,0,0,0,0,0,0,0,0,0,0,0,0,0,0,0,0,0,0,0,0,1
10,187,10,33,1,86,1,96,13,2,0,50,2,33,68,0,0,0,8,0,0,0,0,0,0,124,186,113,140,0,1
1,187,10,11,10,194,55,0,0,0,0,0,0,0,0,0,0,0,0,0,0,0,0,0,0,0,0,0,0,0,1
10,187,11,29,1,86,1,96,13,1,0,50,2,33,50,0,0,0,0,0,0,202,252,18,43,0,0,0,0,0,1
1,187,11,11,10,245,7,0,0,0,0,0,0,0,0,0,0,0,0,0,0,0,0,0,0,0,0,0,0,0,1
10,187,12,29,1,86,1,96,13,2,0,50,2,33,50,0,0,0,0,0,0,207,99,27,171,0,0,0,0,0,1
1,187,12,11,10,112,151,0,0,0,0,0,0,0,0,0,0,0,0,0,0,0,0,0,0,0,0,0,0,0,1
1,187,3,13,10,32,2,126,147,0,0,0,0,0,0,0,0,0,0,0,0,0,0,0,0,0,0,0,0,0,1
10,187,3,11,1,1,50,0,0,0,0,0,0,0,0,0,0,0,0,0,0,0,0,0,0,0,0,0,0,0,1
10,187,13,14,1,32,3,0,153,169,0,0,0,0,0,0,0,0,0,0,0,0,0,0,0,0,0,0,0,0,1
1,187,13,11,10,71,167,0,0,0,0,0,0,0,0,0,0,0,0,0,0,0,0,0,0,0,0,0,0,0,1
1,187,12,17,16,86,1,32,2,77,38,241,145,0,0,0,0,0,0,0,0,0,0,0,0,0,0,0,0,0,1
16,187,12,11,1,111,247,0,0,0,0,0,0,0,0,0,0,0,0,0,0,0,0,0,0,0,0,0,0,0,1
16,187,2,18,1,86,1,32,3,0,140,88,52,204,0,0,0,0,0,0,0,0,0,0,0,0,0,0,0,0,1
1,187,2,11,16,216,237,0,0,0,0,0,0,0,0,0,0,0,0,0,0,0,0,0,0,0,0,0,0,0,1
1,187,2,17,9,86,1,32,2,77,38,158,81,0,0,0,0,0,0,0,0,0,0,0,0,0,0,0,0,0,1
9,187,2,11,1,216,208,0,0,0,0,0,0,0,0,0,0,0,0,0,0,0,0,0,0,0,0,0,0,0,1
9,187,8,18,1,86,1,32,3,0,140,88,143,128,0,0,0,0,0,0,0,0,0,0,0,0,0,0,0,0,1
1,187,8,11,9,156,52,0,0,0,0,0,0,0,0,0,0,0,0,0,0,0,0,0,0,0,0,0,0,0,1
1,187,13,13,13,32,2,52,171,0,0,0,0,0,0,0,0,0,0,0,0,0,0,0,0,0,0,0,0,0,1
13,187,13,11,1,125,231,0,0,0,0,0,0,0,0,0,0,0,0,0,0,0,0,0,0,0,0,0,0,0,1
13,187,5,14,1,32,3,0,83,243,0,0,0,0,0,0,0,0,0,0,0,0,0,0,0,0,0,0,0,0,1
1,187,5,11,13,158,225,0,0,0,0,0,0,0,0,0,0,0,0,0,0,0,0,0,0,0,0,0,0,0,1
1,187,4,13,10,32,2,25,71,0,0,0,0,0,0,0,0,0,0,0,0,0,0,0,0,0,0,0,0,0,1
10,187,4,11,1,132,162,0,0,0,0,0,0,0,0,0,0,0,0,0,0,0,0,0,0,0,0,0,0,0,1
10,187,14,14,1,32,3,0,87,73,0,0,0,0,0,0,0,0,0,0,0,0,0,0,0,0,0,0,0,0,1
1,187,14,11,10,30,247,0,0,0,0,0,0,0,0,0,0,0,0,0,0,0,0,0,0,0,0,0,0,0,1
17,187,1,17,1,49,5,1,42,2,138,108,211,0,0,0,0,0,0,0,0,0,0,0,0,0,0,0,0,0,1
1,187,1,11,17,145,156,0,0,0,0,0,0,0,0,0,0,0,0,0,0,0,0,0,0,0,0,0,0,0,1
17,187,2,16,1,49,5,5,1,25,231,216,0,0,0,0,0,0,0,0,0,0,0,0,0,0,0,0,0,0,1
1,187,2,11,17,200,204,0,0,0,0,0,0,0,0,0,0,0,0,0,0,0,0,0,0,0,0,0,0,0,1
17,187,3,17,1,49,5,3,10,0,0,151,186,0,0,0,0,0,0,0,0,0,0,0,0,0,0,0,0,0,1
1,187,3,11,17,255,252,0,0,0,0,0,0,0,0,0,0,0,0,0,0,0,0,0,0,0,0,0,0,0,1
17,187,4,16,1,49,5,27,1,0,188,105,0,0,0,0,0,0,0,0,0,0,0,0,0,0,0,0,0,0,1
1,187,4,11,17,122,108,0,0,0,0,0,0,0,0,0,0,0,0,0,0,0,0,0,0,0,0,0,0,0,1
17,187,5,13,1,132,7,245,131,0,0,0,0,0,0,0,0,0,0,0,0,0,0,0,0,0,0,0,0,0,1
1,187,5,11,17,77,92,0,0,0,0,0,0,0,0,0,0,0,0,0,0,0,0,0,0,0,0,0,0,0,1
1,187,8,13,17,132,8,81,14,0,0,0,0,0,0,0,0,0,0,0,0,0,0,0,0,0,0,0,0,0,1
17,187,8,11,1,25,102,0,0,0,0,0,0,0,0,0,0,0,0,0,0,0,0,0,0,0,0,0,0,0,1
1,187,14,17,16,86,1,32,2,77,38,55,246,0,0,0,0,0,0,0,0,0,0,0,0,0,0,0,0,0,1
16,187,14,11,1,1,151,0,0,0,0,0,0,0,0,0,0,0,0,0,0,0,0,0,0,0,0,0,0,0,1
16,187,3,18,1,86,1,32,3,0,140,88,91,137,0,0,0,0,0,0,0,0,0,0,0,0,0,0,0,0,1
1,187,3,11,16,239,221,0,0,0,0,0,0,0,0,0,0,0,0,0,0,0,0,0,0,0,0,0,0,0,1
1,187,4,17,9,86,1,32,2,77,38,196,217,0,0,0,0,0,0,0,0,0,0,0,0,0,0,0,0,0,1
9,187,4,11,1,106,112,0,0,0,0,0,0,0,0,0,0,0,0,0,0,0,0,0,0,0,0,0,0,0,1
9,65,113,18,1,86,1,32,3,0,140,88,224,197,0,0,0,0,0,0,0,0,0,0,0,0,0,0,0,0,1
1,3,113,11,9,171,4,0,0,0,0,0,0,0,0,0,0,0,0,0,0,0,0,0,0,0,0,0,0,0,1
1,65,113,13,13,32,2,112,40,0,0,0,0,0,0,0,0,0,0,0,0,0,0,0,0,0,0,0,0,0,1
13,3,113,11,1,19,135,0,0,0,0,0,0,0,0,0,0,0,0,0,0,0,0,0,0,0,0,0,0,0,1
13,65,113,14,1,32,3,0,157,19,0,0,0,0,0,0,0,0,0,0,0,0,0,0,0,0,0,0,0,0,1
1,3,113,11,13,199,177,0,0,0,0,0,0,0,0,0,0,0,0,0,0,0,0,0,0,0,0,0,0,0,1
1,65,113,13,10,32,2,93,196,0,0,0,0,0,0,0,0,0,0,0,0,0,0,0,0,0,0,0,0,0,1
10,3,113,11,1,234,194,0,0,0,0,0,0,0,0,0,0,0,0,0,0,0,0,0,0,0,0,0,0,0,1
10,65,113,14,1,32,3,0,18,233,0,0,0,0,0,0,0,0,0,0,0,0,0,0,0,0,0,0,0,0,1
1,3,113,11,10,41,199,0,0,0,0,0,0,0,0,0,0,0,0,0,0,0,0,0,0,0,0,0,0,0,1
1,65,113,17,16,86,1,32,2,77,38,220,213,0,0,0,0,0,0,0,0,0,0,0,0,0,0,0,0,0,1
16,3,113,11,1,54,167,0,0,0,0,0,0,0,0,0,0,0,0,0,0,0,0,0,0,0,0,0,0,0,1
16,65,113,18,1,86,1,32,3,0,140,88,71,115,0,0,0,0,0,0,0,0,0,0,0,0,0,0,0,0,1
1,3,113,11,16,106,77,0,0,0,0,0,0,0,0,0,0,0,0,0,0,0,0,0,0,0,0,0,0,0,1
1,65,113,17,9,86,1,32,2,77,38,47,250,0,0,0,0,0,0,0,0,0,0,0,0,0,0,0,0,0,1
9,3,113,11,1,93,64,0,0,0,0,0,0,0,0,0,0,0,0,0,0,0,0,0,0,0,0,0,0,0,1
9,65,113,18,1,86,1,32,3,0,140,88,81,10,0,0,0,0,0,0,0,0,0,0,0,0,0,0,0,0,1
1,3,113,11,9,242,84,0,0,0,0,0,0,0,0,0,0,0,0,0,0,0,0,0,0,0,0,0,0,0,1
1,65,113,13,13,32,2,191,128,0,0,0,0,0,0,0,0,0,0,0,0,0,0,0,0,0,0,0,0,0,1
13,3,113,11,1,8,134,0,0,0,0,0,0,0,0,0,0,0,0,0,0,0,0,0,0,0,0,0,0,0,1
13,65,113,14,1,32,3,0,216,179,0,0,0,0,0,0,0,0,0,0,0,0,0,0,0,0,0,0,0,0,1
1,3,113,11,13,240,129,0,0,0,0,0,0,0,0,0,0,0,0,0,0,0,0,0,0,0,0,0,0,0,1
11,65,113,12,1,132,7,141,0,0,0,0,0,0,0,0,0,0,0,0,0,0,0,0,0,0,0,0,0,0,1
1,3,113,10,11,74,0,0,0,0,0,0,0,0,0,0,0,0,0,0,0,0,0,0,0,0,0,0,0,0,1
1,65,113,12,11,132,8,132,0,0,0,0,0,0,0,0,0,0,0,0,0,0,0,0,0,0,0,0,0,0,1
11,3,113,10,1,76,0,0,0,0,0,0,0,0,0,0,0,0,0,0,0,0,0,0,0,0,0,0,0,0,1
12,65,113,12,1,132,7,138,0,0,0,0,0,0,0,0,0,0,0,0,0,0,0,0,0,0,0,0,0,0,1
1,3,113,10,12,77,0,0,0,0,0,0,0,0,0,0,0,0,0,0,0,0,0,0,0,0,0,0,0,0,1
1,65,113,12,12,132,8,140,0,0,0,0,0,0,0,0,0,0,0,0,0,0,0,0,0,0,0,0,0,0,1
12,3,113,10,1,68,0,0,0,0,0,0,0,0,0,0,0,0,0,0,0,0,0,0,0,0,0,0,0,0,1
1,65,113,13,10,32,2,247,149,0,0,0,0,0,0,0,0,0,0,0,0,0,0,0,0,0,0,0,0,0,1
10,3,113,11,1,221,242,0,0,0,0,0,0,0,0,0,0,0,0,0,0,0,0,0,0,0,0,0,0,0,1
10,65,113,14,1,32,3,0,146,74,0,0,0,0,0,0,0,0,0,0,0,0,0,0,0,0,0,0,0,0,1
1,3,113,11,10,50,198,0,0,0,0,0,0,0,0,0,0,0,0,0,0,0,0,0,0,0,0,0,0,0,1
7,3,113,10,1,77,0,0,0,0,0,0,0,0,0,0,0,0,0,0,0,0,0,0,0,0,0,0,0,0,1
1,3,113,10,7,70,0,0,0,0,0,0,0,0,0,0,0,0,0,0,0,0,0,0,0,0,0,0,0,0,1
1,65,113,12,15,49,4,53,0,0,0,0,0,0,0,0,0,0,0,0,0,0,0,0,0,0,0,0,0,0,1
1,65,113,12,15,49,4,53,0,0,0,0,0,0,0,0,0,0,0,0,0,0,0,0,0,0,0,0,0,0,1
1,65,113,12,15,49,4,53,0,0,0,0,0,0,0,0,0,0,0,0,0,0,0,0,0,0,0,0,0,0,1
1,129,113,15,15,0,16,13,49,4,232,0,0,0,0,0,0,0,0,0,0,0,0,0,0,0,0,0,0,0,1
1,129,113,15,15,0,17,13,49,4,233,0,0,0,0,0,0,0,0,0,0,0,0,0,0,0,0,0,0,0,1
1,129,113,15,15,0,17,13,49,4,233,0,0,0,0,0,0,0,0,0,0,0,0,0,0,0,0,0,0,0,1
1,129,113,15,15,0,17,13,49,4,233,0,0,0,0,0,0,0,0,0,0,0,0,0,0,0,0,0,0,0,1
15,193,113,13,1,21,31,13,133,0,0,0,0,0,0,0,0,0,0,0,0,0,0,0,0,0,0,0,0,0,1
1,3,113,10,13,69,0,0,0,0,0,0,0,0,0,0,0,0,0,0,0,0,0,0,0,0,0,0,0,0,1
1,65,113,12,15,49,4,50,0,0,0,0,0,0,0,0,0,0,0,0,0,0,0,0,0,0,0,0,0,0,1
1,65,113,12,15,49,4,50,0,0,0,0,0,0,0,0,0,0,0,0,0,0,0,0,0,0,0,0,0,0,1
1,65,113,12,15,49,4,50,0,0,0,0,0,0,0,0,0,0,0,0,0,0,0,0,0,0,0,0,0,0,1
1,129,113,16,15,0,32,16,13,49,4,214,0,0,0,0,0,0,0,0,0,0,0,0,0,0,0,0,0,0,1
1,129,113,16,15,0,33,16,13,49,4,215,0,0,0,0,0,0,0,0,0,0,0,0,0,0,0,0,0,0,1
1,129,113,16,15,0,34,16,13,49,4,212,0,0,0,0,0,0,0,0,0,0,0,0,0,0,0,0,0,0,1
1,129,113,16,15,0,34,16,13,49,4,212,0,0,0,0,0,0,0,0,0,0,0,0,0,0,0,0,0,0,1
1,129,113,16,15,0,34,16,13,49,4,212,0,0,0,0,0,0,0,0,0,0,0,0,0,0,0,0,0,0,1
15,129,113,14,1,37,32,16,13,216,0,0,0,0,0,0,0,0,0,0,0,0,0,0,0,0,0,0,0,0,1
15,193,113,14,1,37,47,16,13,151,0,0,0,0,0,0,0,0,0,0,0,0,0,0,0,0,0,0,0,0,1
1,3,113,10,16,89,0,0,0,0,0,0,0,0,0,0,0,0,0,0,0,0,0,0,0,0,0,0,0,0,1
1,129,113,16,15,0,32,16,9,49,4,209,0,0,0,0,0,0,0,0,0,0,0,0,0,0,0,0,0,0,1
1,129,113,16,15,0,33,16,9,49,4,208,0,0,0,0,0,0,0,0,0,0,0,0,0,0,0,0,0,0,1
1,129,113,16,15,0,34,16,9,49,4,211,0,0,0,0,0,0,0,0,0,0,0,0,0,0,0,0,0,0,1
1,129,113,16,15,0,34,16,9,49,4,211,0,0,0,0,0,0,0,0,0,0,0,0,0,0,0,0,0,0,1
1,129,113,16,15,0,34,16,9,49,4,211,0,0,0,0,0,0,0,0,0,0,0,0,0,0,0,0,0,0,1
15,129,113,14,1,37,32,16,9,223,0,0,0,0,0,0,0,0,0,0,0,0,0,0,0,0,0,0,0,0,1
15,193,113,14,1,37,47,16,9,144,0,0,0,0,0,0,0,0,0,0,0,0,0,0,0,0,0,0,0,0,1
1,3,113,10,16,90,0,0,0,0,0,0,0,0,0,0,0,0,0,0,0,0,0,0,0,0,0,0,0,0,1
1,129,113,15,15,0,16,13,49,4,235,0,0,0,0,0,0,0,0,0,0,0,0,0,0,0,0,0,0,0,1
1,129,113,15,15,0,17,13,49,4,234,0,0,0,0,0,0,0,0,0,0,0,0,0,0,0,0,0,0,0,1
1,129,113,15,15,0,17,13,49,4,234,0,0,0,0,0,0,0,0,0,0,0,0,0,0,0,0,0,0,0,1
1,129,113,15,15,0,17,13,49,4,234,0,0,0,0,0,0,0,0,0,0,0,0,0,0,0,0,0,0,0,1
15,193,113,13,1,21,31,13,134,0,0,0,0,0,0,0,0,0,0,0,0,0,0,0,0,0,0,0,0,0,1
1,3,113,10,13,70,0,0,0,0,0,0,0,0,0,0,0,0,0,0,0,0,0,0,0,0,0,0,0,0,1
1,129,113,16,15,0,32,13,10,49,4,201,0,0,0,0,0,0,0,0,0,0,0,0,0,0,0,0,0,0,1
1,129,113,16,15,0,33,13,10,49,4,200,0,0,0,0,0,0,0,0,0,0,0,0,0,0,0,0,0,0,1
1,129,113,16,15,0,34,13,10,49,4,203,0,0,0,0,0,0,0,0,0,0,0,0,0,0,0,0,0,0,1
1,129,113,16,15,0,34,13,10,49,4,203,0,0,0,0,0,0,0,0,0,0,0,0,0,0,0,0,0,0,1
1,129,113,16,15,0,34,13,10,49,4,203,0,0,0,0,0,0,0,0,0,0,0,0,0,0,0,0,0,0,1
15,129,113,14,1,37,32,13,10,199,0,0,0,0,0,0,0,0,0,0,0,0,0,0,0,0,0,0,0,0,1
15,193,113,14,1,37,47,13,10,136,0,0,0,0,0,0,0,0,0,0,0,0,0,0,0,0,0,0,0,0,1
1,3,113,10,13,65,0,0,0,0,0,0,0,0,0,0,0,0,0,0,0,0,0,0,0,0,0,0,0,0,1
1,129,113,15,15,0,16,10,49,4,234,0,0,0,0,0,0,0,0,0,0,0,0,0,0,0,0,0,0,0,1
1,129,113,15,15,0,17,10,49,4,235,0,0,0,0,0,0,0,0,0,0,0,0,0,0,0,0,0,0,0,1
1,129,113,15,15,0,17,10,49,4,235,0,0,0,0,0,0,0,0,0,0,0,0,0,0,0,0,0,0,0,1
1,129,113,15,15,0,17,10,49,4,235,0,0,0,0,0,0,0,0,0,0,0,0,0,0,0,0,0,0,0,1
15,193,113,13,1,21,31,10,135,0,0,0,0,0,0,0,0,0,0,0,0,0,0,0,0,0,0,0,0,0,1
1,3,113,10,10,71,0,0,0,0,0,0,0,0,0,0,0,0,0,0,0,0,0,0,0,0,0,0,0,0,1
1,65,113,12,15,49,4,51,0,0,0,0,0,0,0,0,0,0,0,0,0,0,0,0,0,0,0,0,0,0,1
1,65,113,12,15,49,4,51,0,0,0,0,0,0,0,0,0,0,0,0,0,0,0,0,0,0,0,0,0,0,1
1,65,113,12,15,49,4,51,0,0,0,0,0,0,0,0,0,0,0,0,0,0,0,0,0,0,0,0,0,0,1
1,69,113,20,15,32,0,250,64,0,0,0,0,49,4,182,0,0,0,0,0,0,0,0,0,0,0,0,0,0,1
1,69,113,20,15,32,0,250,49,9,0,0,0,49,4,206,0,0,0,0,0,0,0,0,0,0,0,0,0,0,1
1,69,113,20,15,32,0,250,49,16,0,0,0,49,4,215,0,0,0,0,0,0,0,0,0,0,0,0,0,0,1
1,69,113,20,15,32,0,250,49,10,0,0,0,49,4,205,0,0,0,0,0,0,0,0,0,0,0,0,0,0,1
1,69,113,20,15,32,0,250,49,13,0,0,0,49,4,202,0,0,0,0,0,0,0,0,0,0,0,0,0,0,1
1,69,113,20,15,32,0,250,49,18,0,0,0,49,4,213,0,0,0,0,0,0,0,0,0,0,0,0,0,0,1
1,65,113,17,16,86,1,32,2,77,38,175,162,0,0,0,0,0,0,0,0,0,0,0,0,0,0,0,0,0,1
16,3,113,11,1,45,166,0,0,0,0,0,0,0,0,0,0,0,0,0,0,0,0,0,0,0,0,0,0,0,1
16,65,113,18,1,86,1,32,3,0,140,88,40,54,0,0,0,0,0,0,0,0,0,0,0,0,0,0,0,0,1
1,3,113,11,16,93,125,0,0,0,0,0,0,0,0,0,0,0,0,0,0,0,0,0,0,0,0,0,0,0,1
1,65,113,17,9,86,1,32,2,77,38,2,190,0,0,0,0,0,0,0,0,0,0,0,0,0,0,0,0,0,1
9,3,113,11,1,4,16,0,0,0,0,0,0,0,0,0,0,0,0,0,0,0,0,0,0,0,0,0,0,0,1
9,65,113,18,1,86,1,32,3,0,140,88,62,79,0,0,0,0,0,0,0,0,0,0,0,0,0,0,0,0,1
1,3,113,11,9,197,100,0,0,0,0,0,0,0,0,0,0,0,0,0,0,0,0,0,0,0,0,0,0,0,1
1,65,113,12,15,49,4,48,0,0,0,0,0,0,0,0,0,0,0,0,0,0,0,0,0,0,0,0,0,0,1
1,65,113,12,15,49,4,48,0,0,0,0,0,0,0,0,0,0,0,0,0,0,0,0,0,0,0,0,0,0,1
1,65,113,12,15,49,4,48,0,0,0,0,0,0,0,0,0,0,0,0,0,0,0,0,0,0,0,0,0,0,1
1,65,113,12,15,49,4,49,0,0,0,0,0,0,0,0,0,0,0,0,0,0,0,0,0,0,0,0,0,0,1
1,65,113,12,15,49,4,49,0,0,0,0,0,0,0,0,0,0,0,0,0,0,0,0,0,0,0,0,0,0,1
1,65,113,12,15,49,4,49,0,0,0,0,0,0,0,0,0,0,0,0,0,0,0,0,0,0,0,0,0,0,1
1,129,113,16,15,0,32,16,13,49,4,208,0,0,0,0,0,0,0,0,0,0,0,0,0,0,0,0,0,0,1
1,129,113,16,15,0,33,16,13,49,4,209,0,0,0,0,0,0,0,0,0,0,0,0,0,0,0,0,0,0,1
1,129,113,16,15,0,34,16,13,49,4,210,0,0,0,0,0,0,0,0,0,0,0,0,0,0,0,0,0,0,1
1,129,113,16,15,0,34,16,13,49,4,210,0,0,0,0,0,0,0,0,0,0,0,0,0,0,0,0,0,0,1
1,129,113,16,15,0,34,16,13,49,4,210,0,0,0,0,0,0,0,0,0,0,0,0,0,0,0,0,0,0,1
15,129,113,14,1,37,32,16,13,222,0,0,0,0,0,0,0,0,0,0,0,0,0,0,0,0,0,0,0,0,1
15,193,113,14,1,37,47,16,13,145,0,0,0,0,0,0,0,0,0,0,0,0,0,0,0,0,0,0,0,0,1
1,3,113,10,16,95,0,0,0,0,0,0,0,0,0,0,0,0,0,0,0,0,0,0,0,0,0,0,0,0,1
1,129,113,16,15,0,32,16,9,49,4,218,0,0,0,0,0,0,0,0,0,0,0,0,0,0,0,0,0,0,1
1,129,113,16,15,0,33,16,9,49,4,219,0,0,0,0,0,0,0,0,0,0,0,0,0,0,0,0,0,0,1
1,129,113,16,15,0,34,16,9,49,4,216,0,0,0,0,0,0,0,0,0,0,0,0,0,0,0,0,0,0,1
1,129,113,16,15,0,34,16,9,49,4,216,0,0,0,0,0,0,0,0,0,0,0,0,0,0,0,0,0,0,1
1,129,113,16,15,0,34,16,9,49,4,216,0,0,0,0,0,0,0,0,0,0,0,0,0,0,0,0,0,0,1
15,129,113,14,1,37,32,16,9,212,0,0,0,0,0,0,0,0,0,0,0,0,0,0,0,0,0,0,0,0,1
15,193,113,14,1,37,47,16,9,155,0,0,0,0,0,0,0,0,0,0,0,0,0,0,0,0,0,0,0,0,1
1,3,113,10,16,81,0,0,0,0,0,0,0,0,0,0,0,0,0,0,0,0,0,0,0,0,0,0,0,0,1
1,129,113,15,15,0,16,9,49,4,230,0,0,0,0,0,0,0,0,0,0,0,0,0,0,0,0,0,0,0,1
1,129,113,15,15,0,17,9,49,4,231,0,0,0,0,0,0,0,0,0,0,0,0,0,0,0,0,0,0,0,1
1,129,113,15,15,0,17,9,49,4,231,0,0,0,0,0,0,0,0,0,0,0,0,0,0,0,0,0,0,0,1
1,129,113,15,15,0,17,9,49,4,231,0,0,0,0,0,0,0,0,0,0,0,0,0,0,0,0,0,0,0,1
15,193,113,13,1,21,31,9,139,0,0,0,0,0,0,0,0,0,0,0,0,0,0,0,0,0,0,0,0,0,1
1,3,113,10,9,75,0,0,0,0,0,0,0,0,0,0,0,0,0,0,0,0,0,0,0,0,0,0,0,0,1
1,129,113,16,15,0,32,9,10,49,4,194,0,0,0,0,0,0,0,0,0,0,0,0,0,0,0,0,0,0,1
1,129,113,16,15,0,33,9,10,49,4,195,0,0,0,0,0,0,0,0,0,0,0,0,0,0,0,0,0,0,1
1,129,113,16,15,0,34,9,10,49,4,192,0,0,0,0,0,0,0,0,0,0,0,0,0,0,0,0,0,0,1
1,129,113,16,15,0,34,9,10,49,4,192,0,0,0,0,0,0,0,0,0,0,0,0,0,0,0,0,0,0,1
1,129,113,16,15,0,34,9,10,49,4,192,0,0,0,0,0,0,0,0,0,0,0,0,0,0,0,0,0,0,1
15,129,113,14,1,37,32,9,10,204,0,0,0,0,0,0,0,0,0,0,0,0,0,0,0,0,0,0,0,0,1
15,193,113,14,1,37,47,9,10,131,0,0,0,0,0,0,0,0,0,0,0,0,0,0,0,0,0,0,0,0,1
1,3,113,10,9,74,0,0,0,0,0,0,0,0,0,0,0,0,0,0,0,0,0,0,0,0,0,0,0,0,1
1,129,113,15,15,0,16,13,49,4,228,0,0,0,0,0,0,0,0,0,0,0,0,0,0,0,0,0,0,0,1
1,129,113,15,15,0,17,13,49,4,229,0,0,0,0,0,0,0,0,0,0,0,0,0,0,0,0,0,0,0,1
1,129,113,15,15,0,17,13,49,4,229,0,0,0,0,0,0,0,0,0,0,0,0,0,0,0,0,0,0,0,1
1,129,113,15,15,0,17,13,49,4,229,0,0,0,0,0,0,0,0,0,0,0,0,0,0,0,0,0,0,0,1
15,193,113,13,1,21,31,13,137,0,0,0,0,0,0,0,0,0,0,0,0,0,0,0,0,0,0,0,0,0,1
1,3,113,10,13,73,0,0,0,0,0,0,0,0,0,0,0,0,0,0,0,0,0,0,0,0,0,0,0,0,1
1,65,113,12,15,49,4,63,0,0,0,0,0,0,0,0,0,0,0,0,0,0,0,0,0,0,0,0,0,0,1
1,65,113,12,15,49,4,63,0,0,0,0,0,0,0,0,0,0,0,0,0,0,0,0,0,0,0,0,0,0,1
1,65,113,12,15,49,4,63,0,0,0,0,0,0,0,0,0,0,0,0,0,0,0,0,0,0,0,0,0,0,1
1,69,113,20,15,32,0,250,64,0,0,0,0,49,4,189,0,0,0,0,0,0,0,0,0,0,0,0,0,0,1
1,69,113,20,15,32,0,250,49,13,0,0,0,49,4,193,0,0,0,0,0,0,0,0,0,0,0,0,0,0,1
1,69,113,20,15,32,0,250,49,18,0,0,0,49,4,222,0,0,0,0,0,0,0,0,0,0,0,0,0,0,1
1,69,113,20,15,32,0,250,49,9,0,0,0,49,4,197,0,0,0,0,0,0,0,0,0,0,0,0,0,0,1
1,69,113,20,15,32,0,250,49,10,0,0,0,49,4,198,0,0,0,0,0,0,0,0,0,0,0,0,0,0,1
1,69,113,20,15,32,0,250,49,16,0,0,0,49,4,220,0,0,0,0,0,0,0,0,0,0,0,0,0,0,1
1,65,113,13,13,32,2,54,134,0,0,0,0,0,0,0,0,0,0,0,0,0,0,0,0,0,0,0,0,0,1
13,3,113,11,1,212,70,0,0,0,0,0,0,0,0,0,0,0,0,0,0,0,0,0,0,0,0,0,0,0,1
13,65,113,14,1,32,3,0,29,176,0,0,0,0,0,0,0,0,0,0,0,0,0,0,0,0,0,0,0,0,1
1,3,113,11,13,220,176,0,0,0,0,0,0,0,0,0,0,0,0,0,0,0,0,0,0,0,0,0,0,0,1
10,65,113,33,1,86,1,96,13,1,0,50,2,33,68,0,0,0,0,0,0,0,0,0,0,7,90,124,110,0,1
1,3,113,11,10,107,150,0,0,0,0,0,0,0,0,0,0,0,0,0,0,0,0,0,0,0,0,0,0,0,1
10,65,113,33,1,86,1,96,13,2,0,50,2,33,68,0,0,0,9,0,0,0,0,0,0,196,219,57,218,0,1
1,3,113,11,10,92,166,0,0,0,0,0,0,0,0,0,0,0,0,0,0,0,0,0,0,0,0,0,0,0,1
10,65,113,29,1,86,1,96,13,1,0,50,2,33,50,0,0,0,0,0,0,202,252,212,221,0,0,0,0,0,1
1,3,113,11,10,217,54,0,0,0,0,0,0,0,0,0,0,0,0,0,0,0,0,0,0,0,0,0,0,0,1
10,65,113,29,1,86,1,96,13,2,0,50,2,33,50,0,0,0,0,0,0,207,99,1,43,0,0,0,0,0,1
1,3,113,11,10,238,6,0,0,0,0,0,0,0,0,0,0,0,0,0,0,0,0,0,0,0,0,0,0,0,1
1,65,113,13,10,32,2,124,190,0,0,0,0,0,0,0,0,0,0,0,0,0,0,0,0,0,0,0,0,0,1
10,3,113,11,1,168,147,0,0,0,0,0,0,0,0,0,0,0,0,0,0,0,0,0,0,0,0,0,0,0,1
10,65,113,14,1,32,3,0,90,11,0,0,0,0,0,0,0,0,0,0,0,0,0,0,0,0,0,0,0,0,1
1,3,113,11,10,183,86,0,0,0,0,0,0,0,0,0,0,0,0,0,0,0,0,0,0,0,0,0,0,0,1
1,65,113,17,16,86,1,32,2,77,38,51,77,0,0,0,0,0,0,0,0,0,0,0,0,0,0,0,0,0,1
16,65,113,18,1,86,1,32,3,0,140,88,153,249,0,0,0,0,0,0,0,0,0,0,0,0,0,0,0,0,1
1,3,113,11,16,4,45,0,0,0,0,0,0,0,0,0,0,0,0,0,0,0,0,0,0,0,0,0,0,0,1
1,65,113,17,9,86,1,32,2,77,38,183,174,0,0,0,0,0,0,0,0,0,0,0,0,0,0,0,0,0,1
9,3,113,11,1,113,113,0,0,0,0,0,0,0,0,0,0,0,0,0,0,0,0,0,0,0,0,0,0,0,1
9,65,113,18,1,86,1,32,3,0,140,88,34,181,0,0,0,0,0,0,0,0,0,0,0,0,0,0,0,0,1
1,3,113,11,9,64,244,0,0,0,0,0,0,0,0,0,0,0,0,0,0,0,0,0,0,0,0,0,0,0,1
1,65,113,12,15,49,4,60,0,0,0,0,0,0,0,0,0,0,0,0,0,0,0,0,0,0,0,0,0,0,1
1,65,113,12,15,49,4,60,0,0,0,0,0,0,0,0,0,0,0,0,0,0,0,0,0,0,0,0,0,0,1
1,65,113,12,15,49,4,60,0,0,0,0,0,0,0,0,0,0,0,0,0,0,0,0,0,0,0,0,0,0,1
1,129,113,16,15,0,32,16,13,49,4,217,0,0,0,0,0,0,0,0,0,0,0,0,0,0,0,0,0,0,1
1,129,113,16,15,0,33,16,13,49,4,216,0,0,0,0,0,0,0,0,0,0,0,0,0,0,0,0,0,0,1
1,129,113,16,15,0,34,16,13,49,4,219,0,0,0,0,0,0,0,0,0,0,0,0,0,0,0,0,0,0,1
1,129,113,16,15,0,34,16,13,49,4,219,0,0,0,0,0,0,0,0,0,0,0,0,0,0,0,0,0,0,1
1,129,113,16,15,0,34,16,13,49,4,219,0,0,0,0,0,0,0,0,0,0,0,0,0,0,0,0,0,0,1
15,129,113,14,1,37,32,16,13,215,0,0,0,0,0,0,0,0,0,0,0,0,0,0,0,0,0,0,0,0,1
15,193,113,14,1,37,47,16,13,152,0,0,0,0,0,0,0,0,0,0,0,0,0,0,0,0,0,0,0,0,1
1,3,113,10,16,86,0,0,0,0,0,0,0,0,0,0,0,0,0,0,0,0,0,0,0,0,0,0,0,0,1
1,129,113,16,15,0,32,16,9,49,4,220,0,0,0,0,0,0,0,0,0,0,0,0,0,0,0,0,0,0,1
1,129,113,16,15,0,33,16,9,49,4,221,0,0,0,0,0,0,0,0,0,0,0,0,0,0,0,0,0,0,1
1,129,113,16,15,0,34,16,9,49,4,222,0,0,0,0,0,0,0,0,0,0,0,0,0,0,0,0,0,0,1
1,129,113,16,15,0,34,16,9,49,4,222,0,0,0,0,0,0,0,0,0,0,0,0,0,0,0,0,0,0,1
1,129,113,16,15,0,34,16,9,49,4,222,0,0,0,0,0,0,0,0,0,0,0,0,0,0,0,0,0,0,1
15,129,113,14,1,37,32,16,9,210,0,0,0,0,0,0,0,0,0,0,0,0,0,0,0,0,0,0,0,0,1
15,193,113,14,1,37,47,16,9,157,0,0,0,0,0,0,0,0,0,0,0,0,0,0,0,0,0,0,0,0,1
1,3,113,10,16,87,0,0,0,0,0,0,0,0,0,0,0,0,0,0,0,0,0,0,0,0,0,0,0,0,1
1,129,113,15,15,0,16,13,49,4,232,0,0,0,0,0,0,0,0,0,0,0,0,0,0,0,0,0,0,0,1
1,129,113,15,15,0,17,13,49,4,233,0,0,0,0,0,0,0,0,0,0,0,0,0,0,0,0,0,0,0,1
1,129,113,15,15,0,17,13,49,4,233,0,0,0,0,0,0,0,0,0,0,0,0,0,0,0,0,0,0,0,1
1,129,113,15,15,0,17,13,49,4,233,0,0,0,0,0,0,0,0,0,0,0,0,0,0,0,0,0,0,0,1
15,193,113,13,1,21,31,13,133,0,0,0,0,0,0,0,0,0,0,0,0,0,0,0,0,0,0,0,0,0,1
1,3,113,10,13,69,0,0,0,0,0,0,0,0,0,0,0,0,0,0,0,0,0,0,0,0,0,0,0,0,1
1,129,113,16,15,0,32,13,10,49,4,204,0,0,0,0,0,0,0,0,0,0,0,0,0,0,0,0,0,0,1
1,129,113,16,15,0,33,13,10,49,4,205,0,0,0,0,0,0,0,0,0,0,0,0,0,0,0,0,0,0,1
1,129,113,16,15,0,34,13,10,49,4,206,0,0,0,0,0,0,0,0,0,0,0,0,0,0,0,0,0,0,1
1,129,113,16,15,0,34,13,10,49,4,206,0,0,0,0,0,0,0,0,0,0,0,0,0,0,0,0,0,0,1
1,129,113,16,15,0,34,13,10,49,4,206,0,0,0,0,0,0,0,0,0,0,0,0,0,0,0,0,0,0,1
15,129,113,14,1,37,32,13,10,194,0,0,0,0,0,0,0,0,0,0,0,0,0,0,0,0,0,0,0,0,1
15,193,113,14,1,37,47,13,10,141,0,0,0,0,0,0,0,0,0,0,0,0,0,0,0,0,0,0,0,0,1
1,3,113,10,13,68,0,0,0,0,0,0,0,0,0,0,0,0,0,0,0,0,0,0,0,0,0,0,0,0,1
1,129,113,15,15,0,16,10,49,4,237,0,0,0,0,0,0,0,0,0,0,0,0,0,0,0,0,0,0,0,1
1,129,113,15,15,0,17,10,49,4,236,0,0,0,0,0,0,0,0,0,0,0,0,0,0,0,0,0,0,0,1
1,129,113,15,15,0,17,10,49,4,236,0,0,0,0,0,0,0,0,0,0,0,0,0,0,0,0,0,0,0,1
1,129,113,15,15,0,17,10,49,4,236,0,0,0,0,0,0,0,0,0,0,0,0,0,0,0,0,0,0,0,1
15,193,113,13,1,21,31,10,128,0,0,0,0,0,0,0,0,0,0,0,0,0,0,0,0,0,0,0,0,0,1
1,3,113,10,10,64,0,0,0,0,0,0,0,0,0,0,0,0,0,0,0,0,0,0,0,0,0,0,0,0,1
1,65,113,12,15,49,4,61,0,0,0,0,0,0,0,0,0,0,0,0,0,0,0,0,0,0,0,0,0,0,1
1,65,113,12,15,49,4,61,0,0,0,0,0,0,0,0,0,0,0,0,0,0,0,0,0,0,0,0,0,0,1
1,65,113,12,15,49,4,61,0,0,0,0,0,0,0,0,0,0,0,0,0,0,0,0,0,0,0,0,0,0,1
1,69,113,20,15,32,0,250,64,0,0,0,0,49,4,179,0,0,0,0,0,0,0,0,0,0,0,0,0,0,1
1,69,113,20,15,32,0,250,49,18,0,0,0,49,4,208,0,0,0,0,0,0,0,0,0,0,0,0,0,0,1
1,69,113,20,15,32,0,250,49,16,0,0,0,49,4,210,0,0,0,0,0,0,0,0,0,0,0,0,0,0,1
1,69,113,20,15,32,0,250,49,13,0,0,0,49,4,207,0,0,0,0,0,0,0,0,0,0,0,0,0,0,1
1,69,113,20,15,32,0,250,49,10,0,0,0,49,4,200,0,0,0,0,0,0,0,0,0,0,0,0,0,0,1
1,69,113,20,15,32,0,250,49,9,0,0,0,49,4,203,0,0,0,0,0,0,0,0,0,0,0,0,0,0,1
1,65,113,13,13,32,2,216,84,0,0,0,0,0,0,0,0,0,0,0,0,0,0,0,0,0,0,0,0,0,1
13,3,113,11,1,141,22,0,0,0,0,0,0,0,0,0,0,0,0,0,0,0,0,0,0,0,0,0,0,0,1
13,65,113,14,1,32,3,0,88,16,0,0,0,0,0,0,0,0,0,0,0,0,0,0,0,0,0,0,0,0,1
1,3,113,11,13,235,128,0,0,0,0,0,0,0,0,0,0,0,0,0,0,0,0,0,0,0,0,0,0,0,1
1,65,113,13,10,32,2,27,106,0,0,0,0,0,0,0,0,0,0,0,0,0,0,0,0,0,0,0,0,0,1
10,3,113,11,1,45,3,0,0,0,0,0,0,0,0,0,0,0,0,0,0,0,0,0,0,0,0,0,0,0,1
10,65,113,14,1,32,3,0,31,171,0,0,0,0,0,0,0,0,0,0,0,0,0,0,0,0,0,0,0,0,1
1,3,113,11,10,128,102,0,0,0,0,0,0,0,0,0,0,0,0,0,0,0,0,0,0,0,0,0,0,0,1
17,65,113,17,1,49,5,1,42,2,121,179,175,0,0,0,0,0,0,0,0,0,0,0,0,0,0,0,0,0,1
1,3,113,11,17,145,156,0,0,0,0,0,0,0,0,0,0,0,0,0,0,0,0,0,0,0,0,0,0,0,1
17,65,113,16,1,49,5,5,1,25,231,216,0,0,0,0,0,0,0,0,0,0,0,0,0,0,0,0,0,0,1
1,3,113,11,17,200,204,0,0,0,0,0,0,0,0,0,0,0,0,0,0,0,0,0,0,0,0,0,0,0,1
17,65,113,14,1,128,3,88,148,112,0,0,0,0,0,0,0,0,0,0,0,0,0,0,0,0,0,0,0,0,1
1,3,113,11,17,255,252,0,0,0,0,0,0,0,0,0,0,0,0,0,0,0,0,0,0,0,0,0,0,0,1
17,65,113,17,1,49,5,3,10,0,0,38,17,0,0,0,0,0,0,0,0,0,0,0,0,0,0,0,0,0,1
1,3,113,11,17,122,108,0,0,0,0,0,0,0,0,0,0,0,0,0,0,0,0,0,0,0,0,0,0,0,1
17,65,113,16,1,49,5,27,1,0,251,186,0,0,0,0,0,0,0,0,0,0,0,0,0,0,0,0,0,0,1
1,3,113,11,17,77,92,0,0,0,0,0,0,0,0,0,0,0,0,0,0,0,0,0,0,0,0,0,0,0,1
17,65,113,13,1,132,7,27,81,0,0,0,0,0,0,0,0,0,0,0,0,0,0,0,0,0,0,0,0,0,1
1,3,113,11,17,20,12,0,0,0,0,0,0,0,0,0,0,0,0,0,0,0,0,0,0,0,0,0,0,0,1
1,65,113,13,17,132,8,156,139,0,0,0,0,0,0,0,0,0,0,0,0,0,0,0,0,0,0,0,0,0,1
17,3,113,11,1,171,198,0,0,0,0,0,0,0,0,0,0,0,0,0,0,0,0,0,0,0,0,0,0,0,1
1,65,113,17,16,86,1,32,2,77,38,245,42,0,0,0,0,0,0,0,0,0,0,0,0,0,0,0,0,0,1
16,3,113,11,1,159,6,0,0,0,0,0,0,0,0,0,0,0,0,0,0,0,0,0,0,0,0,0,0,0,1
16,65,113,18,1,86,1,32,3,0,140,88,246,188,0,0,0,0,0,0,0,0,0,0,0,0,0,0,0,0,1
1,3,113,11,16,51,29,0,0,0,0,0,0,0,0,0,0,0,0,0,0,0,0,0,0,0,0,0,0,0,1
1,65,113,17,9,86,1,32,2,77,38,237,38,0,0,0,0,0,0,0,0,0,0,0,0,0,0,0,0,0,1
9,3,113,11,1,195,209,0,0,0,0,0,0,0,0,0,0,0,0,0,0,0,0,0,0,0,0,0,0,0,1
9,65,113,18,1,86,1,32,3,0,140,88,77,240,0,0,0,0,0,0,0,0,0,0,0,0,0,0,0,0,1
1,3,113,11,9,119,196,0,0,0,0,0,0,0,0,0,0,0,0,0,0,0,0,0,0,0,0,0,0,0,1
1,65,113,13,13,32,2,23,252,0,0,0,0,0,0,0,0,0,0,0,0,0,0,0,0,0,0,0,0,0,1
13,3,113,11,1,150,23,0,0,0,0,0,0,0,0,0,0,0,0,0,0,0,0,0,0,0,0,0,0,0,1
13,65,113,14,1,32,3,0,150,240,0,0,0,0,0,0,0,0,0,0,0,0,0,0,0,0,0,0,0,0,1
1,3,113,11,13,178,208,0,0,0,0,0,0,0,0,0,0,0,0,0,0,0,0,0,0,0,0,0,0,0,1
1,65,113,12,15,49,4,58,0,0,0,0,0,0,0,0,0,0,0,0,0,0,0,0,0,0,0,0,0,0,1
1,65,113,12,15,49,4,58,0,0,0,0,0,0,0,0,0,0,0,0,0,0,0,0,0,0,0,0,0,0,1
1,65,113,12,15,49,4,58,0,0,0,0,0,0,0,0,0,0,0,0,0,0,0,0,0,0,0,0,0,0,1
1,129,113,16,15,0,32,16,13,49,4,211,0,0,0,0,0,0,0,0,0,0,0,0,0,0,0,0,0,0,1
1,129,113,16,15,0,33,16,13,49,4,210,0,0,0,0,0,0,0,0,0,0,0,0,0,0,0,0,0,0,1
1,129,113,16,15,0,34,16,13,49,4,209,0,0,0,0,0,0,0,0,0,0,0,0,0,0,0,0,0,0,1
1,129,113,16,15,0,34,16,13,49,4,209,0,0,0,0,0,0,0,0,0,0,0,0,0,0,0,0,0,0,1
1,129,113,16,15,0,34,16,13,49,4,209,0,0,0,0,0,0,0,0,0,0,0,0,0,0,0,0,0,0,1
15,129,113,14,1,37,32,16,13,221,0,0,0,0,0,0,0,0,0,0,0,0,0,0,0,0,0,0,0,0,1
15,193,113,14,1,37,47,16,13,146,0,0,0,0,0,0,0,0,0,0,0,0,0,0,0,0,0,0,0,0,1
1,3,113,10,16,92,0,0,0,0,0,0,0,0,0,0,0,0,0,0,0,0,0,0,0,0,0,0,0,0,1
1,129,113,16,15,0,32,16,9,49,4,214,0,0,0,0,0,0,0,0,0,0,0,0,0,0,0,0,0,0,1
1,129,113,16,15,0,33,16,9,49,4,215,0,0,0,0,0,0,0,0,0,0,0,0,0,0,0,0,0,0,1
1,129,113,16,15,0,34,16,9,49,4,212,0,0,0,0,0,0,0,0,0,0,0,0,0,0,0,0,0,0,1
1,129,113,16,15,0,34,16,9,49,4,212,0,0,0,0,0,0,0,0,0,0,0,0,0,0,0,0,0,0,1
1,129,113,16,15,0,34,16,9,49,4,212,0,0,0,0,0,0,0,0,0,0,0,0,0,0,0,0,0,0,1
15,129,113,14,1,37,32,16,9,216,0,0,0,0,0,0,0,0,0,0,0,0,0,0,0,0,0,0,0,0,1
15,193,113,14,1,37,47,16,9,151,0,0,0,0,0,0,0,0,0,0,0,0,0,0,0,0,0,0,0,0,1
1,3,113,10,16,93,0,0,0,0,0,0,0,0,0,0,0,0,0,0,0,0,0,0,0,0,0,0,0,0,1
1,129,113,15,15,0,16,13,49,4,238,0,0,0,0,0,0,0,0,0,0,0,0,0,0,0,0,0,0,0,1
1,129,113,15,15,0,17,13,49,4,239,0,0,0,0,0,0,0,0,0,0,0,0,0,0,0,0,0,0,0,1
1,129,113,15,15,0,17,13,49,4,239,0,0,0,0,0,0,0,0,0,0,0,0,0,0,0,0,0,0,0,1
1,129,113,15,15,0,17,13,49,4,239,0,0,0,0,0,0,0,0,0,0,0,0,0,0,0,0,0,0,0,1
15,193,113,13,1,21,31,13,131,0,0,0,0,0,0,0,0,0,0,0,0,0,0,0,0,0,0,0,0,0,1
1,3,113,10,13,67,0,0,0,0,0,0,0,0,0,0,0,0,0,0,0,0,0,0,0,0,0,0,0,0,1
1,129,113,16,15,0,32,13,10,49,4,202,0,0,0,0,0,0,0,0,0,0,0,0,0,0,0,0,0,0,1
1,129,113,16,15,0,33,13,10,49,4,203,0,0,0,0,0,0,0,0,0,0,0,0,0,0,0,0,0,0,1
1,129,113,16,15,0,34,13,10,49,4,200,0,0,0,0,0,0,0,0,0,0,0,0,0,0,0,0,0,0,1
1,129,113,16,15,0,34,13,10,49,4,200,0,0,0,0,0,0,0,0,0,0,0,0,0,0,0,0,0,0,1
1,129,113,16,15,0,34,13,10,49,4,200,0,0,0,0,0,0,0,0,0,0,0,0,0,0,0,0,0,0,1
15,129,113,14,1,37,32,13,10,196,0,0,0,0,0,0,0,0,0,0,0,0,0,0,0,0,0,0,0,0,1
15,193,113,14,1,37,47,13,10,139,0,0,0,0,0,0,0,0,0,0,0,0,0,0,0,0,0,0,0,0,1
1,3,113,10,13,66,0,0,0,0,0,0,0,0,0,0,0,0,0,0,0,0,0,0,0,0,0,0,0,0,1
1,129,113,15,15,0,16,10,49,4,230,0,0,0,0,0,0,0,0,0,0,0,0,0,0,0,0,0,0,0,1
1,129,113,15,15,0,17,10,49,4,231,0,0,0,0,0,0,0,0,0,0,0,0,0,0,0,0,0,0,0,1
1,129,113,15,15,0,17,10,49,4,231,0,0,0,0,0,0,0,0,0,0,0,0,0,0,0,0,0,0,0,1
1,129,113,15,15,0,17,10,49,4,231,0,0,0,0,0,0,0,0,0,0,0,0,0,0,0,0,0,0,0,1
15,193,113,13,1,21,31,10,139,0,0,0,0,0,0,0,0,0,0,0,0,0,0,0,0,0,0,0,0,0,1
1,3,113,10,10,75,0,0,0,0,0,0,0,0,0,0,0,0,0,0,0,0,0,0,0,0,0,0,0,0,1
1,65,113,12,15,49,4,59,0,0,0,0,0,0,0,0,0,0,0,0,0,0,0,0,0,0,0,0,0,0,1
1,65,113,12,15,49,4,59,0,0,0,0,0,0,0,0,0,0,0,0,0,0,0,0,0,0,0,0,0,0,1
1,65,113,12,15,49,4,59,0,0,0,0,0,0,0,0,0,0,0,0,0,0,0,0,0,0,0,0,0,0,1
1,69,113,20,15,32,0,250,64,0,0,0,0,49,4,186,0,0,0,0,0,0,0,0,0,0,0,0,0,0,1
1,69,113,20,15,32,0,250,49,10,0,0,0,49,4,193,0,0,0,0,0,0,0,0,0,0,0,0,0,0,1
1,69,113,20,15,32,0,250,49,18,0,0,0,49,4,217,0,0,0,0,0,0,0,0,0,0,0,0,0,0,1
1,69,113,20,15,32,0,250,49,9,0,0,0,49,4,194,0,0,0,0,0,0,0,0,0,0,0,0,0,0,1
1,69,113,20,15,32,0,250,49,16,0,0,0,49,4,219,0,0,0,0,0,0,0,0,0,0,0,0,0,0,1
1,69,113,20,15,32,0,250,49,13,0,0,0,49,4,198,0,0,0,0,0,0,0,0,0,0,0,0,0,0,1
1,65,113,13,10,32,2,95,233,0,0,0,0,0,0,0,0,0,0,0,0,0,0,0,0,0,0,0,0,0,1
10,3,113,11,1,67,99,0,0,0,0,0,0,0,0,0,0,0,0,0,0,0,0,0,0,0,0,0,0,0,1
10,65,113,14,1,32,3,0,218,168,0,0,0,0,0,0,0,0,0,0,0,0,0,0,0,0,0,0,0,0,1
1,3,113,11,10,172,87,0,0,0,0,0,0,0,0,0,0,0,0,0,0,0,0,0,0,0,0,0,0,0,1
1,65,113,17,16,86,1,32,2,77,38,109,126,0,0,0,0,0,0,0,0,0,0,0,0,0,0,0,0,0,1
16,3,113,11,1,179,55,0,0,0,0,0,0,0,0,0,0,0,0,0,0,0,0,0,0,0,0,0,0,0,1
16,65,113,18,1,86,1,32,3,0,140,88,160,13,0,0,0,0,0,0,0,0,0,0,0,0,0,0,0,0,1
1,3,113,11,16,31,44,0,0,0,0,0,0,0,0,0,0,0,0,0,0,0,0,0,0,0,0,0,0,0,1
1,65,113,17,9,86,1,32,2,77,38,6,5,0,0,0,0,0,0,0,0,0,0,0,0,0,0,0,0,0,1
9,3,113,11,1,244,225,0,0,0,0,0,0,0,0,0,0,0,0,0,0,0,0,0,0,0,0,0,0,0,1
9,65,113,18,1,86,1,32,3,0,140,88,252,63,0,0,0,0,0,0,0,0,0,0,0,0,0,0,0,0,1
1,3,113,11,9,46,148,0,0,0,0,0,0,0,0,0,0,0,0,0,0,0,0,0,0,0,0,0,0,0,1
1,65,113,13,13,32,2,189,173,0,0,0,0,0,0,0,0,0,0,0,0,0,0,0,0,0,0,0,0,0,1
13,3,113,11,1,161,39,0,0,0,0,0,0,0,0,0,0,0,0,0,0,0,0,0,0,0,0,0,0,0,1
13,65,113,14,1,32,3,0,211,80,0,0,0,0,0,0,0,0,0,0,0,0,0,0,0,0,0,0,0,0,1
1,3,113,11,13,133,224,0,0,0,0,0,0,0,0,0,0,0,0,0,0,0,0,0,0,0,0,0,0,0,1
1,65,113,13,10,32,2,245,184,0,0,0,0,0,0,0,0,0,0,0,0,0,0,0,0,0,0,0,0,0,1
10,3,113,11,1,116,83,0,0,0,0,0,0,0,0,0,0,0,0,0,0,0,0,0,0,0,0,0,0,0,1
10,65,113,14,1,32,3,0,159,8,0,0,0,0,0,0,0,0,0,0,0,0,0,0,0,0,0,0,0,0,1
1,3,113,11,10,155,103,0,0,0,0,0,0,0,0,0,0,0,0,0,0,0,0,0,0,0,0,0,0,0,1
7,3,113,10,1,64,0,0,0,0,0,0,0,0,0,0,0,0,0,0,0,0,0,0,0,0,0,0,0,0,1
1,3,113,10,7,70,0,0,0,0,0,0,0,0,0,0,0,0,0,0,0,0,0,0,0,0,0,0,0,0,1
1,65,113,17,16,86,1,32,2,77,38,134,93,0,0,0,0,0,0,0,0,0,0,0,0,0,0,0,0,0,1
16,3,113,11,1,132,7,0,0,0,0,0,0,0,0,0,0,0,0,0,0,0,0,0,0,0,0,0,0,0,1
16,65,113,18,1,86,1,32,3,0,140,88,207,72,0,0,0,0,0,0,0,0,0,0,0,0,0,0,0,0,1
1,3,113,11,16,40,28,0,0,0,0,0,0,0,0,0,0,0,0,0,0,0,0,0,0,0,0,0,0,0,1
1,65,113,17,9,86,1,32,2,77,38,43,65,0,0,0,0,0,0,0,0,0,0,0,0,0,0,0,0,0,1
9,3,113,11,1,173,177,0,0,0,0,0,0,0,0,0,0,0,0,0,0,0,0,0,0,0,0,0,0,0,1
9,65,113,18,1,86,1,32,3,0,140,88,147,122,0,0,0,0,0,0,0,0,0,0,0,0,0,0,0,0,1
1,3,113,11,9,25,164,0,0,0,0,0,0,0,0,0,0,0,0,0,0,0,0,0,0,0,0,0,0,0,1
11,65,113,12,1,132,7,141,0,0,0,0,0,0,0,0,0,0,0,0,0,0,0,0,0,0,0,0,0,0,1
1,3,113,10,11,74,0,0,0,0,0,0,0,0,0,0,0,0,0,0,0,0,0,0,0,0,0,0,0,0,1
1,65,113,12,11,132,8,139,0,0,0,0,0,0,0,0,0,0,0,0,0,0,0,0,0,0,0,0,0,0,1
11,3,113,10,1,67,0,0,0,0,0,0,0,0,0,0,0,0,0,0,0,0,0,0,0,0,0,0,0,0,1
12,65,113,12,1,132,7,138,0,0,0,0,0,0,0,0,0,0,0,0,0,0,0,0,0,0,0,0,0,0,1
1,3,113,10,12,77,0,0,0,0,0,0,0,0,0,0,0,0,0,0,0,0,0,0,0,0,0,0,0,0,1
1,65,113,12,12,132,8,141,0,0,0,0,0,0,0,0,0,0,0,0,0,0,0,0,0,0,0,0,0,0,1
12,3,113,10,1,69,0,0,0,0,0,0,0,0,0,0,0,0,0,0,0,0,0,0,0,0,0,0,0,0,1
1,65,113,12,8,37,2,33,0,0,0,0,0,0,0,0,0,0,0,0,0,0,0,0,0,0,0,0,0,0,1
1,65,113,12,8,37,2,33,0,0,0,0,0,0,0,0,0,0,0,0,0,0,0,0,0,0,0,0,0,0,1
1,65,113,12,8,37,2,33,0,0,0,0,0,0,0,0,0,0,0,0,0,0,0,0,0,0,0,0,0,0,1
1,65,113,12,8,37,2,32,0,0,0,0,0,0,0,0,0,0,0,0,0,0,0,0,0,0,0,0,0,0,1
8,3,113,10,1,67,0,0,0,0,0,0,0,0,0,0,0,0,0,0,0,0,0,0,0,0,0,0,0,0,1
8,65,113,13,1,37,3,0,106,0,0,0,0,0,0,0,0,0,0,0,0,0,0,0,0,0,0,0,0,0,1
1,3,113,10,8,73,0,0,0,0,0,0,0,0,0,0,0,0,0,0,0,0,0,0,0,0,0,0,0,0,1
1,65,113,13,13,32,2,83,127,0,0,0,0,0,0,0,0,0,0,0,0,0,0,0,0,0,0,0,0,0,1
13,3,113,11,1,248,119,0,0,0,0,0,0,0,0,0,0,0,0,0,0,0,0,0,0,0,0,0,0,0,1
13,65,113,14,1,32,3,0,27,17,0,0,0,0,0,0,0,0,0,0,0,0,0,0,0,0,0,0,0,0,1
1,3,113,11,13,0,112,0,0,0,0,0,0,0,0,0,0,0,0,0,0,0,0,0,0,0,0,0,0,0,1
1,65,113,12,15,49,4,50,0,0,0,0,0,0,0,0,0,0,0,0,0,0,0,0,0,0,0,0,0,0,1
1,65,113,12,15,49,4,50,0,0,0,0,0,0,0,0,0,0,0,0,0,0,0,0,0,0,0,0,0,0,1
1,65,113,12,15,49,4,50,0,0,0,0,0,0,0,0,0,0,0,0,0,0,0,0,0,0,0,0,0,0,1
1,129,113,16,15,0,32,16,13,49,4,220,0,0,0,0,0,0,0,0,0,0,0,0,0,0,0,0,0,0,1
1,129,113,16,15,0,33,16,13,49,4,221,0,0,0,0,0,0,0,0,0,0,0,0,0,0,0,0,0,0,1
1,129,113,16,15,0,34,16,13,49,4,222,0,0,0,0,0,0,0,0,0,0,0,0,0,0,0,0,0,0,1
1,129,113,16,15,0,34,16,13,49,4,222,0,0,0,0,0,0,0,0,0,0,0,0,0,0,0,0,0,0,1
1,129,113,16,15,0,34,16,13,49,4,222,0,0,0,0,0,0,0,0,0,0,0,0,0,0,0,0,0,0,1
15,129,113,14,1,37,32,16,13,210,0,0,0,0,0,0,0,0,0,0,0,0,0,0,0,0,0,0,0,0,1
15,193,113,14,1,37,47,16,13,157,0,0,0,0,0,0,0,0,0,0,0,0,0,0,0,0,0,0,0,0,1
1,3,113,10,16,83,0,0,0,0,0,0,0,0,0,0,0,0,0,0,0,0,0,0,0,0,0,0,0,0,1
1,129,113,16,15,0,32,16,9,49,4,223,0,0,0,0,0,0,0,0,0,0,0,0,0,0,0,0,0,0,1
1,129,113,16,15,0,33,16,9,49,4,222,0,0,0,0,0,0,0,0,0,0,0,0,0,0,0,0,0,0,1
1,129,113,16,15,0,34,16,9,49,4,221,0,0,0,0,0,0,0,0,0,0,0,0,0,0,0,0,0,0,1
1,129,113,16,15,0,34,16,9,49,4,221,0,0,0,0,0,0,0,0,0,0,0,0,0,0,0,0,0,0,1
1,129,113,16,15,0,34,16,9,49,4,221,0,0,0,0,0,0,0,0,0,0,0,0,0,0,0,0,0,0,1
15,129,113,14,1,37,32,16,9,209,0,0,0,0,0,0,0,0,0,0,0,0,0,0,0,0,0,0,0,0,1
15,193,113,14,1,37,47,16,9,158,0,0,0,0,0,0,0,0,0,0,0,0,0,0,0,0,0,0,0,0,1
1,3,113,10,16,84,0,0,0,0,0,0,0,0,0,0,0,0,0,0,0,0,0,0,0,0,0,0,0,0,1
1,129,113,15,15,0,16,13,49,4,229,0,0,0,0,0,0,0,0,0,0,0,0,0,0,0,0,0,0,0,1
1,129,113,15,15,0,17,13,49,4,228,0,0,0,0,0,0,0,0,0,0,0,0,0,0,0,0,0,0,0,1
1,129,113,15,15,0,17,13,49,4,228,0,0,0,0,0,0,0,0,0,0,0,0,0,0,0,0,0,0,0,1
1,129,113,15,15,0,17,13,49,4,228,0,0,0,0,0,0,0,0,0,0,0,0,0,0,0,0,0,0,0,1
15,193,113,13,1,21,31,13,136,0,0,0,0,0,0,0,0,0,0,0,0,0,0,0,0,0,0,0,0,0,1
1,3,113,10,13,72,0,0,0,0,0,0,0,0,0,0,0,0,0,0,0,0,0,0,0,0,0,0,0,0,1
1,129,113,16,15,0,32,13,10,49,4,195,0,0,0,0,0,0,0,0,0,0,0,0,0,0,0,0,0,0,1
1,129,113,16,15,0,33,13,10,49,4,194,0,0,0,0,0,0,0,0,0,0,0,0,0,0,0,0,0,0,1
1,129,113,16,15,0,34,13,10,49,4,193,0,0,0,0,0,0,0,0,0,0,0,0,0,0,0,0,0,0,1
1,129,113,16,15,0,34,13,10,49,4,193,0,0,0,0,0,0,0,0,0,0,0,0,0,0,0,0,0,0,1
1,129,113,16,15,0,34,13,10,49,4,193,0,0,0,0,0,0,0,0,0,0,0,0,0,0,0,0,0,0,1
15,129,113,14,1,37,32,13,10,205,0,0,0,0,0,0,0,0,0,0,0,0,0,0,0,0,0,0,0,0,1
15,193,113,14,1,37,47,13,10,130,0,0,0,0,0,0,0,0,0,0,0,0,0,0,0,0,0,0,0,0,1
1,3,113,10,13,75,0,0,0,0,0,0,0,0,0,0,0,0,0,0,0,0,0,0,0,0,0,0,0,0,1
1,129,113,15,15,0,16,10,49,4,224,0,0,0,0,0,0,0,0,0,0,0,0,0,0,0,0,0,0,0,1
1,129,113,15,15,0,17,10,49,4,225,0,0,0,0,0,0,0,0,0,0,0,0,0,0,0,0,0,0,0,1
1,129,113,15,15,0,17,10,49,4,225,0,0,0,0,0,0,0,0,0,0,0,0,0,0,0,0,0,0,0,1
1,129,113,15,15,0,17,10,49,4,225,0,0,0,0,0,0,0,0,0,0,0,0,0,0,0,0,0,0,0,1
15,193,113,13,1,21,31,10,141,0,0,0,0,0,0,0,0,0,0,0,0,0,0,0,0,0,0,0,0,0,1
1,3,113,10,10,77,0,0,0,0,0,0,0,0,0,0,0,0,0,0,0,0,0,0,0,0,0,0,0,0,1
1,65,113,12,15,49,4,51,0,0,0,0,0,0,0,0,0,0,0,0,0,0,0,0,0,0,0,0,0,0,1
1,65,113,12,15,49,4,51,0,0,0,0,0,0,0,0,0,0,0,0,0,0,0,0,0,0,0,0,0,0,1
1,65,113,12,15,49,4,51,0,0,0,0,0,0,0,0,0,0,0,0,0,0,0,0,0,0,0,0,0,0,1
1,69,113,20,15,32,0,250,64,0,0,0,0,49,4,176,0,0,0,0,0,0,0,0,0,0,0,0,0,0,1
1,69,113,20,15,32,0,250,49,18,0,0,0,49,4,211,0,0,0,0,0,0,0,0,0,0,0,0,0,0,1
1,69,113,20,15,32,0,250,49,10,0,0,0,49,4,203,0,0,0,0,0,0,0,0,0,0,0,0,0,0,1
1,69,113,20,15,32,0,250,49,9,0,0,0,49,4,200,0,0,0,0,0,0,0,0,0,0,0,0,0,0,1
1,69,113,20,15,32,0,250,49,16,0,0,0,49,4,209,0,0,0,0,0,0,0,0,0,0,0,0,0,0,1
1,69,113,20,15,32,0,250,49,13,0,0,0,49,4,204,0,0,0,0,0,0,0,0,0,0,0,0,0,0,1
10,65,113,33,1,86,1,96,13,1,0,50,2,33,68,0,0,0,0,0,0,0,0,0,0,7,90,113,140,0,1
1,3,113,11,10,194,55,0,0,0,0,0,0,0,0,0,0,0,0,0,0,0,0,0,0,0,0,0,0,0,1
10,65,113,33,1,86,1,96,13,2,0,50,2,33,68,0,0,0,10,0,0,0,0,0,0,28,89,52,56,0,1
1,3,113,11,10,245,7,0,0,0,0,0,0,0,0,0,0,0,0,0,0,0,0,0,0,0,0,0,0,0,1
1,65,113,13,10,32,2,58,16,0,0,0,0,0,0,0,0,0,0,0,0,0,0,0,0,0,0,0,0,0,1
10,3,113,11,1,111,82,0,0,0,0,0,0,0,0,0,0,0,0,0,0,0,0,0,0,0,0,0,0,0,1
10,65,12,14,1,249,3,0,220,9,0,0,0,0,0,0,0,0,0,0,0,0,0,0,0,0,0,0,0,0,1
1,3,12,11,10,249,151,0,0,0,0,0,0,0,0,0,0,0,0,0,0,0,0,0,0,0,0,0,0,0,1
10,65,13,29,1,249,1,96,13,1,0,50,2,33,50,0,0,0,0,0,0,202,252,206,93,0,0,0,0,0,1
1,3,13,11,10,249,167,0,0,0,0,0,0,0,0,0,0,0,0,0,0,0,0,0,0,0,0,0,0,0,1
10,65,14,29,1,249,1,96,13,2,0,50,2,33,50,0,0,0,0,0,0,207,99,160,102,0,0,0,0,0,1
1,3,14,11,10,249,247,0,0,0,0,0,0,0,0,0,0,0,0,0,0,0,0,0,0,0,0,0,0,0,1
1,65,13,17,16,249,1,32,2,77,38,26,178,0,0,0,0,0,0,0,0,0,0,0,0,0,0,0,0,0,1
16,3,13,11,1,249,199,0,0,0,0,0,0,0,0,0,0,0,0,0,0,0,0,0,0,0,0,0,0,0,1
16,65,10,18,1,249,1,32,3,0,140,88,126,135,0,0,0,0,0,0,0,0,0,0,0,0,0,0,0,0,1
1,3,10,11,16,249,76,0,0,0,0,0,0,0,0,0,0,0,0,0,0,0,0,0,0,0,0,0,0,0,1
1,65,3,17,9,249,1,32,2,77,38,117,114,0,0,0,0,0,0,0,0,0,0,0,0,0,0,0,0,0,1
9,3,3,11,1,249,224,0,0,0,0,0,0,0,0,0,0,0,0,0,0,0,0,0,0,0,0,0,0,0,1
9,65,1,18,1,249,1,32,3,0,140,88,170,142,0,0,0,0,0,0,0,0,0,0,0,0,0,0,0,0,1
1,3,1,11,9,249,165,0,0,0,0,0,0,0,0,0,0,0,0,0,0,0,0,0,0,0,0,0,0,0,1
1,65,14,13,13,249,2,218,121,0,0,0,0,0,0,0,0,0,0,0,0,0,0,0,0,0,0,0,0,0,1
13,3,14,11,1,249,183,0,0,0,0,0,0,0,0,0,0,0,0,0,0,0,0,0,0,0,0,0,0,0,1
13,65,13,14,1,249,3,0,94,177,0,0,0,0,0,0,0,0,0,0,0,0,0,0,0,0,0,0,0,0,1
1,3,13,11,13,249,64,0,0,0,0,0,0,0,0,0,0,0,0,0,0,0,0,0,0,0,0,0,0,0,1
17,65,1,17,1,249,5,1,42,2,109,225,26,0,0,0,0,0,0,0,0,0,0,0,0,0,0,0,0,0,1
1,3,1,11,17,249,156,0,0,0,0,0,0,0,0,0,0,0,0,0,0,0,0,0,0,0,0,0,0,0,1
17,65,2,16,1,249,5,5,1,26,215,187,0,0,0,0,0,0,0,0,0,0,0,0,0,0,0,0,0,0,1
1,3,2,11,17,249,204,0,0,0,0,0,0,0,0,0,0,0,0,0,0,0,0,0,0,0,0,0,0,0,1
17,65,3,17,1,249,5,3,10,0,0,151,186,0,0,0,0,0,0,0,0,0,0,0,0,0,0,0,0,0,1
1,3,3,11,17,249,252,0,0,0,0,0,0,0,0,0,0,0,0,0,0,0,0,0,0,0,0,0,0,0,1
17,65,4,16,1,249,5,27,1,0,188,105,0,0,0,0,0,0,0,0,0,0,0,0,0,0,0,0,0,0,1
1,3,4,11,17,249,108,0,0,0,0,0,0,0,0,0,0,0,0,0,0,0,0,0,0,0,0,0,0,0,1
17,65,5,13,1,249,7,245,131,0,0,0,0,0,0,0,0,0,0,0,0,0,0,0,0,0,0,0,0,0,1
1,3,5,11,17,249,92,0,0,0,0,0,0,0,0,0,0,0,0,0,0,0,0,0,0,0,0,0,0,0,1
1,65,3,13,17,249,8,189,241,0,0,0,0,0,0,0,0,0,0,0,0,0,0,0,0,0,0,0,0,0,1
17,3,3,11,1,249,151,0,0,0,0,0,0,0,0,0,0,0,0,0,0,0,0,0,0,0,0,0,0,0,1
1,65,5,13,10,249,2,179,22,0,0,0,0,0,0,0,0,0,0,0,0,0,0,0,0,0,0,0,0,0,1
10,3,5,11,1,249,146,0,0,0,0,0,0,0,0,0,0,0,0,0,0,0,0,0,0,0,0,0,0,0,1
10,65,15,14,1,249,3,0,18,233,0,0,0,0,0,0,0,0,0,0,0,0,0,0,0,0,0,0,0,0,1
1,3,15,11,10,249,199,0,0,0,0,0,0,0,0,0,0,0,0,0,0,0,0,0,0,0,0,0,0,0,1
1,65,14,17,16,249,1,32,2,77,38,55,246,0,0,0,0,0,0,0,0,0,0,0,0,0,0,0,0,0,1
16,3,14,11,1,249,151,0,0,0,0,0,0,0,0,0,0,0,0,0,0,0,0,0,0,0,0,0,0,0,1
16,65,11,18,1,249,1,32,3,0,140,88,17,194,0,0,0,0,0,0,0,0,0,0,0,0,0,0,0,0,1
1,3,11,11,16,249,124,0,0,0,0,0,0,0,0,0,0,0,0,0,0,0,0,0,0,0,0,0,0,0,1
1,65,4,17,9,249,1,32,2,77,38,196,217,0,0,0,0,0,0,0,0,0,0,0,0,0,0,0,0,0,1
9,3,4,11,1,249,112,0,0,0,0,0,0,0,0,0,0,0,0,0,0,0,0,0,0,0,0,0,0,0,1
9,65,2,18,1,249,1,32,3,0,140,88,27,65,0,0,0,0,0,0,0,0,0,0,0,0,0,0,0,0,1
1,3,2,11,9,249,245,0,0,0,0,0,0,0,0,0,0,0,0,0,0,0,0,0,0,0,0,0,0,0,1
1,65,15,13,13,249,2,112,40,0,0,0,0,0,0,0,0,0,0,0,0,0,0,0,0,0,0,0,0,0,1
13,3,15,11,1,249,135,0,0,0,0,0,0,0,0,0,0,0,0,0,0,0,0,0,0,0,0,0,0,0,1
13,65,14,14,1,249,3,0,144,81,0,0,0,0,0,0,0,0,0,0,0,0,0,0,0,0,0,0,0,0,1
1,3,14,11,13,249,16,0,0,0,0,0,0,0,0,0,0,0,0,0,0,0,0,0,0,0,0,0,0,0,1
1,65,6,13,10,249,2,93,196,0,0,0,0,0,0,0,0,0,0,0,0,0,0,0,0,0,0,0,0,0,1
10,3,6,11,1,249,194,0,0,0,0,0,0,0,0,0,0,0,0,0,0,0,0,0,0,0,0,0,0,0,1
10,65,1,14,1,249,3,0,146,74,0,0,0,0,0,0,0,0,0,0,0,0,0,0,0,0,0,0,0,0,1
1,3,1,11,10,249,198,0,0,0,0,0,0,0,0,0,0,0,0,0,0,0,0,0,0,0,0,0,0,0,1
1,65,15,17,16,249,1,32,2,77,38,220,213,0,0,0,0,0,0,0,0,0,0,0,0,0,0,0,0,0,1
16,3,15,11,1,249,167,0,0,0,0,0,0,0,0,0,0,0,0,0,0,0,0,0,0,0,0,0,0,0,1
16,65,12,18,1,249,1,32,3,0,140,88,13,56,0,0,0,0,0,0,0,0,0,0,0,0,0,0,0,0,1
1,3,12,11,16,249,236,0,0,0,0,0,0,0,0,0,0,0,0,0,0,0,0,0,0,0,0,0,0,0,1
1,65,5,17,9,249,1,32,2,77,38,47,250,0,0,0,0,0,0,0,0,0,0,0,0,0,0,0,0,0,1
9,3,5,11,1,249,64,0,0,0,0,0,0,0,0,0,0,0,0,0,0,0,0,0,0,0,0,0,0,0,1
9,65,3,18,1,249,1,32,3,0,140,88,116,4,0,0,0,0,0,0,0,0,0,0,0,0,0,0,0,0,1
1,3,3,11,9,249,197,0,0,0,0,0,0,0,0,0,0,0,0,0,0,0,0,0,0,0,0,0,0,0,1
1,65,14,12,15,249,4,48,0,0,0,0,0,0,0,0,0,0,0,0,0,0,0,0,0,0,0,0,0,0,1
1,65,14,12,15,249,4,48,0,0,0,0,0,0,0,0,0,0,0,0,0,0,0,0,0,0,0,0,0,0,1
1,65,14,12,15,249,4,48,0,0,0,0,0,0,0,0,0,0,0,0,0,0,0,0,0,0,0,0,0,0,1
1,129,9,16,15,249,32,16,13,49,4,214,0,0,0,0,0,0,0,0,0,0,0,0,0,0,0,0,0,0,1
1,129,9,16,15,249,33,16,13,49,4,215,0,0,0,0,0,0,0,0,0,0,0,0,0,0,0,0,0,0,1
1,129,9,16,15,249,34,16,13,49,4,212,0,0,0,0,0,0,0,0,0,0,0,0,0,0,0,0,0,0,1
1,129,9,16,15,249,34,16,13,49,4,212,0,0,0,0,0,0,0,0,0,0,0,0,0,0,0,0,0,0,1
1,129,9,16,15,249,34,16,13,49,4,212,0,0,0,0,0,0,0,0,0,0,0,0,0,0,0,0,0,0,1
15,129,9,14,1,249,32,16,13,216,0,0,0,0,0,0,0,0,0,0,0,0,0,0,0,0,0,0,0,0,1
15,193,9,14,1,249,47,16,13,151,0,0,0,0,0,0,0,0,0,0,0,0,0,0,0,0,0,0,0,0,1
1,3,9,10,16,249,0,0,0,0,0,0,0,0,0,0,0,0,0,0,0,0,0,0,0,0,0,0,0,0,1
1,129,10,16,15,249,32,16,9,49,4,209,0,0,0,0,0,0,0,0,0,0,0,0,0,0,0,0,0,0,1
1,129,10,16,15,249,33,16,9,49,4,208,0,0,0,0,0,0,0,0,0,0,0,0,0,0,0,0,0,0,1
1,129,10,16,15,249,34,16,9,49,4,211,0,0,0,0,0,0,0,0,0,0,0,0,0,0,0,0,0,0,1
1,129,10,16,15,249,34,16,9,49,4,211,0,0,0,0,0,0,0,0,0,0,0,0,0,0,0,0,0,0,1
1,129,10,16,15,249,34,16,9,49,4,211,0,0,0,0,0,0,0,0,0,0,0,0,0,0,0,0,0,0,1
15,129,10,14,1,249,32,16,9,223,0,0,0,0,0,0,0,0,0,0,0,0,0,0,0,0,0,0,0,0,1
15,193,10,14,1,249,47,16,9,144,0,0,0,0,0,0,0,0,0,0,0,0,0,0,0,0,0,0,0,0,1
1,3,10,10,16,249,0,0,0,0,0,0,0,0,0,0,0,0,0,0,0,0,0,0,0,0,0,0,0,0,1
1,129,11,15,15,249,16,13,49,4,235,0,0,0,0,0,0,0,0,0,0,0,0,0,0,0,0,0,0,0,1
1,129,11,15,15,249,17,13,49,4,234,0,0,0,0,0,0,0,0,0,0,0,0,0,0,0,0,0,0,0,1
1,129,11,15,15,249,17,13,49,4,234,0,0,0,0,0,0,0,0,0,0,0,0,0,0,0,0,0,0,0,1
1,129,11,15,15,249,17,13,49,4,234,0,0,0,0,0,0,0,0,0,0,0,0,0,0,0,0,0,0,0,1
15,193,11,13,1,249,31,13,134,0,0,0,0,0,0,0,0,0,0,0,0,0,0,0,0,0,0,0,0,0,1
1,3,11,10,13,249,0,0,0,0,0,0,0,0,0,0,0,0,0,0,0,0,0,0,0,0,0,0,0,0,1
1,129,12,16,15,249,32,13,10,49,4,201,0,0,0,0,0,0,0,0,0,0,0,0,0,0,0,0,0,0,1
1,129,12,16,15,249,33,13,10,49,4,200,0,0,0,0,0,0,0,0,0,0,0,0,0,0,0,0,0,0,1
1,129,12,16,15,249,34,13,10,49,4,203,0,0,0,0,0,0,0,0,0,0,0,0,0,0,0,0,0,0,1
1,129,12,16,15,249,34,13,10,49,4,203,0,0,0,0,0,0,0,0,0,0,0,0,0,0,0,0,0,0,1
1,129,12,16,15,249,34,13,10,49,4,203,0,0,0,0,0,0,0,0,0,0,0,0,0,0,0,0,0,0,1
15,129,12,14,1,249,32,13,10,199,0,0,0,0,0,0,0,0,0,0,0,0,0,0,0,0,0,0,0,0,1
15,193,12,14,1,249,47,13,10,136,0,0,0,0,0,0,0,0,0,0,0,0,0,0,0,0,0,0,0,0,1
1,3,12,10,13,249,0,0,0,0,0,0,0,0,0,0,0,0,0,0,0,0,0,0,0,0,0,0,0,0,1
1,129,13,15,15,249,16,10,49,4,234,0,0,0,0,0,0,0,0,0,0,0,0,0,0,0,0,0,0,0,1
1,129,13,15,15,249,17,10,49,4,235,0,0,0,0,0,0,0,0,0,0,0,0,0,0,0,0,0,0,0,1
1,129,13,15,15,249,17,10,49,4,235,0,0,0,0,0,0,0,0,0,0,0,0,0,0,0,0,0,0,0,1
1,129,13,15,15,249,17,10,49,4,235,0,0,0,0,0,0,0,0,0,0,0,0,0,0,0,0,0,0,0,1
15,193,13,13,1,249,31,10,135,0,0,0,0,0,0,0,0,0,0,0,0,0,0,0,0,0,0,0,0,0,1
1,3,13,10,10,249,0,0,0,0,0,0,0,0,0,0,0,0,0,0,0,0,0,0,0,0,0,0,0,0,1
1,65,15,12,15,249,4,49,0,0,0,0,0,0,0,0,0,0,0,0,0,0,0,0,0,0,0,0,0,0,1
1,65,15,12,15,249,4,49,0,0,0,0,0,0,0,0,0,0,0,0,0,0,0,0,0,0,0,0,0,0,1
1,65,15,12,15,249,4,49,0,0,0,0,0,0,0,0,0,0,0,0,0,0,0,0,0,0,0,0,0,0,1
1,69,14,20,15,249,0,250,64,0,0,0,0,49,4,182,0,0,0,0,0,0,0,0,0,0,0,0,0,0,1
1,69,14,20,15,249,0,250,49,10,0,0,0,49,4,205,0,0,0,0,0,0,0,0,0,0,0,0,0,0,1
1,69,14,20,15,249,0,250,49,16,0,0,0,49,4,215,0,0,0,0,0,0,0,0,0,0,0,0,0,0,1
1,69,14,20,15,249,0,250,49,9,0,0,0,49,4,206,0,0,0,0,0,0,0,0,0,0,0,0,0,0,1
1,69,14,20,15,249,0,250,49,13,0,0,0,49,4,202,0,0,0,0,0,0,0,0,0,0,0,0,0,0,1
1,69,14,20,15,249,0,250,49,18,0,0,0,49,4,213,0,0,0,0,0,0,0,0,0,0,0,0,0,0,1
1,65,1,13,13,249,2,191,128,0,0,0,0,0,0,0,0,0,0,0,0,0,0,0,0,0,0,0,0,0,1
13,3,1,11,1,249,134,0,0,0,0,0,0,0,0,0,0,0,0,0,0,0,0,0,0,0,0,0,0,0,1
13,65,15,14,1,249,3,0,213,241,0,0,0,0,0,0,0,0,0,0,0,0,0,0,0,0,0,0,0,0,1
1,3,15,11,13,249,32,0,0,0,0,0,0,0,0,0,0,0,0,0,0,0,0,0,0,0,0,0,0,0,1
1,65,7,13,10,249,2,247,149,0,0,0,0,0,0,0,0,0,0,0,0,0,0,0,0,0,0,0,0,0,1
10,3,7,11,1,249,242,0,0,0,0,0,0,0,0,0,0,0,0,0,0,0,0,0,0,0,0,0,0,0,1
10,65,2,14,1,249,3,0,92,170,0,0,0,0,0,0,0,0,0,0,0,0,0,0,0,0,0,0,0,0,1
1,3,2,11,10,249,150,0,0,0,0,0,0,0,0,0,0,0,0,0,0,0,0,0,0,0,0,0,0,0,1
7,3,2,10,1,249,0,0,0,0,0,0,0,0,0,0,0,0,0,0,0,0,0,0,0,0,0,0,0,0,1
1,3,1,10,7,249,0,0,0,0,0,0,0,0,0,0,0,0,0,0,0,0,0,0,0,0,0,0,0,0,1
1,65,1,17,16,249,1,32,2,77,38,175,162,0,0,0,0,0,0,0,0,0,0,0,0,0,0,0,0,0,1
16,3,1,11,1,249,166,0,0,0,0,0,0,0,0,0,0,0,0,0,0,0,0,0,0,0,0,0,0,0,1
16,65,13,18,1,249,1,32,3,0,140,88,98,125,0,0,0,0,0,0,0,0,0,0,0,0,0,0,0,0,1
1,3,13,11,16,249,220,0,0,0,0,0,0,0,0,0,0,0,0,0,0,0,0,0,0,0,0,0,0,0,1
1,65,6,17,9,249,1,32,2,77,38,2,190,0,0,0,0,0,0,0,0,0,0,0,0,0,0,0,0,0,1
9,3,6,11,1,249,16,0,0,0,0,0,0,0,0,0,0,0,0,0,0,0,0,0,0,0,0,0,0,0,1
9,65,4,18,1,249,1,32,3,0,140,88,104,254,0,0,0,0,0,0,0,0,0,0,0,0,0,0,0,0,1
1,3,4,11,9,249,85,0,0,0,0,0,0,0,0,0,0,0,0,0,0,0,0,0,0,0,0,0,0,0,1
1,65,2,13,13,249,2,81,82,0,0,0,0,0,0,0,0,0,0,0,0,0,0,0,0,0,0,0,0,0,1
13,3,2,11,1,249,214,0,0,0,0,0,0,0,0,0,0,0,0,0,0,0,0,0,0,0,0,0,0,0,1
13,65,1,14,1,249,3,0,85,82,0,0,0,0,0,0,0,0,0,0,0,0,0,0,0,0,0,0,0,0,1
1,3,1,11,13,249,33,0,0,0,0,0,0,0,0,0,0,0,0,0,0,0,0,0,0,0,0,0,0,0,1
1,65,8,13,10,249,2,146,108,0,0,0,0,0,0,0,0,0,0,0,0,0,0,0,0,0,0,0,0,0,1
10,3,8,11,1,249,195,0,0,0,0,0,0,0,0,0,0,0,0,0,0,0,0,0,0,0,0,0,0,0,1
10,65,3,14,1,249,3,0,25,10,0,0,0,0,0,0,0,0,0,0,0,0,0,0,0,0,0,0,0,0,1
1,3,3,11,10,249,166,0,0,0,0,0,0,0,0,0,0,0,0,0,0,0,0,0,0,0,0,0,0,0,1
10,65,4,33,1,249,1,96,13,1,0,50,2,33,68,0,0,0,0,0,0,0,0,0,0,7,90,241,247,0,1
1,3,4,11,10,249,54,0,0,0,0,0,0,0,0,0,0,0,0,0,0,0,0,0,0,0,0,0,0,0,1
10,65,5,33,1,249,1,96,13,2,0,50,2,33,68,0,0,0,11,0,0,0,0,0,0,164,56,180,67,0,1
1,3,5,11,10,249,6,0,0,0,0,0,0,0,0,0,0,0,0,0,0,0,0,0,0,0,0,0,0,0,1
10,65,6,29,1,249,1,96,13,1,0,50,2,33,50,0,0,0,0,0,0,202,252,111,16,0,0,0,0,0,1
1,3,6,11,10,249,86,0,0,0,0,0,0,0,0,0,0,0,0,0,0,0,0,0,0,0,0,0,0,0,1
10,65,7,29,1,249,1,96,13,2,0,50,2,33,50,0,0,0,0,0,0,207,99,186,230,0,0,0,0,0,1
1,3,7,11,10,249,102,0,0,0,0,0,0,0,0,0,0,0,0,0,0,0,0,0,0,0,0,0,0,0,1
11,65,1,12,1,249,7,141,0,0,0,0,0,0,0,0,0,0,0,0,0,0,0,0,0,0,0,0,0,0,1
1,3,1,10,11,249,0,0,0,0,0,0,0,0,0,0,0,0,0,0,0,0,0,0,0,0,0,0,0,0,1
1,65,3,12,11,249,8,128,0,0,0,0,0,0,0,0,0,0,0,0,0,0,0,0,0,0,0,0,0,0,1
11,3,3,10,1,249,0,0,0,0,0,0,0,0,0,0,0,0,0,0,0,0,0,0,0,0,0,0,0,0,1
12,65,1,12,1,249,7,138,0,0,0,0,0,0,0,0,0,0,0,0,0,0,0,0,0,0,0,0,0,0,1
1,3,1,10,12,249,0,0,0,0,0,0,0,0,0,0,0,0,0,0,0,0,0,0,0,0,0,0,0,0,1
1,65,4,12,12,249,8,128,0,0,0,0,0,0,0,0,0,0,0,0,0,0,0,0,0,0,0,0,0,0,1
12,3,4,10,1,249,0,0,0,0,0,0,0,0,0,0,0,0,0,0,0,0,0,0,0,0,0,0,0,0,1
1,65,2,17,16,249,1,32,2,77,38,130,230,0,0,0,0,0,0,0,0,0,0,0,0,0,0,0,0,0,1
16,3,2,11,1,249,246,0,0,0,0,0,0,0,0,0,0,0,0,0,0,0,0,0,0,0,0,0,0,0,1
16,65,14,18,1,249,1,32,3,0,140,88,211,178,0,0,0,0,0,0,0,0,0,0,0,0,0,0,0,0,1
1,3,14,11,16,249,140,0,0,0,0,0,0,0,0,0,0,0,0,0,0,0,0,0,0,0,0,0,0,0,1
1,65,7,17,9,249,1,32,2,77,38,233,157,0,0,0,0,0,0,0,0,0,0,0,0,0,0,0,0,0,1
9,3,7,11,1,249,32,0,0,0,0,0,0,0,0,0,0,0,0,0,0,0,0,0,0,0,0,0,0,0,1
9,65,5,18,1,249,1,32,3,0,140,88,7,187,0,0,0,0,0,0,0,0,0,0,0,0,0,0,0,0,1
1,3,5,11,9,249,101,0,0,0,0,0,0,0,0,0,0,0,0,0,0,0,0,0,0,0,0,0,0,0,1
1,65,3,13,13,249,2,251,3,0,0,0,0,0,0,0,0,0,0,0,0,0,0,0,0,0,0,0,0,0,1
13,3,3,11,1,249,230,0,0,0,0,0,0,0,0,0,0,0,0,0,0,0,0,0,0,0,0,0,0,0,1
13,65,2,14,1,249,3,0,155,178,0,0,0,0,0,0,0,0,0,0,0,0,0,0,0,0,0,0,0,0,1
1,3,2,11,13,249,113,0,0,0,0,0,0,0,0,0,0,0,0,0,0,0,0,0,0,0,0,0,0,0,1
17,65,1,17,1,249,5,1,42,2,96,48,183,0,0,0,0,0,0,0,0,0,0,0,0,0,0,0,0,0,1
1,3,1,11,17,249,156,0,0,0,0,0,0,0,0,0,0,0,0,0,0,0,0,0,0,0,0,0,0,0,1
17,65,2,16,1,249,5,5,1,27,199,154,0,0,0,0,0,0,0,0,0,0,0,0,0,0,0,0,0,0,1
1,3,2,11,17,249,204,0,0,0,0,0,0,0,0,0,0,0,0,0,0,0,0,0,0,0,0,0,0,0,1
17,65,3,17,1,249,5,3,10,0,16,133,139,0,0,0,0,0,0,0,0,0,0,0,0,0,0,0,0,0,1
1,3,3,11,17,249,252,0,0,0,0,0,0,0,0,0,0,0,0,0,0,0,0,0,0,0,0,0,0,0,1
17,65,4,16,1,249,5,27,1,0,188,105,0,0,0,0,0,0,0,0,0,0,0,0,0,0,0,0,0,0,1
1,3,4,11,17,249,108,0,0,0,0,0,0,0,0,0,0,0,0,0,0,0,0,0,0,0,0,0,0,0,1
17,65,5,13,1,249,7,245,131,0,0,0,0,0,0,0,0,0,0,0,0,0,0,0,0,0,0,0,0,0,1
1,3,5,11,17,249,92,0,0,0,0,0,0,0,0,0,0,0,0,0,0,0,0,0,0,0,0,0,0,0,1
1,65,5,13,17,249,8,112,116,0,0,0,0,0,0,0,0,0,0,0,0,0,0,0,0,0,0,0,0,0,1
17,3,5,11,1,249,55,0,0,0,0,0,0,0,0,0,0,0,0,0,0,0,0,0,0,0,0,0,0,0,1
1,65,10,13,10,249,2,214,239,0,0,0,0,0,0,0,0,0,0,0,0,0,0,0,0,0,0,0,0,0,1
10,3,10,11,1,249,163,0,0,0,0,0,0,0,0,0,0,0,0,0,0,0,0,0,0,0,0,0,0,0,1
10,65,8,14,1,249,3,0,218,168,0,0,0,0,0,0,0,0,0,0,0,0,0,0,0,0,0,0,0,0,1
1,3,8,11,10,249,87,0,0,0,0,0,0,0,0,0,0,0,0,0,0,0,0,0,0,0,0,0,0,0,1
1,65,7,17,16,249,1,32,2,77,38,245,42,0,0,0,0,0,0,0,0,0,0,0,0,0,0,0,0,0,1
16,3,7,11,1,249,6,0,0,0,0,0,0,0,0,0,0,0,0,0,0,0,0,0,0,0,0,0,0,0,1
16,65,15,18,1,249,1,32,3,0,140,88,188,247,0,0,0,0,0,0,0,0,0,0,0,0,0,0,0,0,1
1,3,15,11,16,249,188,0,0,0,0,0,0,0,0,0,0,0,0,0,0,0,0,0,0,0,0,0,0,0,1
1,65,12,17,9,249,1,32,2,77,38,237,38,0,0,0,0,0,0,0,0,0,0,0,0,0,0,0,0,0,1
9,3,12,11,1,249,209,0,0,0,0,0,0,0,0,0,0,0,0,0,0,0,0,0,0,0,0,0,0,0,1
9,65,6,18,1,249,1,32,3,0,140,88,182,116,0,0,0,0,0,0,0,0,0,0,0,0,0,0,0,0,1
1,3,6,11,9,249,53,0,0,0,0,0,0,0,0,0,0,0,0,0,0,0,0,0,0,0,0,0,0,0,1
1,65,8,13,13,249,2,23,252,0,0,0,0,0,0,0,0,0,0,0,0,0,0,0,0,0,0,0,0,0,1
13,3,8,11,1,249,23,0,0,0,0,0,0,0,0,0,0,0,0,0,0,0,0,0,0,0,0,0,0,0,1
13,65,3,14,1,249,3,0,222,18,0,0,0,0,0,0,0,0,0,0,0,0,0,0,0,0,0,0,0,0,1
1,3,3,11,13,249,65,0,0,0,0,0,0,0,0,0,0,0,0,0,0,0,0,0,0,0,0,0,0,0,1
1,65,5,12,15,249,4,59,0,0,0,0,0,0,0,0,0,0,0,0,0,0,0,0,0,0,0,0,0,0,1
1,65,5,12,15,249,4,59,0,0,0,0,0,0,0,0,0,0,0,0,0,0,0,0,0,0,0,0,0,0,1
1,65,5,12,15,249,4,59,0,0,0,0,0,0,0,0,0,0,0,0,0,0,0,0,0,0,0,0,0,0,1
1,129,15,16,15,249,32,16,13,49,4,208,0,0,0,0,0,0,0,0,0,0,0,0,0,0,0,0,0,0,1
1,129,15,16,15,249,33,16,13,49,4,209,0,0,0,0,0,0,0,0,0,0,0,0,0,0,0,0,0,0,1
1,129,15,16,15,249,34,16,13,49,4,210,0,0,0,0,0,0,0,0,0,0,0,0,0,0,0,0,0,0,1
1,129,15,16,15,249,34,16,13,49,4,210,0,0,0,0,0,0,0,0,0,0,0,0,0,0,0,0,0,0,1
1,129,15,16,15,249,34,16,13,49,4,210,0,0,0,0,0,0,0,0,0,0,0,0,0,0,0,0,0,0,1
15,129,15,14,1,249,32,16,13,222,0,0,0,0,0,0,0,0,0,0,0,0,0,0,0,0,0,0,0,0,1
15,193,15,14,1,249,47,16,13,145,0,0,0,0,0,0,0,0,0,0,0,0,0,0,0,0,0,0,0,0,1
1,3,15,10,16,249,0,0,0,0,0,0,0,0,0,0,0,0,0,0,0,0,0,0,0,0,0,0,0,0,1
1,129,1,16,15,249,32,16,9,49,4,218,0,0,0,0,0,0,0,0,0,0,0,0,0,0,0,0,0,0,1
1,129,1,16,15,249,33,16,9,49,4,219,0,0,0,0,0,0,0,0,0,0,0,0,0,0,0,0,0,0,1
1,129,1,16,15,249,34,16,9,49,4,216,0,0,0,0,0,0,0,0,0,0,0,0,0,0,0,0,0,0,1
1,129,1,16,15,249,34,16,9,49,4,216,0,0,0,0,0,0,0,0,0,0,0,0,0,0,0,0,0,0,1
1,129,1,16,15,249,34,16,9,49,4,216,0,0,0,0,0,0,0,0,0,0,0,0,0,0,0,0,0,0,1
15,129,1,14,1,249,32,16,9,212,0,0,0,0,0,0,0,0,0,0,0,0,0,0,0,0,0,0,0,0,1
15,193,1,14,1,249,47,16,9,155,0,0,0,0,0,0,0,0,0,0,0,0,0,0,0,0,0,0,0,0,1
1,3,1,10,16,249,0,0,0,0,0,0,0,0,0,0,0,0,0,0,0,0,0,0,0,0,0,0,0,0,1
1,129,2,15,15,249,16,13,49,4,226,0,0,0,0,0,0,0,0,0,0,0,0,0,0,0,0,0,0,0,1
1,129,2,15,15,249,17,13,49,4,227,0,0,0,0,0,0,0,0,0,0,0,0,0,0,0,0,0,0,0,1
1,129,2,15,15,249,17,13,49,4,227,0,0,0,0,0,0,0,0,0,0,0,0,0,0,0,0,0,0,0,1
1,129,2,15,15,249,17,13,49,4,227,0,0,0,0,0,0,0,0,0,0,0,0,0,0,0,0,0,0,0,1
15,193,2,13,1,249,31,13,143,0,0,0,0,0,0,0,0,0,0,0,0,0,0,0,0,0,0,0,0,0,1
1,3,2,10,13,249,0,0,0,0,0,0,0,0,0,0,0,0,0,0,0,0,0,0,0,0,0,0,0,0,1
1,129,3,16,15,249,32,13,10,49,4,198,0,0,0,0,0,0,0,0,0,0,0,0,0,0,0,0,0,0,1
1,129,3,16,15,249,33,13,10,49,4,199,0,0,0,0,0,0,0,0,0,0,0,0,0,0,0,0,0,0,1
1,129,3,16,15,249,34,13,10,49,4,196,0,0,0,0,0,0,0,0,0,0,0,0,0,0,0,0,0,0,1
1,129,3,16,15,249,34,13,10,49,4,196,0,0,0,0,0,0,0,0,0,0,0,0,0,0,0,0,0,0,1
1,129,3,16,15,249,34,13,10,49,4,196,0,0,0,0,0,0,0,0,0,0,0,0,0,0,0,0,0,0,1
15,129,3,14,1,249,32,13,10,200,0,0,0,0,0,0,0,0,0,0,0,0,0,0,0,0,0,0,0,0,1
15,193,3,14,1,249,47,13,10,135,0,0,0,0,0,0,0,0,0,0,0,0,0,0,0,0,0,0,0,0,1
1,3,3,10,13,249,0,0,0,0,0,0,0,0,0,0,0,0,0,0,0,0,0,0,0,0,0,0,0,0,1
1,129,4,15,15,249,16,10,49,4,227,0,0,0,0,0,0,0,0,0,0,0,0,0,0,0,0,0,0,0,1
1,129,4,15,15,249,17,10,49,4,226,0,0,0,0,0,0,0,0,0,0,0,0,0,0,0,0,0,0,0,1
1,129,4,15,15,249,17,10,49,4,226,0,0,0,0,0,0,0,0,0,0,0,0,0,0,0,0,0,0,0,1
1,129,4,15,15,249,17,10,49,4,226,0,0,0,0,0,0,0,0,0,0,0,0,0,0,0,0,0,0,0,1
15,193,4,13,1,249,31,10,142,0,0,0,0,0,0,0,0,0,0,0,0,0,0,0,0,0,0,0,0,0,1
1,3,4,10,10,249,0,0,0,0,0,0,0,0,0,0,0,0,0,0,0,0,0,0,0,0,0,0,0,0,1
1,65,6,12,15,249,4,56,0,0,0,0,0,0,0,0,0,0,0,0,0,0,0,0,0,0,0,0,0,0,1
1,65,6,12,15,249,4,56,0,0,0,0,0,0,0,0,0,0,0,0,0,0,0,0,0,0,0,0,0,0,1
1,65,6,12,15,249,4,56,0,0,0,0,0,0,0,0,0,0,0,0,0,0,0,0,0,0,0,0,0,0,1
1,69,5,20,15,249,0,250,64,0,0,0,0,49,4,189,0,0,0,0,0,0,0,0,0,0,0,0,0,0,1
1,69,5,20,15,249,0,250,49,9,0,0,0,49,4,197,0,0,0,0,0,0,0,0,0,0,0,0,0,0,1
1,69,5,20,15,249,0,250,49,10,0,0,0,49,4,198,0,0,0,0,0,0,0,0,0,0,0,0,0,0,1
1,69,5,20,15,249,0,250,49,18,0,0,0,49,4,222,0,0,0,0,0,0,0,0,0,0,0,0,0,0,1
1,69,5,20,15,249,0,250,49,13,0,0,0,49,4,193,0,0,0,0,0,0,0,0,0,0,0,0,0,0,1
1,69,5,20,15,249,0,250,49,16,0,0,0,49,4,220,0,0,0,0,0,0,0,0,0,0,0,0,0,0,1
1,65,3,13,10,249,2,126,147,0,0,0,0,0,0,0,0,0,0,0,0,0,0,0,0,0,0,0,0,0,1
10,3,3,11,1,249,50,0,0,0,0,0,0,0,0,0,0,0,0,0,0,0,0,0,0,0,0,0,0,0,1
10,65,9,14,1,249,3,0,159,8,0,0,0,0,0,0,0,0,0,0,0,0,0,0,0,0,0,0,0,0,1
1,3,9,11,10,249,103,0,0,0,0,0,0,0,0,0,0,0,0,0,0,0,0,0,0,0,0,0,0,0,1
1,65,12,17,16,249,1,32,2,77,38,241,145,0,0,0,0,0,0,0,0,0,0,0,0,0,0,0,0,0,1
16,3,12,11,1,249,247,0,0,0,0,0,0,0,0,0,0,0,0,0,0,0,0,0,0,0,0,0,0,0,1
16,65,1,18,1,249,1,32,3,0,140,88,133,3,0,0,0,0,0,0,0,0,0,0,0,0,0,0,0,0,1
1,3,1,11,16,249,189,0,0,0,0,0,0,0,0,0,0,0,0,0,0,0,0,0,0,0,0,0,0,0,1
1,65,2,17,9,249,1,32,2,77,38,158,81,0,0,0,0,0,0,0,0,0,0,0,0,0,0,0,0,0,1
9,3,2,11,1,249,208,0,0,0,0,0,0,0,0,0,0,0,0,0,0,0,0,0,0,0,0,0,0,0,1
9,65,7,18,1,249,1,32,3,0,140,88,217,49,0,0,0,0,0,0,0,0,0,0,0,0,0,0,0,0,1
1,3,7,11,9,249,5,0,0,0,0,0,0,0,0,0,0,0,0,0,0,0,0,0,0,0,0,0,0,0,1
1,65,13,13,13,249,2,52,171,0,0,0,0,0,0,0,0,0,0,0,0,0,0,0,0,0,0,0,0,0,1
13,3,13,11,1,249,231,0,0,0,0,0,0,0,0,0,0,0,0,0,0,0,0,0,0,0,0,0,0,0,1
13,65,4,14,1,249,3,0,22,83,0,0,0,0,0,0,0,0,0,0,0,0,0,0,0,0,0,0,0,0,1
1,3,4,11,13,249,209,0,0,0,0,0,0,0,0,0,0,0,0,0,0,0,0,0,0,0,0,0,0,0,1
1,65,4,13,10,249,2,25,71,0,0,0,0,0,0,0,0,0,0,0,0,0,0,0,0,0,0,0,0,0,1
10,3,4,11,1,249,162,0,0,0,0,0,0,0,0,0,0,0,0,0,0,0,0,0,0,0,0,0,0,0,1
10,65,10,14,1,249,3,0,81,232,0,0,0,0,0,0,0,0,0,0,0,0,0,0,0,0,0,0,0,0,1
1,3,10,11,10,249,55,0,0,0,0,0,0,0,0,0,0,0,0,0,0,0,0,0,0,0,0,0,0,0,1
7,3,8,10,1,249,0,0,0,0,0,0,0,0,0,0,0,0,0,0,0,0,0,0,0,0,0,0,0,0,1
1,3,1,10,7,249,0,0,0,0,0,0,0,0,0,0,0,0,0,0,0,0,0,0,0,0,0,0,0,0,1
1,65,13,17,16,249,1,32,2,77,38,26,178,0,0,0,0,0,0,0,0,0,0,0,0,0,0,0,0,0,1
16,3,13,11,1,249,199,0,0,0,0,0,0,0,0,0,0,0,0,0,0,0,0,0,0,0,0,0,0,0,1
16,65,2,18,1,249,1,32,3,0,140,88,52,204,0,0,0,0,0,0,0,0,0,0,0,0,0,0,0,0,1
1,3,2,11,16,249,237,0,0,0,0,0,0,0,0,0,0,0,0,0,0,0,0,0,0,0,0,0,0,0,1
1,65,3,17,9,249,1,32,2,77,38,117,114,0,0,0,0,0,0,0,0,0,0,0,0,0,0,0,0,0,1
9,3,3,11,1,249,224,0,0,0,0,0,0,0,0,0,0,0,0,0,0,0,0,0,0,0,0,0,0,0,1
9,65,8,18,1,249,1,32,3,0,140,88,143,128,0,0,0,0,0,0,0,0,0,0,0,0,0,0,0,0,1
1,3,8,11,9,249,52,0,0,0,0,0,0,0,0,0,0,0,0,0,0,0,0,0,0,0,0,0,0,0,1
1,65,9,12,8,249,2,34,0,0,0,0,0,0,0,0,0,0,0,0,0,0,0,0,0,0,0,0,0,0,1
1,65,9,12,8,249,2,34,0,0,0,0,0,0,0,0,0,0,0,0,0,0,0,0,0,0,0,0,0,0,1
1,65,9,12,8,249,2,34,0,0,0,0,0,0,0,0,0,0,0,0,0,0,0,0,0,0,0,0,0,0,1
1,65,10,12,8,249,2,33,0,0,0,0,0,0,0,0,0,0,0,0,0,0,0,0,0,0,0,0,0,0,1
8,3,10,10,1,249,0,0,0,0,0,0,0,0,0,0,0,0,0,0,0,0,0,0,0,0,0,0,0,0,1
8,65,65,13,1,249,3,0,106,0,0,0,0,0,0,0,0,0,0,0,0,0,0,0,0,0,0,0,0,0,1
1,3,1,10,8,249,0,0,0,0,0,0,0,0,0,0,0,0,0,0,0,0,0,0,0,0,0,0,0,0,1
1,65,14,13,13,249,2,218,121,0,0,0,0,0,0,0,0,0,0,0,0,0,0,0,0,0,0,0,0,0,1
13,3,14,11,1,249,183,0,0,0,0,0,0,0,0,0,0,0,0,0,0,0,0,0,0,0,0,0,0,0,1
13,65,5,14,1,249,3,0,83,243,0,0,0,0,0,0,0,0,0,0,0,0,0,0,0,0,0,0,0,0,1
1,3,5,11,13,249,225,0,0,0,0,0,0,0,0,0,0,0,0,0,0,0,0,0,0,0,0,0,0,0,1
1,65,5,13,10,249,2,179,22,0,0,0,0,0,0,0,0,0,0,0,0,0,0,0,0,0,0,0,0,0,1
10,3,5,11,1,249,146,0,0,0,0,0,0,0,0,0,0,0,0,0,0,0,0,0,0,0,0,0,0,0,1
10,65,11,14,1,249,3,0,20,72,0,0,0,0,0,0,0,0,0,0,0,0,0,0,0,0,0,0,0,0,1
1,3,11,11,10,249,7,0,0,0,0,0,0,0,0,0,0,0,0,0,0,0,0,0,0,0,0,0,0,0,1
10,65,12,33,1,249,1,96,13,1,0,50,2,33,68,0,0,0,0,0,0,0,0,0,0,7,90,252,21,0,1
1,3,12,11,10,249,151,0,0,0,0,0,0,0,0,0,0,0,0,0,0,0,0,0,0,0,0,0,0,0,1
10,65,13,33,1,249,1,96,13,2,0,50,2,33,68,0,0,0,11,0,0,0,0,0,0,164,56,185,161,0,1
1,3,13,11,10,249,167,0,0,0,0,0,0,0,0,0,0,0,0,0,0,0,0,0,0,0,0,0,0,0,1
10,65,14,29,1,249,1,96,13,1,0,50,2,33,50,0,0,0,0,0,0,202,252,160,102,0,0,0,0,0,1
1,3,14,11,10,249,247,0,0,0,0,0,0,0,0,0,0,0,0,0,0,0,0,0,0,0,0,0,0,0,1
10,65,15,29,1,249,1,96,13,2,0,50,2,33,50,0,0,0,0,0,0,207,99,117,144,0,0,0,0,0,1
1,3,15,11,10,249,199,0,0,0,0,0,0,0,0,0,0,0,0,0,0,0,0,0,0,0,0,0,0,0,1
1,65,14,17,16,249,1,32,2,77,38,55,246,0,0,0,0,0,0,0,0,0,0,0,0,0,0,0,0,0,1
16,3,14,11,1,249,151,0,0,0,0,0,0,0,0,0,0,0,0,0,0,0,0,0,0,0,0,0,0,0,1
16,65,3,18,1,249,1,32,3,0,140,88,91,137,0,0,0,0,0,0,0,0,0,0,0,0,0,0,0,0,1
1,3,3,11,16,249,221,0,0,0,0,0,0,0,0,0,0,0,0,0,0,0,0,0,0,0,0,0,0,0,1
1,65,4,17,9,249,1,32,2,77,38,196,217,0,0,0,0,0,0,0,0,0,0,0,0,0,0,0,0,0,1
9,3,4,11,1,249,112,0,0,0,0,0,0,0,0,0,0,0,0,0,0,0,0,0,0,0,0,0,0,0,1
9,65,9,18,1,249,1,32,3,0,140,88,224,197,0,0,0,0,0,0,0,0,0,0,0,0,0,0,0,0,1
1,3,9,11,9,249,4,0,0,0,0,0,0,0,0,0,0,0,0,0,0,0,0,0,0,0,0,0,0,0,1
1,65,15,13,13,249,2,112,40,0,0,0,0,0,0,0,0,0,0,0,0,0,0,0,0,0,0,0,0,0,1
13,3,15,11,1,249,135,0,0,0,0,0,0,0,0,0,0,0,0,0,0,0,0,0,0,0,0,0,0,0,1
13,65,6,14,1,249,3,0,157,19,0,0,0,0,0,0,0,0,0,0,0,0,0,0,0,0,0,0,0,0,1
1,3,6,11,13,249,177,0,0,0,0,0,0,0,0,0,0,0,0,0,0,0,0,0,0,0,0,0,0,0,1
17,65,1,17,1,249,5,1,42,2,91,183,143,0,0,0,0,0,0,0,0,0,0,0,0,0,0,0,0,0,1
1,3,1,11,17,249,156,0,0,0,0,0,0,0,0,0,0,0,0,0,0,0,0,0,0,0,0,0,0,0,1
17,65,2,16,1,249,5,5,1,27,199,154,0,0,0,0,0,0,0,0,0,0,0,0,0,0,0,0,0,0,1
1,3,2,11,17,249,204,0,0,0,0,0,0,0,0,0,0,0,0,0,0,0,0,0,0,0,0,0,0,0,1
17,65,3,17,1,249,5,3,10,0,46,82,22,0,0,0,0,0,0,0,0,0,0,0,0,0,0,0,0,0,1
1,3,3,11,17,249,252,0,0,0,0,0,0,0,0,0,0,0,0,0,0,0,0,0,0,0,0,0,0,0,1
17,65,4,16,1,249,5,27,1,0,188,105,0,0,0,0,0,0,0,0,0,0,0,0,0,0,0,0,0,0,1
1,3,4,11,17,249,108,0,0,0,0,0,0,0,0,0,0,0,0,0,0,0,0,0,0,0,0,0,0,0,1
17,65,5,13,1,249,7,245,131,0,0,0,0,0,0,0,0,0,0,0,0,0,0,0,0,0,0,0,0,0,1
1,3,5,11,17,249,92,0,0,0,0,0,0,0,0,0,0,0,0,0,0,0,0,0,0,0,0,0,0,0,1
1,65,14,13,17,249,8,156,139,0,0,0,0,0,0,0,0,0,0,0,0,0,0,0,0,0,0,0,0,0,1
17,3,14,11,1,249,198,0,0,0,0,0,0,0,0,0,0,0,0,0,0,0,0,0,0,0,0,0,0,0,1
11,65,1,12,1,249,7,141,0,0,0,0,0,0,0,0,0,0,0,0,0,0,0,0,0,0,0,0,0,0,1
1,3,1,10,11,249,0,0,0,0,0,0,0,0,0,0,0,0,0,0,0,0,0,0,0,0,0,0,0,0,1
1,65,11,12,11,249,8,136,0,0,0,0,0,0,0,0,0,0,0,0,0,0,0,0,0,0,0,0,0,0,1
11,3,11,10,1,249,0,0,0,0,0,0,0,0,0,0,0,0,0,0,0,0,0,0,0,0,0,0,0,0,1
12,65,1,12,1,249,7,138,0,0,0,0,0,0,0,0,0,0,0,0,0,0,0,0,0,0,0,0,0,0,1
1,3,1,10,12,249,0,0,0,0,0,0,0,0,0,0,0,0,0,0,0,0,0,0,0,0,0,0,0,0,1
1,65,12,12,12,249,8,136,0,0,0,0,0,0,0,0,0,0,0,0,0,0,0,0,0,0,0,0,0,0,1
12,3,12,10,1,249,0,0,0,0,0,0,0,0,0,0,0,0,0,0,0,0,0,0,0,0,0,0,0,0,1
1,65,6,13,10,249,2,93,196,0,0,0,0,0,0,0,0,0,0,0,0,0,0,0,0,0,0,0,0,0,1
10,3,6,11,1,249,194,0,0,0,0,0,0,0,0,0,0,0,0,0,0,0,0,0,0,0,0,0,0,0,1
10,65,1,14,1,249,3,0,146,74,0,0,0,0,0,0,0,0,0,0,0,0,0,0,0,0,0,0,0,0,1
1,3,1,11,10,249,198,0,0,0,0,0,0,0,0,0,0,0,0,0,0,0,0,0,0,0,0,0,0,0,1
1,65,15,17,16,249,1,32,2,77,38,220,213,0,0,0,0,0,0,0,0,0,0,0,0,0,0,0,0,0,1
16,3,15,11,1,249,167,0,0,0,0,0,0,0,0,0,0,0,0,0,0,0,0,0,0,0,0,0,0,0,1
16,65,4,18,1,249,1,32,3,0,140,88,71,115,0,0,0,0,0,0,0,0,0,0,0,0,0,0,0,0,1
1,3,4,11,16,249,77,0,0,0,0,0,0,0,0,0,0,0,0,0,0,0,0,0,0,0,0,0,0,0,1
1,65,5,17,9,249,1,32,2,77,38,47,250,0,0,0,0,0,0,0,0,0,0,0,0,0,0,0,0,0,1
9,3,5,11,1,249,64,0,0,0,0,0,0,0,0,0,0,0,0,0,0,0,0,0,0,0,0,0,0,0,1
9,65,10,18,1,249,1,32,3,0,140,88,81,10,0,0,0,0,0,0,0,0,0,0,0,0,0,0,0,0,1
1,3,10,11,9,249,84,0,0,0,0,0,0,0,0,0,0,0,0,0,0,0,0,0,0,0,0,0,0,0,1
1,65,1,13,13,249,2,191,128,0,0,0,0,0,0,0,0,0,0,0,0,0,0,0,0,0,0,0,0,0,1
13,3,1,11,1,249,134,0,0,0,0,0,0,0,0,0,0,0,0,0,0,0,0,0,0,0,0,0,0,0,1
13,65,7,14,1,249,3,0,216,179,0,0,0,0,0,0,0,0,0,0,0,0,0,0,0,0,0,0,0,0,1
1,3,7,11,13,249,129,0,0,0,0,0,0,0,0,0,0,0,0,0,0,0,0,0,0,0,0,0,0,0,1
1,65,9,13,10,249,2,56,61,0,0,0,0,0,0,0,0,0,0,0,0,0,0,0,0,0,0,0,0,0,1
10,3,9,11,1,249,243,0,0,0,0,0,0,0,0,0,0,0,0,0,0,0,0,0,0,0,0,0,0,0,1
10,65,2,14,1,249,3,0,92,170,0,0,0,0,0,0,0,0,0,0,0,0,0,0,0,0,0,0,0,0,1
1,3,2,11,10,249,150,0,0,0,0,0,0,0,0,0,0,0,0,0,0,0,0,0,0,0,0,0,0,0,1
1,65,13,12,15,249,4,51,0,0,0,0,0,0,0,0,0,0,0,0,0,0,0,0,0,0,0,0,0,0,1
1,65,13,12,15,249,4,51,0,0,0,0,0,0,0,0,0,0,0,0,0,0,0,0,0,0,0,0,0,0,1
1,65,13,12,15,249,4,51,0,0,0,0,0,0,0,0,0,0,0,0,0,0,0,0,0,0,0,0,0,0,1
1,129,6,16,15,249,32,16,13,49,4,217,0,0,0,0,0,0,0,0,0,0,0,0,0,0,0,0,0,0,1
1,129,6,16,15,249,33,16,13,49,4,216,0,0,0,0,0,0,0,0,0,0,0,0,0,0,0,0,0,0,1
1,129,6,16,15,249,34,16,13,49,4,219,0,0,0,0,0,0,0,0,0,0,0,0,0,0,0,0,0,0,1
1,129,6,16,15,249,34,16,13,49,4,219,0,0,0,0,0,0,0,0,0,0,0,0,0,0,0,0,0,0,1
1,129,6,16,15,249,34,16,13,49,4,219,0,0,0,0,0,0,0,0,0,0,0,0,0,0,0,0,0,0,1
15,129,6,14,1,249,32,16,13,215,0,0,0,0,0,0,0,0,0,0,0,0,0,0,0,0,0,0,0,0,1
15,193,6,14,1,249,47,16,13,152,0,0,0,0,0,0,0,0,0,0,0,0,0,0,0,0,0,0,0,0,1
1,3,6,10,16,249,0,0,0,0,0,0,0,0,0,0,0,0,0,0,0,0,0,0,0,0,0,0,0,0,1
1,129,7,16,15,249,32,16,9,49,4,220,0,0,0,0,0,0,0,0,0,0,0,0,0,0,0,0,0,0,1
1,129,7,16,15,249,33,16,9,49,4,221,0,0,0,0,0,0,0,0,0,0,0,0,0,0,0,0,0,0,1
1,129,7,16,15,249,34,16,9,49,4,222,0,0,0,0,0,0,0,0,0,0,0,0,0,0,0,0,0,0,1
1,129,7,16,15,249,34,16,9,49,4,222,0,0,0,0,0,0,0,0,0,0,0,0,0,0,0,0,0,0,1
1,129,7,16,15,249,34,16,9,49,4,222,0,0,0,0,0,0,0,0,0,0,0,0,0,0,0,0,0,0,1
15,129,7,14,1,249,32,16,9,210,0,0,0,0,0,0,0,0,0,0,0,0,0,0,0,0,0,0,0,0,1
15,193,7,14,1,249,47,16,9,157,0,0,0,0,0,0,0,0,0,0,0,0,0,0,0,0,0,0,0,0,1
1,3,7,10,16,249,0,0,0,0,0,0,0,0,0,0,0,0,0,0,0,0,0,0,0,0,0,0,0,0,1
1,129,8,15,15,249,16,13,49,4,232,0,0,0,0,0,0,0,0,0,0,0,0,0,0,0,0,0,0,0,1
1,129,8,15,15,249,17,13,49,4,233,0,0,0,0,0,0,0,0,0,0,0,0,0,0,0,0,0,0,0,1
1,129,8,15,15,249,17,13,49,4,233,0,0,0,0,0,0,0,0,0,0,0,0,0,0,0,0,0,0,0,1
1,129,8,15,15,249,17,13,49,4,233,0,0,0,0,0,0,0,0,0,0,0,0,0,0,0,0,0,0,0,1
15,193,8,13,1,249,31,13,133,0,0,0,0,0,0,0,0,0,0,0,0,0,0,0,0,0,0,0,0,0,1
1,3,8,10,13,249,0,0,0,0,0,0,0,0,0,0,0,0,0,0,0,0,0,0,0,0,0,0,0,0,1
1,129,9,16,15,249,32,13,10,49,4,204,0,0,0,0,0,0,0,0,0,0,0,0,0,0,0,0,0,0,1
1,129,9,16,15,249,33,13,10,49,4,205,0,0,0,0,0,0,0,0,0,0,0,0,0,0,0,0,0,0,1
1,129,9,16,15,249,34,13,10,49,4,206,0,0,0,0,0,0,0,0,0,0,0,0,0,0,0,0,0,0,1
1,129,9,16,15,249,34,13,10,49,4,206,0,0,0,0,0,0,0,0,0,0,0,0,0,0,0,0,0,0,1
1,129,9,16,15,249,34,13,10,49,4,206,0,0,0,0,0,0,0,0,0,0,0,0,0,0,0,0,0,0,1
15,129,9,14,1,249,32,13,10,194,0,0,0,0,0,0,0,0,0,0,0,0,0,0,0,0,0,0,0,0,1
15,193,9,14,1,249,47,13,10,141,0,0,0,0,0,0,0,0,0,0,0,0,0,0,0,0,0,0,0,0,1
1,3,9,10,13,249,0,0,0,0,0,0,0,0,0,0,0,0,0,0,0,0,0,0,0,0,0,0,0,0,1
1,129,10,15,15,249,16,10,49,4,237,0,0,0,0,0,0,0,0,0,0,0,0,0,0,0,0,0,0,0,1
1,129,10,15,15,249,17,10,49,4,236,0,0,0,0,0,0,0,0,0,0,0,0,0,0,0,0,0,0,0,1
1,129,10,15,15,249,17,10,49,4,236,0,0,0,0,0,0,0,0,0,0,0,0,0,0,0,0,0,0,0,1
1,129,10,15,15,249,17,10,49,4,236,0,0,0,0,0,0,0,0,0,0,0,0,0,0,0,0,0,0,0,1
15,193,10,13,1,249,31,10,128,0,0,0,0,0,0,0,0,0,0,0,0,0,0,0,0,0,0,0,0,0,1
1,3,10,10,10,249,0,0,0,0,0,0,0,0,0,0,0,0,0,0,0,0,0,0,0,0,0,0,0,0,1
1,65,14,12,15,249,4,48,0,0,0,0,0,0,0,0,0,0,0,0,0,0,0,0,0,0,0,0,0,0,1
1,65,14,12,15,249,4,48,0,0,0,0,0,0,0,0,0,0,0,0,0,0,0,0,0,0,0,0,0,0,1
1,65,14,12,15,249,4,48,0,0,0,0,0,0,0,0,0,0,0,0,0,0,0,0,0,0,0,0,0,0,1
1,69,11,20,15,249,0,250,64,0,0,0,0,49,4,179,0,0,0,0,0,0,0,0,0,0,0,0,0,0,1
1,69,11,20,15,249,0,250,49,10,0,0,0,49,4,200,0,0,0,0,0,0,0,0,0,0,0,0,0,0,1
1,69,11,20,15,249,0,250,49,18,0,0,0,49,4,208,0,0,0,0,0,0,0,0,0,0,0,0,0,0,1
1,69,11,20,15,249,0,250,49,16,0,0,0,49,4,210,0,0,0,0,0,0,0,0,0,0,0,0,0,0,1
1,69,11,20,15,249,0,250,49,9,0,0,0,49,4,203,0,0,0,0,0,0,0,0,0,0,0,0,0,0,1
1,69,11,20,15,249,0,250,49,13,0,0,0,49,4,207,0,0,0,0,0,0,0,0,0,0,0,0,0,0,1
1,65,3,17,16,249,1,32,2,77,38,105,197,0,0,0,0,0,0,0,0,0,0,0,0,0,0,0,0,0,1
16,3,3,11,1,249,198,0,0,0,0,0,0,0,0,0,0,0,0,0,0,0,0,0,0,0,0,0,0,0,1
16,65,5,18,1,249,1,32,3,0,140,88,40,54,0,0,0,0,0,0,0,0,0,0,0,0,0,0,0,0,1
1,3,5,11,16,249,125,0,0,0,0,0,0,0,0,0,0,0,0,0,0,0,0,0,0,0,0,0,0,0,1
1,65,8,17,9,249,1,32,2,77,38,113,201,0,0,0,0,0,0,0,0,0,0,0,0,0,0,0,0,0,1
9,3,8,11,1,249,17,0,0,0,0,0,0,0,0,0,0,0,0,0,0,0,0,0,0,0,0,0,0,0,1
9,65,11,18,1,249,1,32,3,0,140,88,62,79,0,0,0,0,0,0,0,0,0,0,0,0,0,0,0,0,1
1,3,11,11,9,249,100,0,0,0,0,0,0,0,0,0,0,0,0,0,0,0,0,0,0,0,0,0,0,0,1
1,65,4,13,13,249,2,156,215,0,0,0,0,0,0,0,0,0,0,0,0,0,0,0,0,0,0,0,0,0,1
13,3,4,11,1,249,118,0,0,0,0,0,0,0,0,0,0,0,0,0,0,0,0,0,0,0,0,0,0,0,1
13,65,8,14,1,249,3,0,29,176,0,0,0,0,0,0,0,0,0,0,0,0,0,0,0,0,0,0,0,0,1
1,3,8,11,13,249,176,0,0,0,0,0,0,0,0,0,0,0,0,0,0,0,0,0,0,0,0,0,0,0,1
1,65,9,13,10,249,2,56,61,0,0,0,0,0,0,0,0,0,0,0,0,0,0,0,0,0,0,0,0,0,1
10,3,9,11,1,249,243,0,0,0,0,0,0,0,0,0,0,0,0,0,0,0,0,0,0,0,0,0,0,0,1
10,65,3,14,1,249,3,0,25,10,0,0,0,0,0,0,0,0,0,0,0,0,0,0,0,0,0,0,0,0,1
1,3,3,11,10,249,166,0,0,0,0,0,0,0,0,0,0,0,0,0,0,0,0,0,0,0,0,0,0,0,1
7,3,1,10,1,249,0,0,0,0,0,0,0,0,0,0,0,0,0,0,0,0,0,0,0,0,0,0,0,0,1
1,3,1,10,7,249,0,0,0,0,0,0,0,0,0,0,0,0,0,0,0,0,0,0,0,0,0,0,0,0,1
1,65,3,17,16,249,1,32,2,77,38,105,197,0,0,0,0,0,0,0,0,0,0,0,0,0,0,0,0,0,1
16,3,3,11,1,249,198,0,0,0,0,0,0,0,0,0,0,0,0,0,0,0,0,0,0,0,0,0,0,0,1
16,65,6,18,1,249,1,32,3,0,140,88,153,249,0,0,0,0,0,0,0,0,0,0,0,0,0,0,0,0,1
1,3,6,11,16,249,45,0,0,0,0,0,0,0,0,0,0,0,0,0,0,0,0,0,0,0,0,0,0,0,1
1,65,8,17,9,249,1,32,2,77,38,113,201,0,0,0,0,0,0,0,0,0,0,0,0,0,0,0,0,0,1
9,3,8,11,1,249,17,0,0,0,0,0,0,0,0,0,0,0,0,0,0,0,0,0,0,0,0,0,0,0,1
9,65,12,18,1,249,1,32,3,0,140,88,34,181,0,0,0,0,0,0,0,0,0,0,0,0,0,0,0,0,1
1,3,12,11,9,249,244,0,0,0,0,0,0,0,0,0,0,0,0,0,0,0,0,0,0,0,0,0,0,0,1
1,65,4,13,13,249,2,156,215,0,0,0,0,0,0,0,0,0,0,0,0,0,0,0,0,0,0,0,0,0,1
13,3,4,11,1,249,118,0,0,0,0,0,0,0,0,0,0,0,0,0,0,0,0,0,0,0,0,0,0,0,1
13,65,9,14,1,249,3,0,88,16,0,0,0,0,0,0,0,0,0,0,0,0,0,0,0,0,0,0,0,0,1
1,3,9,11,13,249,128,0,0,0,0,0,0,0,0,0,0,0,0,0,0,0,0,0,0,0,0,0,0,0,1
1,65,11,13,10,249,2,124,190,0,0,0,0,0,0,0,0,0,0,0,0,0,0,0,0,0,0,0,0,0,1
10,3,11,11,1,249,147,0,0,0,0,0,0,0,0,0,0,0,0,0,0,0,0,0,0,0,0,0,0,0,1
10,65,4,14,1,249,3,0,209,75,0,0,0,0,0,0,0,0,0,0,0,0,0,0,0,0,0,0,0,0,1
1,3,4,11,10,249,54,0,0,0,0,0,0,0,0,0,0,0,0,0,0,0,0,0,0,0,0,0,0,0,1
10,65,5,33,1,249,1,96,13,1,0,50,2,33,68,0,0,0,0,0,0,0,0,0,0,7,90,180,67,0,1
1,3,5,11,10,249,6,0,0,0,0,0,0,0,0,0,0,0,0,0,0,0,0,0,0,0,0,0,0,0,1
10,65,6,33,1,249,1,96,13,2,0,50,2,33,68,0,0,0,12,0,0,0,0,0,0,189,124,122,159,0,1
1,3,6,11,10,249,86,0,0,0,0,0,0,0,0,0,0,0,0,0,0,0,0,0,0,0,0,0,0,0,1
10,65,7,29,1,249,1,96,13,1,0,50,2,33,50,0,0,0,0,0,0,202,252,186,230,0,0,0,0,0,1
1,3,7,11,10,249,102,0,0,0,0,0,0,0,0,0,0,0,0,0,0,0,0,0,0,0,0,0,0,0,1
10,65,8,29,1,249,1,96,13,2,0,50,2,33,50,0,0,0,0,0,0,207,99,124,16,0,0,0,0,0,1
1,3,8,11,10,249,87,0,0,0,0,0,0,0,0,0,0,0,0,0,0,0,0,0,0,0,0,0,0,0,1
1,65,4,17,16,249,1,32,2,77,38,216,110,0,0,0,0,0,0,0,0,0,0,0,0,0,0,0,0,0,1
16,3,4,11,1,249,86,0,0,0,0,0,0,0,0,0,0,0,0,0,0,0,0,0,0,0,0,0,0,0,1
16,65,7,18,1,249,1,32,3,0,140,88,246,188,0,0,0,0,0,0,0,0,0,0,0,0,0,0,0,0,1
1,3,7,11,16,249,29,0,0,0,0,0,0,0,0,0,0,0,0,0,0,0,0,0,0,0,0,0,0,0,1
1,65,9,17,9,249,1,32,2,77,38,154,234,0,0,0,0,0,0,0,0,0,0,0,0,0,0,0,0,0,1
9,3,9,11,1,249,33,0,0,0,0,0,0,0,0,0,0,0,0,0,0,0,0,0,0,0,0,0,0,0,1
9,65,13,18,1,249,1,32,3,0,140,88,77,240,0,0,0,0,0,0,0,0,0,0,0,0,0,0,0,0,1
1,3,13,11,9,249,196,0,0,0,0,0,0,0,0,0,0,0,0,0,0,0,0,0,0,0,0,0,0,0,1
1,65,5,13,13,249,2,54,134,0,0,0,0,0,0,0,0,0,0,0,0,0,0,0,0,0,0,0,0,0,1
13,3,5,11,1,249,70,0,0,0,0,0,0,0,0,0,0,0,0,0,0,0,0,0,0,0,0,0,0,0,1
13,65,10,14,1,249,3,0,150,240,0,0,0,0,0,0,0,0,0,0,0,0,0,0,0,0,0,0,0,0,1
1,3,10,11,13,249,208,0,0,0,0,0,0,0,0,0,0,0,0,0,0,0,0,0,0,0,0,0,0,0,1
17,65,1,17,1,249,5,1,42,2,90,167,174,0,0,0,0,0,0,0,0,0,0,0,0,0,0,0,0,0,1
1,3,1,11,17,249,156,0,0,0,0,0,0,0,0,0,0,0,0,0,0,0,0,0,0,0,0,0,0,0,1
17,65,2,16,1,249,5,5,1,26,215,187,0,0,0,0,0,0,0,0,0,0,0,0,0,0,0,0,0,0,1
1,3,2,11,17,249,204,0,0,0,0,0,0,0,0,0,0,0,0,0,0,0,0,0,0,0,0,0,0,0,1
17,65,3,17,1,249,5,3,10,0,65,207,95,0,0,0,0,0,0,0,0,0,0,0,0,0,0,0,0,0,1
1,3,3,11,17,249,252,0,0,0,0,0,0,0,0,0,0,0,0,0,0,0,0,0,0,0,0,0,0,0,1
17,65,4,16,1,249,5,27,1,0,188,105,0,0,0,0,0,0,0,0,0,0,0,0,0,0,0,0,0,0,1
1,3,4,11,17,249,108,0,0,0,0,0,0,0,0,0,0,0,0,0,0,0,0,0,0,0,0,0,0,0,1
17,65,5,13,1,249,7,245,131,0,0,0,0,0,0,0,0,0,0,0,0,0,0,0,0,0,0,0,0,0,1
1,3,5,11,17,249,92,0,0,0,0,0,0,0,0,0,0,0,0,0,0,0,0,0,0,0,0,0,0,0,1
1,65,12,13,17,249,8,216,8,0,0,0,0,0,0,0,0,0,0,0,0,0,0,0,0,0,0,0,0,0,1
17,3,12,11,1,249,166,0,0,0,0,0,0,0,0,0,0,0,0,0,0,0,0,0,0,0,0,0,0,0,1
1,65,13,13,10,249,2,177,59,0,0,0,0,0,0,0,0,0,0,0,0,0,0,0,0,0,0,0,0,0,1
10,3,13,11,1,249,51,0,0,0,0,0,0,0,0,0,0,0,0,0,0,0,0,0,0,0,0,0,0,0,1
10,65,9,14,1,249,3,0,159,8,0,0,0,0,0,0,0,0,0,0,0,0,0,0,0,0,0,0,0,0,1
1,3,9,11,10,249,103,0,0,0,0,0,0,0,0,0,0,0,0,0,0,0,0,0,0,0,0,0,0,0,1
1,65,6,17,16,249,1,32,2,77,38,30,9,0,0,0,0,0,0,0,0,0,0,0,0,0,0,0,0,0,1
16,3,6,11,1,249,54,0,0,0,0,0,0,0,0,0,0,0,0,0,0,0,0,0,0,0,0,0,0,0,1
16,65,8,18,1,249,1,32,3,0,140,88,160,13,0,0,0,0,0,0,0,0,0,0,0,0,0,0,0,0,1
1,3,8,11,16,249,44,0,0,0,0,0,0,0,0,0,0,0,0,0,0,0,0,0,0,0,0,0,0,0,1
1,65,11,17,9,249,1,32,2,77,38,92,141,0,0,0,0,0,0,0,0,0,0,0,0,0,0,0,0,0,1
9,3,11,11,1,249,65,0,0,0,0,0,0,0,0,0,0,0,0,0,0,0,0,0,0,0,0,0,0,0,1
9,65,14,18,1,249,1,32,3,0,140,88,252,63,0,0,0,0,0,0,0,0,0,0,0,0,0,0,0,0,1
1,3,14,11,9,249,148,0,0,0,0,0,0,0,0,0,0,0,0,0,0,0,0,0,0,0,0,0,0,0,1
11,65,1,12,1,249,7,141,0,0,0,0,0,0,0,0,0,0,0,0,0,0,0,0,0,0,0,0,0,0,1
1,3,1,10,11,249,0,0,0,0,0,0,0,0,0,0,0,0,0,0,0,0,0,0,0,0,0,0,0,0,1
1,65,2,12,11,249,8,129,0,0,0,0,0,0,0,0,0,0,0,0,0,0,0,0,0,0,0,0,0,0,1
11,3,2,10,1,249,0,0,0,0,0,0,0,0,0,0,0,0,0,0,0,0,0,0,0,0,0,0,0,0,1
12,65,1,12,1,249,7,138,0,0,0,0,0,0,0,0,0,0,0,0,0,0,0,0,0,0,0,0,0,0,1
1,3,1,10,12,249,0,0,0,0,0,0,0,0,0,0,0,0,0,0,0,0,0,0,0,0,0,0,0,0,1
1,65,3,12,12,249,8,135,0,0,0,0,0,0,0,0,0,0,0,0,0,0,0,0,0,0,0,0,0,0,1
12,3,3,10,1,249,0,0,0,0,0,0,0,0,0,0,0,0,0,0,0,0,0,0,0,0,0,0,0,0,1
1,65,7,13,13,249,2,114,5,0,0,0,0,0,0,0,0,0,0,0,0,0,0,0,0,0,0,0,0,0,1
13,3,7,11,1,249,38,0,0,0,0,0,0,0,0,0,0,0,0,0,0,0,0,0,0,0,0,0,0,0,1
13,65,11,14,1,249,3,0,211,80,0,0,0,0,0,0,0,0,0,0,0,0,0,0,0,0,0,0,0,0,1
1,3,11,11,13,249,224,0,0,0,0,0,0,0,0,0,0,0,0,0,0,0,0,0,0,0,0,0,0,0,1
1,65,14,13,10,249,2,95,233,0,0,0,0,0,0,0,0,0,0,0,0,0,0,0,0,0,0,0,0,0,1
10,3,14,11,1,249,99,0,0,0,0,0,0,0,0,0,0,0,0,0,0,0,0,0,0,0,0,0,0,0,1
10,65,10,14,1,249,3,0,81,232,0,0,0,0,0,0,0,0,0,0,0,0,0,0,0,0,0,0,0,0,1
1,3,10,11,10,249,55,0,0,0,0,0,0,0,0,0,0,0,0,0,0,0,0,0,0,0,0,0,0,0,1
1,65,7,17,16,249,1,32,2,77,38,245,42,0,0,0,0,0,0,0,0,0,0,0,0,0,0,0,0,0,1
16,3,7,11,1,249,6,0,0,0,0,0,0,0,0,0,0,0,0,0,0,0,0,0,0,0,0,0,0,0,1
16,65,9,18,1,249,1,32,3,0,140,88,207,72,0,0,0,0,0,0,0,0,0,0,0,0,0,0,0,0,1
1,3,9,11,16,249,28,0,0,0,0,0,0,0,0,0,0,0,0,0,0,0,0,0,0,0,0,0,0,0,1
1,65,12,17,9,249,1,32,2,77,38,237,38,0,0,0,0,0,0,0,0,0,0,0,0,0,0,0,0,0,1
9,3,12,11,1,249,209,0,0,0,0,0,0,0,0,0,0,0,0,0,0,0,0,0,0,0,0,0,0,0,1
9,65,15,18,1,249,1,32,3,0,140,88,147,122,0,0,0,0,0,0,0,0,0,0,0,0,0,0,0,0,1
1,3,15,11,9,249,164,0,0,0,0,0,0,0,0,0,0,0,0,0,0,0,0,0,0,0,0,0,0,0,1
1,65,11,13,13,249,2,249,46,0,0,0,0,0,0,0,0,0,0,0,0,0,0,0,0,0,0,0,0,0,1
13,3,11,11,1,249,71,0,0,0,0,0,0,0,0,0,0,0,0,0,0,0,0,0,0,0,0,0,0,0,1
13,65,12,14,1,249,3,0,27,17,0,0,0,0,0,0,0,0,0,0,0,0,0,0,0,0,0,0,0,0,1
1,3,12,11,13,249,112,0,0,0,0,0,0,0,0,0,0,0,0,0,0,0,0,0,0,0,0,0,0,0,1
1,65,4,12,15,249,4,58,0,0,0,0,0,0,0,0,0,0,0,0,0,0,0,0,0,0,0,0,0,0,1
1,65,4,12,15,249,4,58,0,0,0,0,0,0,0,0,0,0,0,0,0,0,0,0,0,0,0,0,0,0,1
1,65,4,12,15,249,4,58,0,0,0,0,0,0,0,0,0,0,0,0,0,0,0,0,0,0,0,0,0,0,1
1,129,12,16,15,249,32,16,13,49,4,211,0,0,0,0,0,0,0,0,0,0,0,0,0,0,0,0,0,0,1
1,129,12,16,15,249,33,16,13,49,4,210,0,0,0,0,0,0,0,0,0,0,0,0,0,0,0,0,0,0,1
1,129,12,16,15,249,34,16,13,49,4,209,0,0,0,0,0,0,0,0,0,0,0,0,0,0,0,0,0,0,1
1,129,12,16,15,249,34,16,13,49,4,209,0,0,0,0,0,0,0,0,0,0,0,0,0,0,0,0,0,0,1
1,129,12,16,15,249,34,16,13,49,4,209,0,0,0,0,0,0,0,0,0,0,0,0,0,0,0,0,0,0,1
15,129,12,14,1,249,32,16,13,221,0,0,0,0,0,0,0,0,0,0,0,0,0,0,0,0,0,0,0,0,1
15,193,12,14,1,249,47,16,13,146,0,0,0,0,0,0,0,0,0,0,0,0,0,0,0,0,0,0,0,0,1
1,3,12,10,16,249,0,0,0,0,0,0,0,0,0,0,0,0,0,0,0,0,0,0,0,0,0,0,0,0,1
1,129,13,16,15,249,32,16,9,49,4,214,0,0,0,0,0,0,0,0,0,0,0,0,0,0,0,0,0,0,1
1,129,13,16,15,249,33,16,9,49,4,215,0,0,0,0,0,0,0,0,0,0,0,0,0,0,0,0,0,0,1
1,129,13,16,15,249,34,16,9,49,4,212,0,0,0,0,0,0,0,0,0,0,0,0,0,0,0,0,0,0,1
1,129,13,16,15,249,34,16,9,49,4,212,0,0,0,0,0,0,0,0,0,0,0,0,0,0,0,0,0,0,1
1,129,13,16,15,249,34,16,9,49,4,212,0,0,0,0,0,0,0,0,0,0,0,0,0,0,0,0,0,0,1
15,129,13,14,1,249,32,16,9,216,0,0,0,0,0,0,0,0,0,0,0,0,0,0,0,0,0,0,0,0,1
15,193,13,14,1,249,47,16,9,151,0,0,0,0,0,0,0,0,0,0,0,0,0,0,0,0,0,0,0,0,1
1,3,13,10,16,249,0,0,0,0,0,0,0,0,0,0,0,0,0,0,0,0,0,0,0,0,0,0,0,0,1
1,129,14,15,15,249,16,13,49,4,238,0,0,0,0,0,0,0,0,0,0,0,0,0,0,0,0,0,0,0,1
1,129,14,15,15,249,17,13,49,4,239,0,0,0,0,0,0,0,0,0,0,0,0,0,0,0,0,0,0,0,1
1,129,14,15,15,249,17,13,49,4,239,0,0,0,0,0,0,0,0,0,0,0,0,0,0,0,0,0,0,0,1
1,129,14,15,15,249,17,13,49,4,239,0,0,0,0,0,0,0,0,0,0,0,0,0,0,0,0,0,0,0,1
15,193,14,13,1,249,31,13,131,0,0,0,0,0,0,0,0,0,0,0,0,0,0,0,0,0,0,0,0,0,1
1,3,14,10,13,249,0,0,0,0,0,0,0,0,0,0,0,0,0,0,0,0,0,0,0,0,0,0,0,0,1
1,129,15,16,15,249,32,13,10,49,4,202,0,0,0,0,0,0,0,0,0,0,0,0,0,0,0,0,0,0,1
1,129,15,16,15,249,33,13,10,49,4,203,0,0,0,0,0,0,0,0,0,0,0,0,0,0,0,0,0,0,1
1,129,15,16,15,249,34,13,10,49,4,200,0,0,0,0,0,0,0,0,0,0,0,0,0,0,0,0,0,0,1
1,129,15,16,15,249,34,13,10,49,4,200,0,0,0,0,0,0,0,0,0,0,0,0,0,0,0,0,0,0,1
1,129,15,16,15,249,34,13,10,49,4,200,0,0,0,0,0,0,0,0,0,0,0,0,0,0,0,0,0,0,1
15,129,15,14,1,249,32,13,10,196,0,0,0,0,0,0,0,0,0,0,0,0,0,0,0,0,0,0,0,0,1
15,193,15,14,1,249,47,13,10,139,0,0,0,0,0,0,0,0,0,0,0,0,0,0,0,0,0,0,0,0,1
1,3,15,10,13,249,0,0,0,0,0,0,0,0,0,0,0,0,0,0,0,0,0,0,0,0,0,0,0,0,1
1,129,1,15,15,249,16,10,49,4,230,0,0,0,0,0,0,0,0,0,0,0,0,0,0,0,0,0,0,0,1
1,129,1,15,15,249,17,10,49,4,231,0,0,0,0,0,0,0,0,0,0,0,0,0,0,0,0,0,0,0,1
1,129,1,15,15,249,17,10,49,4,231,0,0,0,0,0,0,0,0,0,0,0,0,0,0,0,0,0,0,0,1
1,129,1,15,15,249,17,10,49,4,231,0,0,0,0,0,0,0,0,0,0,0,0,0,0,0,0,0,0,0,1
15,193,1,13,1,249,31,10,139,0,0,0,0,0,0,0,0,0,0,0,0,0,0,0,0,0,0,0,0,0,1
1,3,1,10,10,249,0,0,0,0,0,0,0,0,0,0,0,0,0,0,0,0,0,0,0,0,0,0,0,0,1
1,65,5,12,15,249,4,59,0,0,0,0,0,0,0,0,0,0,0,0,0,0,0,0,0,0,0,0,0,0,1
1,65,5,12,15,249,4,59,0,0,0,0,0,0,0,0,0,0,0,0,0,0,0,0,0,0,0,0,0,0,1
1,65,5,12,15,249,4,59,0,0,0,0,0,0,0,0,0,0,0,0,0,0,0,0,0,0,0,0,0,0,1
1,69,2,20,15,249,0,250,64,0,0,0,0,49,4,186,0,0,0,0,0,0,0,0,0,0,0,0,0,0,1
1,69,2,20,15,249,0,250,49,18,0,0,0,49,4,217,0,0,0,0,0,0,0,0,0,0,0,0,0,0,1
1,69,2,20,15,249,0,250,49,16,0,0,0,49,4,219,0,0,0,0,0,0,0,0,0,0,0,0,0,0,1
1,69,2,20,15,249,0,250,49,10,0,0,0,49,4,193,0,0,0,0,0,0,0,0,0,0,0,0,0,0,1
1,69,2,20,15,249,0,250,49,9,0,0,0,49,4,194,0,0,0,0,0,0,0,0,0,0,0,0,0,0,1
1,69,2,20,15,249,0,250,49,13,0,0,0,49,4,198,0,0,0,0,0,0,0,0,0,0,0,0,0,0,1
1,65,3,13,10,249,2,126,147,0,0,0,0,0,0,0,0,0,0,0,0,0,0,0,0,0,0,0,0,0,1
10,3,3,11,1,249,50,0,0,0,0,0,0,0,0,0,0,0,0,0,0,0,0,0,0,0,0,0,0,0,1
10,65,11,14,1,249,3,0,20,72,0,0,0,0,0,0,0,0,0,0,0,0,0,0,0,0,0,0,0,0,1
1,3,11,11,10,249,7,0,0,0,0,0,0,0,0,0,0,0,0,0,0,0,0,0,0,0,0,0,0,0,1
7,3,7,10,1,249,0,0,0,0,0,0,0,0,0,0,0,0,0,0,0,0,0,0,0,0,0,0,0,0,1
7,3,7,10,1,249,0,0,0,0,0,0,0,0,0,0,0,0,0,0,0,0,0,0,0,0,0,0,0,0,1
1,3,1,10,7,249,0,0,0,0,0,0,0,0,0,0,0,0,0,0,0,0,0,0,0,0,0,0,0,0,1
1,65,11,17,16,249,1,32,2,77,38,64,58,0,0,0,0,0,0,0,0,0,0,0,0,0,0,0,0,0,1
16,3,11,11,1,249,103,0,0,0,0,0,0,0,0,0,0,0,0,0,0,0,0,0,0,0,0,0,0,0,1
16,65,10,18,1,249,1,32,3,0,140,88,126,135,0,0,0,0,0,0,0,0,0,0,0,0,0,0,0,0,1
1,3,10,11,16,249,76,0,0,0,0,0,0,0,0,0,0,0,0,0,0,0,0,0,0,0,0,0,0,0,1
1,65,1,17,9,249,1,32,2,77,38,179,21,0,0,0,0,0,0,0,0,0,0,0,0,0,0,0,0,0,1
9,3,1,11,1,249,128,0,0,0,0,0,0,0,0,0,0,0,0,0,0,0,0,0,0,0,0,0,0,0,1
9,65,1,18,1,249,1,32,3,0,140,88,170,142,0,0,0,0,0,0,0,0,0,0,0,0,0,0,0,0,1
1,3,1,11,9,249,165,0,0,0,0,0,0,0,0,0,0,0,0,0,0,0,0,0,0,0,0,0,0,0,1
1,65,12,13,13,249,2,158,250,0,0,0,0,0,0,0,0,0,0,0,0,0,0,0,0,0,0,0,0,0,1
13,3,12,11,1,249,215,0,0,0,0,0,0,0,0,0,0,0,0,0,0,0,0,0,0,0,0,0,0,0,1
13,65,13,14,1,249,3,0,94,177,0,0,0,0,0,0,0,0,0,0,0,0,0,0,0,0,0,0,0,0,1
1,3,13,11,13,249,64,0,0,0,0,0,0,0,0,0,0,0,0,0,0,0,0,0,0,0,0,0,0,0,1
1,65,8,12,8,249,2,35,0,0,0,0,0,0,0,0,0,0,0,0,0,0,0,0,0,0,0,0,0,0,1
1,65,8,12,8,249,2,35,0,0,0,0,0,0,0,0,0,0,0,0,0,0,0,0,0,0,0,0,0,0,1
1,65,8,12,8,249,2,35,0,0,0,0,0,0,0,0,0,0,0,0,0,0,0,0,0,0,0,0,0,0,1
1,65,9,12,8,249,2,34,0,0,0,0,0,0,0,0,0,0,0,0,0,0,0,0,0,0,0,0,0,0,1
8,3,9,10,1,249,0,0,0,0,0,0,0,0,0,0,0,0,0,0,0,0,0,0,0,0,0,0,0,0,1
8,65,65,13,1,249,3,0,106,0,0,0,0,0,0,0,0,0,0,0,0,0,0,0,0,0,0,0,0,0,1
1,3,1,10,8,249,0,0,0,0,0,0,0,0,0,0,0,0,0,0,0,0,0,0,0,0,0,0,0,0,1
1,65,4,13,10,249,2,25,71,0,0,0,0,0,0,0,0,0,0,0,0,0,0,0,0,0,0,0,0,0,1
10,3,4,11,1,249,162,0,0,0,0,0,0,0,0,0,0,0,0,0,0,0,0,0,0,0,0,0,0,0,1
10,65,12,14,1,249,3,0,220,9,0,0,0,0,0,0,0,0,0,0,0,0,0,0,0,0,0,0,0,0,1
1,3,12,11,10,249,151,0,0,0,0,0,0,0,0,0,0,0,0,0,0,0,0,0,0,0,0,0,0,0,1
10,65,13,33,1,249,1,96,13,1,0,50,2,33,68,0,0,0,0,0,0,0,0,0,0,7,90,185,161,0,1
1,3,13,11,10,249,167,0,0,0,0,0,0,0,0,0,0,0,0,0,0,0,0,0,0,0,0,0,0,0,1
10,65,14,33,1,249,1,96,13,2,0,50,2,33,68,0,0,0,13,0,0,0,0,0,0,5,29,119,125,0,1
1,3,14,11,10,249,247,0,0,0,0,0,0,0,0,0,0,0,0,0,0,0,0,0,0,0,0,0,0,0,1
10,65,15,29,1,249,1,96,13,1,0,50,2,33,50,0,0,0,0,0,0,202,252,117,144,0,0,0,0,0,1
1,3,15,11,10,249,199,0,0,0,0,0,0,0,0,0,0,0,0,0,0,0,0,0,0,0,0,0,0,0,1
10,65,1,29,1,249,1,96,13,2,0,50,2,33,50,0,0,0,0,0,0,207,99,102,144,0,0,0,0,0,1
1,3,1,11,10,249,198,0,0,0,0,0,0,0,0,0,0,0,0,0,0,0,0,0,0,0,0,0,0,0,1
1,65,12,17,16,249,1,32,2,77,38,241,145,0,0,0,0,0,0,0,0,0,0,0,0,0,0,0,0,0,1
16,3,12,11,1,249,247,0,0,0,0,0,0,0,0,0,0,0,0,0,0,0,0,0,0,0,0,0,0,0,1
16,65,11,18,1,249,1,32,3,0,140,88,17,194,0,0,0,0,0,0,0,0,0,0,0,0,0,0,0,0,1
1,3,11,11,16,249,124,0,0,0,0,0,0,0,0,0,0,0,0,0,0,0,0,0,0,0,0,0,0,0,1
1,65,2,17,9,249,1,32,2,77,38,158,81,0,0,0,0,0,0,0,0,0,0,0,0,0,0,0,0,0,1
9,3,2,11,1,249,208,0,0,0,0,0,0,0,0,0,0,0,0,0,0,0,0,0,0,0,0,0,0,0,1
9,65,2,18,1,249,1,32,3,0,140,88,27,65,0,0,0,0,0,0,0,0,0,0,0,0,0,0,0,0,1
1,3,2,11,9,249,245,0,0,0,0,0,0,0,0,0,0,0,0,0,0,0,0,0,0,0,0,0,0,0,1
1,65,13,13,13,249,2,52,171,0,0,0,0,0,0,0,0,0,0,0,0,0,0,0,0,0,0,0,0,0,1
13,3,13,11,1,249,231,0,0,0,0,0,0,0,0,0,0,0,0,0,0,0,0,0,0,0,0,0,0,0,1
13,65,14,14,1,249,3,0,144,81,0,0,0,0,0,0,0,0,0,0,0,0,0,0,0,0,0,0,0,0,1
1,3,14,11,13,249,16,0,0,0,0,0,0,0,0,0,0,0,0,0,0,0,0,0,0,0,0,0,0,0,1
17,65,1,17,1,249,5,1,42,2,94,231,42,0,0,0,0,0,0,0,0,0,0,0,0,0,0,0,0,0,1
1,3,1,11,17,249,156,0,0,0,0,0,0,0,0,0,0,0,0,0,0,0,0,0,0,0,0,0,0,0,1
17,65,2,16,1,249,5,5,1,26,215,187,0,0,0,0,0,0,0,0,0,0,0,0,0,0,0,0,0,0,1
1,3,2,11,17,249,204,0,0,0,0,0,0,0,0,0,0,0,0,0,0,0,0,0,0,0,0,0,0,0,1
17,65,3,17,1,249,5,3,10,0,72,94,118,0,0,0,0,0,0,0,0,0,0,0,0,0,0,0,0,0,1
1,3,3,11,17,249,252,0,0,0,0,0,0,0,0,0,0,0,0,0,0,0,0,0,0,0,0,0,0,0,1
17,65,4,16,1,249,5,27,1,0,188,105,0,0,0,0,0,0,0,0,0,0,0,0,0,0,0,0,0,0,1
1,3,4,11,17,249,108,0,0,0,0,0,0,0,0,0,0,0,0,0,0,0,0,0,0,0,0,0,0,0,1
17,65,4,16,1,249,5,27,1,0,188,105,0,0,0,0,0,0,0,0,0,0,0,0,0,0,0,0,0,0,1
1,3,4,11,17,249,108,0,0,0,0,0,0,0,0,0,0,0,0,0,0,0,0,0,0,0,0,0,0,0,1
17,65,5,13,1,249,7,245,131,0,0,0,0,0,0,0,0,0,0,0,0,0,0,0,0,0,0,0,0,0,1
1,3,5,11,17,249,92,0,0,0,0,0,0,0,0,0,0,0,0,0,0,0,0,0,0,0,0,0,0,0,1
1,65,15,13,17,249,8,54,218,0,0,0,0,0,0,0,0,0,0,0,0,0,0,0,0,0,0,0,0,0,1
17,3,15,11,1,249,246,0,0,0,0,0,0,0,0,0,0,0,0,0,0,0,0,0,0,0,0,0,0,0,1
1,65,6,13,10,249,2,93,196,0,0,0,0,0,0,0,0,0,0,0,0,0,0,0,0,0,0,0,0,0,1
10,3,6,11,1,249,194,0,0,0,0,0,0,0,0,0,0,0,0,0,0,0,0,0,0,0,0,0,0,0,1
10,65,2,14,1,249,3,0,92,170,0,0,0,0,0,0,0,0,0,0,0,0,0,0,0,0,0,0,0,0,1
1,3,2,11,10,249,150,0,0,0,0,0,0,0,0,0,0,0,0,0,0,0,0,0,0,0,0,0,0,0,1
1,65,14,17,16,249,1,32,2,77,38,55,246,0,0,0,0,0,0,0,0,0,0,0,0,0,0,0,0,0,1
16,3,14,11,1,249,151,0,0,0,0,0,0,0,0,0,0,0,0,0,0,0,0,0,0,0,0,0,0,0,1
16,65,12,18,1,249,1,32,3,0,140,88,13,56,0,0,0,0,0,0,0,0,0,0,0,0,0,0,0,0,1
1,3,12,11,16,249,236,0,0,0,0,0,0,0,0,0,0,0,0,0,0,0,0,0,0,0,0,0,0,0,1
1,65,4,17,9,249,1,32,2,77,38,196,217,0,0,0,0,0,0,0,0,0,0,0,0,0,0,0,0,0,1
9,3,4,11,1,249,112,0,0,0,0,0,0,0,0,0,0,0,0,0,0,0,0,0,0,0,0,0,0,0,1
9,65,3,18,1,249,1,32,3,0,140,88,116,4,0,0,0,0,0,0,0,0,0,0,0,0,0,0,0,0,1
1,3,3,11,9,249,197,0,0,0,0,0,0,0,0,0,0,0,0,0,0,0,0,0,0,0,0,0,0,0,1
1,65,15,13,13,249,2,112,40,0,0,0,0,0,0,0,0,0,0,0,0,0,0,0,0,0,0,0,0,0,1
13,3,15,11,1,249,135,0,0,0,0,0,0,0,0,0,0,0,0,0,0,0,0,0,0,0,0,0,0,0,1
13,65,15,14,1,249,3,0,213,241,0,0,0,0,0,0,0,0,0,0,0,0,0,0,0,0,0,0,0,0,1
1,3,15,11,13,249,32,0,0,0,0,0,0,0,0,0,0,0,0,0,0,0,0,0,0,0,0,0,0,0,1
1,65,7,13,10,249,2,247,149,0,0,0,0,0,0,0,0,0,0,0,0,0,0,0,0,0,0,0,0,0,1
10,3,7,11,1,249,242,0,0,0,0,0,0,0,0,0,0,0,0,0,0,0,0,0,0,0,0,0,0,0,1
10,65,3,14,1,249,3,0,25,10,0,0,0,0,0,0,0,0,0,0,0,0,0,0,0,0,0,0,0,0,1
1,3,3,11,10,249,166,0,0,0,0,0,0,0,0,0,0,0,0,0,0,0,0,0,0,0,0,0,0,0,1
11,65,1,12,1,249,7,141,0,0,0,0,0,0,0,0,0,0,0,0,0,0,0,0,0,0,0,0,0,0,1
1,3,1,10,11,249,0,0,0,0,0,0,0,0,0,0,0,0,0,0,0,0,0,0,0,0,0,0,0,0,1
1,65,10,12,11,249,8,137,0,0,0,0,0,0,0,0,0,0,0,0,0,0,0,0,0,0,0,0,0,0,1
11,3,10,10,1,249,0,0,0,0,0,0,0,0,0,0,0,0,0,0,0,0,0,0,0,0,0,0,0,0,1
12,65,1,12,1,249,7,138,0,0,0,0,0,0,0,0,0,0,0,0,0,0,0,0,0,0,0,0,0,0,1
1,3,1,10,12,249,0,0,0,0,0,0,0,0,0,0,0,0,0,0,0,0,0,0,0,0,0,0,0,0,1
1,65,11,12,12,249,8,143,0,0,0,0,0,0,0,0,0,0,0,0,0,0,0,0,0,0,0,0,0,0,1
12,3,11,10,1,249,0,0,0,0,0,0,0,0,0,0,0,0,0,0,0,0,0,0,0,0,0,0,0,0,1
1,65,15,17,16,249,1,32,2,77,38,220,213,0,0,0,0,0,0,0,0,0,0,0,0,0,0,0,0,0,1
16,3,15,11,1,249,167,0,0,0,0,0,0,0,0,0,0,0,0,0,0,0,0,0,0,0,0,0,0,0,1
16,65,13,18,1,249,1,32,3,0,140,88,98,125,0,0,0,0,0,0,0,0,0,0,0,0,0,0,0,0,1
1,3,13,11,16,249,220,0,0,0,0,0,0,0,0,0,0,0,0,0,0,0,0,0,0,0,0,0,0,0,1
1,65,5,17,9,249,1,32,2,77,38,47,250,0,0,0,0,0,0,0,0,0,0,0,0,0,0,0,0,0,1
9,3,5,11,1,249,64,0,0,0,0,0,0,0,0,0,0,0,0,0,0,0,0,0,0,0,0,0,0,0,1
9,65,4,18,1,249,1,32,3,0,140,88,104,254,0,0,0,0,0,0,0,0,0,0,0,0,0,0,0,0,1
1,3,4,11,9,249,85,0,0,0,0,0,0,0,0,0,0,0,0,0,0,0,0,0,0,0,0,0,0,0,1
1,65,1,13,13,249,2,191,128,0,0,0,0,0,0,0,0,0,0,0,0,0,0,0,0,0,0,0,0,0,1
13,3,1,11,1,249,134,0,0,0,0,0,0,0,0,0,0,0,0,0,0,0,0,0,0,0,0,0,0,0,1
13,65,1,14,1,249,3,0,85,82,0,0,0,0,0,0,0,0,0,0,0,0,0,0,0,0,0,0,0,0,1
1,3,1,11,13,249,33,0,0,0,0,0,0,0,0,0,0,0,0,0,0,0,0,0,0,0,0,0,0,0,1
1,65,8,13,10,249,2,146,108,0,0,0,0,0,0,0,0,0,0,0,0,0,0,0,0,0,0,0,0,0,1
10,3,8,11,1,249,195,0,0,0,0,0,0,0,0,0,0,0,0,0,0,0,0,0,0,0,0,0,0,0,1
10,65,4,14,1,249,3,0,209,75,0,0,0,0,0,0,0,0,0,0,0,0,0,0,0,0,0,0,0,0,1
1,3,4,11,10,249,54,0,0,0,0,0,0,0,0,0,0,0,0,0,0,0,0,0,0,0,0,0,0,0,1
7,3,13,10,1,249,0,0,0,0,0,0,0,0,0,0,0,0,0,0,0,0,0,0,0,0,0,0,0,0,1
1,3,1,10,7,249,0,0,0,0,0,0,0,0,0,0,0,0,0,0,0,0,0,0,0,0,0,0,0,0,1
1,65,1,17,16,249,1,32,2,77,38,175,162,0,0,0,0,0,0,0,0,0,0,0,0,0,0,0,0,0,1
16,3,1,11,1,249,166,0,0,0,0,0,0,0,0,0,0,0,0,0,0,0,0,0,0,0,0,0,0,0,1
16,65,14,18,1,249,1,32,3,0,140,88,211,178,0,0,0,0,0,0,0,0,0,0,0,0,0,0,0,0,1
1,3,14,11,16,249,140,0,0,0,0,0,0,0,0,0,0,0,0,0,0,0,0,0,0,0,0,0,0,0,1
1,65,6,17,9,249,1,32,2,77,38,2,190,0,0,0,0,0,0,0,0,0,0,0,0,0,0,0,0,0,1
9,3,6,11,1,249,16,0,0,0,0,0,0,0,0,0,0,0,0,0,0,0,0,0,0,0,0,0,0,0,1
9,65,5,18,1,249,1,32,3,0,140,88,7,187,0,0,0,0,0,0,0,0,0,0,0,0,0,0,0,0,1
1,3,5,11,9,249,101,0,0,0,0,0,0,0,0,0,0,0,0,0,0,0,0,0,0,0,0,0,0,0,1
1,65,5,13,13,249,2,54,134,0,0,0,0,0,0,0,0,0,0,0,0,0,0,0,0,0,0,0,0,0,1
13,3,5,11,1,249,70,0,0,0,0,0,0,0,0,0,0,0,0,0,0,0,0,0,0,0,0,0,0,0,1
13,65,2,14,1,249,3,0,155,178,0,0,0,0,0,0,0,0,0,0,0,0,0,0,0,0,0,0,0,0,1
1,3,2,11,13,249,113,0,0,0,0,0,0,0,0,0,0,0,0,0,0,0,0,0,0,0,0,0,0,0,1
1,65,12,13,10,249,2,27,106,0,0,0,0,0,0,0,0,0,0,0,0,0,0,0,0,0,0,0,0,0,1
10,3,12,11,1,249,3,0,0,0,0,0,0,0,0,0,0,0,0,0,0,0,0,0,0,0,0,0,0,0,1
10,65,5,14,1,249,3,0,148,235,0,0,0,0,0,0,0,0,0,0,0,0,0,0,0,0,0,0,0,0,1
1,3,5,11,10,249,6,0,0,0,0,0,0,0,0,0,0,0,0,0,0,0,0,0,0,0,0,0,0,0,1
1,65,14,12,15,249,4,48,0,0,0,0,0,0,0,0,0,0,0,0,0,0,0,0,0,0,0,0,0,0,1
1,65,14,12,15,249,4,48,0,0,0,0,0,0,0,0,0,0,0,0,0,0,0,0,0,0,0,0,0,0,1
1,65,14,12,15,249,4,48,0,0,0,0,0,0,0,0,0,0,0,0,0,0,0,0,0,0,0,0,0,0,1
1,129,3,16,15,249,32,16,13,49,4,220,0,0,0,0,0,0,0,0,0,0,0,0,0,0,0,0,0,0,1
1,129,3,16,15,249,33,16,13,49,4,221,0,0,0,0,0,0,0,0,0,0,0,0,0,0,0,0,0,0,1
1,129,3,16,15,249,34,16,13,49,4,222,0,0,0,0,0,0,0,0,0,0,0,0,0,0,0,0,0,0,1
1,129,3,16,15,249,34,16,13,49,4,222,0,0,0,0,0,0,0,0,0,0,0,0,0,0,0,0,0,0,1
1,129,3,16,15,249,34,16,13,49,4,222,0,0,0,0,0,0,0,0,0,0,0,0,0,0,0,0,0,0,1
15,129,3,14,1,249,32,16,13,210,0,0,0,0,0,0,0,0,0,0,0,0,0,0,0,0,0,0,0,0,1
15,193,3,14,1,249,47,16,13,157,0,0,0,0,0,0,0,0,0,0,0,0,0,0,0,0,0,0,0,0,1
1,3,3,10,16,249,0,0,0,0,0,0,0,0,0,0,0,0,0,0,0,0,0,0,0,0,0,0,0,0,1
1,129,4,16,15,249,32,16,9,49,4,223,0,0,0,0,0,0,0,0,0,0,0,0,0,0,0,0,0,0,1
1,129,4,16,15,249,33,16,9,49,4,222,0,0,0,0,0,0,0,0,0,0,0,0,0,0,0,0,0,0,1
1,129,4,16,15,249,34,16,9,49,4,221,0,0,0,0,0,0,0,0,0,0,0,0,0,0,0,0,0,0,1
1,129,4,16,15,249,34,16,9,49,4,221,0,0,0,0,0,0,0,0,0,0,0,0,0,0,0,0,0,0,1
1,129,4,16,15,249,34,16,9,49,4,221,0,0,0,0,0,0,0,0,0,0,0,0,0,0,0,0,0,0,1
15,129,4,14,1,249,32,16,9,209,0,0,0,0,0,0,0,0,0,0,0,0,0,0,0,0,0,0,0,0,1
15,193,4,14,1,249,47,16,9,158,0,0,0,0,0,0,0,0,0,0,0,0,0,0,0,0,0,0,0,0,1
1,3,4,10,16,249,0,0,0,0,0,0,0,0,0,0,0,0,0,0,0,0,0,0,0,0,0,0,0,0,1
1,129,5,15,15,249,16,13,49,4,229,0,0,0,0,0,0,0,0,0,0,0,0,0,0,0,0,0,0,0,1
1,129,5,15,15,249,17,13,49,4,228,0,0,0,0,0,0,0,0,0,0,0,0,0,0,0,0,0,0,0,1
1,129,5,15,15,249,17,13,49,4,228,0,0,0,0,0,0,0,0,0,0,0,0,0,0,0,0,0,0,0,1
1,129,5,15,15,249,17,13,49,4,228,0,0,0,0,0,0,0,0,0,0,0,0,0,0,0,0,0,0,0,1
15,193,5,13,1,249,31,13,136,0,0,0,0,0,0,0,0,0,0,0,0,0,0,0,0,0,0,0,0,0,1
1,3,5,10,13,249,0,0,0,0,0,0,0,0,0,0,0,0,0,0,0,0,0,0,0,0,0,0,0,0,1
1,129,6,16,15,249,32,13,10,49,4,195,0,0,0,0,0,0,0,0,0,0,0,0,0,0,0,0,0,0,1
1,129,6,16,15,249,33,13,10,49,4,194,0,0,0,0,0,0,0,0,0,0,0,0,0,0,0,0,0,0,1
1,129,6,16,15,249,34,13,10,49,4,193,0,0,0,0,0,0,0,0,0,0,0,0,0,0,0,0,0,0,1
1,129,6,16,15,249,34,13,10,49,4,193,0,0,0,0,0,0,0,0,0,0,0,0,0,0,0,0,0,0,1
1,129,6,16,15,249,34,13,10,49,4,193,0,0,0,0,0,0,0,0,0,0,0,0,0,0,0,0,0,0,1
15,129,6,14,1,249,32,13,10,205,0,0,0,0,0,0,0,0,0,0,0,0,0,0,0,0,0,0,0,0,1
15,193,6,14,1,249,47,13,10,130,0,0,0,0,0,0,0,0,0,0,0,0,0,0,0,0,0,0,0,0,1
1,3,6,10,13,249,0,0,0,0,0,0,0,0,0,0,0,0,0,0,0,0,0,0,0,0,0,0,0,0,1
1,129,7,15,15,249,16,10,49,4,224,0,0,0,0,0,0,0,0,0,0,0,0,0,0,0,0,0,0,0,1
1,129,7,15,15,249,17,10,49,4,225,0,0,0,0,0,0,0,0,0,0,0,0,0,0,0,0,0,0,0,1
1,129,7,15,15,249,17,10,49,4,225,0,0,0,0,0,0,0,0,0,0,0,0,0,0,0,0,0,0,0,1
1,129,7,15,15,249,17,10,49,4,225,0,0,0,0,0,0,0,0,0,0,0,0,0,0,0,0,0,0,0,1
15,193,7,13,1,249,31,10,141,0,0,0,0,0,0,0,0,0,0,0,0,0,0,0,0,0,0,0,0,0,1
1,3,7,10,10,249,0,0,0,0,0,0,0,0,0,0,0,0,0,0,0,0,0,0,0,0,0,0,0,0,1
1,65,15,12,15,249,4,49,0,0,0,0,0,0,0,0,0,0,0,0,0,0,0,0,0,0,0,0,0,0,1
1,65,15,12,15,249,4,49,0,0,0,0,0,0,0,0,0,0,0,0,0,0,0,0,0,0,0,0,0,0,1
1,65,15,12,15,249,4,49,0,0,0,0,0,0,0,0,0,0,0,0,0,0,0,0,0,0,0,0,0,0,1
1,69,8,20,15,249,0,250,64,0,0,0,0,49,4,176,0,0,0,0,0,0,0,0,0,0,0,0,0,0,1
1,69,8,20,15,249,0,250,49,9,0,0,0,49,4,200,0,0,0,0,0,0,0,0,0,0,0,0,0,0,1
1,69,8,20,15,249,0,250,49,16,0,0,0,49,4,209,0,0,0,0,0,0,0,0,0,0,0,0,0,0,1
1,69,8,20,15,249,0,250,49,10,0,0,0,49,4,203,0,0,0,0,0,0,0,0,0,0,0,0,0,0,1
1,69,8,20,15,249,0,250,49,18,0,0,0,49,4,211,0,0,0,0,0,0,0,0,0,0,0,0,0,0,1
1,69,8,20,15,249,0,250,49,13,0,0,0,49,4,204,0,0,0,0,0,0,0,0,0,0,0,0,0,0,1
10,65,6,33,1,249,1,96,13,1,0,50,2,33,68,0,0,0,0,0,0,0,0,0,0,7,90,122,159,0,1
1,3,6,11,10,249,86,0,0,0,0,0,0,0,0,0,0,0,0,0,0,0,0,0,0,0,0,0,0,0,1
10,65,7,33,1,249,1,96,13,2,0,50,2,33,68,0,0,0,14,0,0,0,0,0,0,221,159,63,43,0,1
1,3,7,11,10,249,102,0,0,0,0,0,0,0,0,0,0,0,0,0,0,0,0,0,0,0,0,0,0,0,1
10,65,8,29,1,249,1,96,13,1,0,50,2,33,50,0,0,0,0,0,0,202,252,124,16,0,0,0,0,0,1
1,3,8,11,10,249,87,0,0,0,0,0,0,0,0,0,0,0,0,0,0,0,0,0,0,0,0,0,0,0,1
10,65,9,29,1,249,1,96,13,2,0,50,2,33,50,0,0,0,0,0,0,207,99,169,230,0,0,0,0,0,1
1,3,9,11,10,249,103,0,0,0,0,0,0,0,0,0,0,0,0,0,0,0,0,0,0,0,0,0,0,0,1
1,65,5,17,16,249,1,32,2,77,38,51,77,0,0,0,0,0,0,0,0,0,0,0,0,0,0,0,0,0,1
16,3,5,11,1,249,102,0,0,0,0,0,0,0,0,0,0,0,0,0,0,0,0,0,0,0,0,0,0,0,1
16,65,15,18,1,249,1,32,3,0,140,88,188,247,0,0,0,0,0,0,0,0,0,0,0,0,0,0,0,0,1
1,3,15,11,16,249,188,0,0,0,0,0,0,0,0,0,0,0,0,0,0,0,0,0,0,0,0,0,0,0,1
1,65,10,17,9,249,1,32,2,77,38,183,174,0,0,0,0,0,0,0,0,0,0,0,0,0,0,0,0,0,1
9,3,10,11,1,249,113,0,0,0,0,0,0,0,0,0,0,0,0,0,0,0,0,0,0,0,0,0,0,0,1
9,65,6,18,1,249,1,32,3,0,140,88,182,116,0,0,0,0,0,0,0,0,0,0,0,0,0,0,0,0,1
1,3,6,11,9,249,53,0,0,0,0,0,0,0,0,0,0,0,0,0,0,0,0,0,0,0,0,0,0,0,1
17,65,1,17,1,249,5,1,42,2,106,145,253,0,0,0,0,0,0,0,0,0,0,0,0,0,0,0,0,0,1
1,3,1,11,17,249,156,0,0,0,0,0,0,0,0,0,0,0,0,0,0,0,0,0,0,0,0,0,0,0,1
17,65,2,16,1,249,5,5,1,26,215,187,0,0,0,0,0,0,0,0,0,0,0,0,0,0,0,0,0,0,1
1,3,2,11,17,249,204,0,0,0,0,0,0,0,0,0,0,0,0,0,0,0,0,0,0,0,0,0,0,0,1
17,65,3,14,1,249,3,88,148,112,0,0,0,0,0,0,0,0,0,0,0,0,0,0,0,0,0,0,0,0,1
1,3,3,11,17,249,252,0,0,0,0,0,0,0,0,0,0,0,0,0,0,0,0,0,0,0,0,0,0,0,1
17,65,4,17,1,249,5,3,10,0,68,46,81,0,0,0,0,0,0,0,0,0,0,0,0,0,0,0,0,0,1
1,3,4,11,17,249,108,0,0,0,0,0,0,0,0,0,0,0,0,0,0,0,0,0,0,0,0,0,0,0,1
17,65,5,16,1,249,5,27,1,0,251,186,0,0,0,0,0,0,0,0,0,0,0,0,0,0,0,0,0,0,1
1,3,5,11,17,249,92,0,0,0,0,0,0,0,0,0,0,0,0,0,0,0,0,0,0,0,0,0,0,0,1
17,65,6,13,1,249,7,27,81,0,0,0,0,0,0,0,0,0,0,0,0,0,0,0,0,0,0,0,0,0,1
1,3,6,11,17,249,12,0,0,0,0,0,0,0,0,0,0,0,0,0,0,0,0,0,0,0,0,0,0,0,1
1,65,5,13,17,249,8,112,116,0,0,0,0,0,0,0,0,0,0,0,0,0,0,0,0,0,0,0,0,0,1
17,3,5,11,1,249,55,0,0,0,0,0,0,0,0,0,0,0,0,0,0,0,0,0,0,0,0,0,0,0,1
1,65,7,13,13,249,2,114,5,0,0,0,0,0,0,0,0,0,0,0,0,0,0,0,0,0,0,0,0,0,1
13,3,7,11,1,249,38,0,0,0,0,0,0,0,0,0,0,0,0,0,0,0,0,0,0,0,0,0,0,0,1
13,65,3,14,1,249,3,0,222,18,0,0,0,0,0,0,0,0,0,0,0,0,0,0,0,0,0,0,0,0,1
1,3,3,11,13,249,65,0,0,0,0,0,0,0,0,0,0,0,0,0,0,0,0,0,0,0,0,0,0,0,1
1,65,14,13,10,249,2,95,233,0,0,0,0,0,0,0,0,0,0,0,0,0,0,0,0,0,0,0,0,0,1
10,3,14,11,1,249,99,0,0,0,0,0,0,0,0,0,0,0,0,0,0,0,0,0,0,0,0,0,0,0,1
10,65,10,14,1,249,3,0,81,232,0,0,0,0,0,0,0,0,0,0,0,0,0,0,0,0,0,0,0,0,1
1,3,10,11,10,249,55,0,0,0,0,0,0,0,0,0,0,0,0,0,0,0,0,0,0,0,0,0,0,0,1
1,65,7,17,16,249,1,32,2,77,38,245,42,0,0,0,0,0,0,0,0,0,0,0,0,0,0,0,0,0,1
16,3,7,11,1,249,6,0,0,0,0,0,0,0,0,0,0,0,0,0,0,0,0,0,0,0,0,0,0,0,1
16,65,1,18,1,249,1,32,3,0,140,88,133,3,0,0,0,0,0,0,0,0,0,0,0,0,0,0,0,0,1
1,3,1,11,16,249,189,0,0,0,0,0,0,0,0,0,0,0,0,0,0,0,0,0,0,0,0,0,0,0,1
1,65,12,17,9,249,1,32,2,77,38,237,38,0,0,0,0,0,0,0,0,0,0,0,0,0,0,0,0,0,1
9,3,12,11,1,249,209,0,0,0,0,0,0,0,0,0,0,0,0,0,0,0,0,0,0,0,0,0,0,0,1
9,65,7,18,1,249,1,32,3,0,140,88,217,49,0,0,0,0,0,0,0,0,0,0,0,0,0,0,0,0,1
1,3,7,11,9,249,5,0,0,0,0,0,0,0,0,0,0,0,0,0,0,0,0,0,0,0,0,0,0,0,1
1,65,8,13,13,249,2,23,252,0,0,0,0,0,0,0,0,0,0,0,0,0,0,0,0,0,0,0,0,0,1
13,3,8,11,1,249,23,0,0,0,0,0,0,0,0,0,0,0,0,0,0,0,0,0,0,0,0,0,0,0,1
13,65,4,14,1,249,3,0,22,83,0,0,0,0,0,0,0,0,0,0,0,0,0,0,0,0,0,0,0,0,1
1,3,4,11,13,249,209,0,0,0,0,0,0,0,0,0,0,0,0,0,0,0,0,0,0,0,0,0,0,0,1
1,65,15,13,10,249,2,245,184,0,0,0,0,0,0,0,0,0,0,0,0,0,0,0,0,0,0,0,0,0,1
10,3,15,11,1,249,83,0,0,0,0,0,0,0,0,0,0,0,0,0,0,0,0,0,0,0,0,0,0,0,1
10,65,11,14,1,249,3,0,20,72,0,0,0,0,0,0,0,0,0,0,0,0,0,0,0,0,0,0,0,0,1
1,3,11,11,10,249,7,0,0,0,0,0,0,0,0,0,0,0,0,0,0,0,0,0,0,0,0,0,0,0,1
1,65,8,17,16,249,1,32,2,77,38,109,126,0,0,0,0,0,0,0,0,0,0,0,0,0,0,0,0,0,1
16,3,8,11,1,249,55,0,0,0,0,0,0,0,0,0,0,0,0,0,0,0,0,0,0,0,0,0,0,0,1
16,65,2,18,1,249,1,32,3,0,140,88,52,204,0,0,0,0,0,0,0,0,0,0,0,0,0,0,0,0,1
1,3,2,11,16,249,237,0,0,0,0,0,0,0,0,0,0,0,0,0,0,0,0,0,0,0,0,0,0,0,1
1,65,13,17,9,249,1,32,2,77,38,6,5,0,0,0,0,0,0,0,0,0,0,0,0,0,0,0,0,0,1
9,3,13,11,1,249,225,0,0,0,0,0,0,0,0,0,0,0,0,0,0,0,0,0,0,0,0,0,0,0,1
9,65,8,18,1,249,1,32,3,0,140,88,143,128,0,0,0,0,0,0,0,0,0,0,0,0,0,0,0,0,1
1,3,8,11,9,249,52,0,0,0,0,0,0,0,0,0,0,0,0,0,0,0,0,0,0,0,0,0,0,0,1
1,65,9,13,13,249,2,189,173,0,0,0,0,0,0,0,0,0,0,0,0,0,0,0,0,0,0,0,0,0,1
13,3,9,11,1,249,39,0,0,0,0,0,0,0,0,0,0,0,0,0,0,0,0,0,0,0,0,0,0,0,1
13,65,5,14,1,249,3,0,83,243,0,0,0,0,0,0,0,0,0,0,0,0,0,0,0,0,0,0,0,0,1
1,3,5,11,13,249,225,0,0,0,0,0,0,0,0,0,0,0,0,0,0,0,0,0,0,0,0,0,0,0,1
11,65,1,12,1,249,7,141,0,0,0,0,0,0,0,0,0,0,0,0,0,0,0,0,0,0,0,0,0,0,1
1,3,1,10,11,249,0,0,0,0,0,0,0,0,0,0,0,0,0,0,0,0,0,0,0,0,0,0,0,0,1
1,65,1,12,11,249,8,130,0,0,0,0,0,0,0,0,0,0,0,0,0,0,0,0,0,0,0,0,0,0,1
11,3,1,10,1,249,0,0,0,0,0,0,0,0,0,0,0,0,0,0,0,0,0,0,0,0,0,0,0,0,1
12,65,1,12,1,249,7,138,0,0,0,0,0,0,0,0,0,0,0,0,0,0,0,0,0,0,0,0,0,0,1
1,3,1,10,12,249,0,0,0,0,0,0,0,0,0,0,0,0,0,0,0,0,0,0,0,0,0,0,0,0,1
1,65,2,12,12,249,8,134,0,0,0,0,0,0,0,0,0,0,0,0,0,0,0,0,0,0,0,0,0,0,1
12,3,2,10,1,249,0,0,0,0,0,0,0,0,0,0,0,0,0,0,0,0,0,0,0,0,0,0,0,0,1
1,65,1,13,10,249,2,58,16,0,0,0,0,0,0,0,0,0,0,0,0,0,0,0,0,0,0,0,0,0,1
10,3,1,11,1,249,82,0,0,0,0,0,0,0,0,0,0,0,0,0,0,0,0,0,0,0,0,0,0,0,1
10,65,12,14,1,249,3,0,220,9,0,0,0,0,0,0,0,0,0,0,0,0,0,0,0,0,0,0,0,0,1
1,3,12,11,10,249,151,0,0,0,0,0,0,0,0,0,0,0,0,0,0,0,0,0,0,0,0,0,0,0,1
7,3,4,10,1,249,0,0,0,0,0,0,0,0,0,0,0,0,0,0,0,0,0,0,0,0,0,0,0,0,1
1,3,1,10,7,249,0,0,0,0,0,0,0,0,0,0,0,0,0,0,0,0,0,0,0,0,0,0,0,0,1
1,65,10,17,16,249,1,32,2,77,38,171,25,0,0,0,0,0,0,0,0,0,0,0,0,0,0,0,0,0,1
16,3,10,11,1,249,87,0,0,0,0,0,0,0,0,0,0,0,0,0,0,0,0,0,0,0,0,0,0,0,1
16,65,3,18,1,249,1,32,3,0,140,88,91,137,0,0,0,0,0,0,0,0,0,0,0,0,0,0,0,0,1
1,3,3,11,16,249,221,0,0,0,0,0,0,0,0,0,0,0,0,0,0,0,0,0,0,0,0,0,0,0,1
1,65,14,17,9,249,1,32,2,77,38,43,65,0,0,0,0,0,0,0,0,0,0,0,0,0,0,0,0,0,1
9,3,14,11,1,249,177,0,0,0,0,0,0,0,0,0,0,0,0,0,0,0,0,0,0,0,0,0,0,0,1
9,65,9,18,1,249,1,32,3,0,140,88,224,197,0,0,0,0,0,0,0,0,0,0,0,0,0,0,0,0,1
1,3,9,11,9,249,4,0,0,0,0,0,0,0,0,0,0,0,0,0,0,0,0,0,0,0,0,0,0,0,1
1,65,10,13,13,249,2,83,127,0,0,0,0,0,0,0,0,0,0,0,0,0,0,0,0,0,0,0,0,0,1
13,3,10,11,1,249,119,0,0,0,0,0,0,0,0,0,0,0,0,0,0,0,0,0,0,0,0,0,0,0,1
13,65,6,14,1,249,3,0,157,19,0,0,0,0,0,0,0,0,0,0,0,0,0,0,0,0,0,0,0,0,1
1,3,6,11,13,249,177,0,0,0,0,0,0,0,0,0,0,0,0,0,0,0,0,0,0,0,0,0,0,0,1
1,65,5,12,8,249,2,46,0,0,0,0,0,0,0,0,0,0,0,0,0,0,0,0,0,0,0,0,0,0,1
1,65,5,12,8,249,2,46,0,0,0,0,0,0,0,0,0,0,0,0,0,0,0,0,0,0,0,0,0,0,1
1,65,5,12,8,249,2,46,0,0,0,0,0,0,0,0,0,0,0,0,0,0,0,0,0,0,0,0,0,0,1
1,65,6,12,8,249,2,45,0,0,0,0,0,0,0,0,0,0,0,0,0,0,0,0,0,0,0,0,0,0,1
8,3,6,10,1,249,0,0,0,0,0,0,0,0,0,0,0,0,0,0,0,0,0,0,0,0,0,0,0,0,1
8,65,65,13,1,249,3,0,106,0,0,0,0,0,0,0,0,0,0,0,0,0,0,0,0,0,0,0,0,0,1
1,3,1,10,8,249,0,0,0,0,0,0,0,0,0,0,0,0,0,0,0,0,0,0,0,0,0,0,0,0,1
1,65,2,13,10,249,2,212,194,0,0,0,0,0,0,0,0,0,0,0,0,0,0,0,0,0,0,0,0,0,1
10,3,2,11,1,249,2,0,0,0,0,0,0,0,0,0,0,0,0,0,0,0,0,0,0,0,0,0,0,0,1
10,65,13,14,1,249,3,0,153,169,0,0,0,0,0,0,0,0,0,0,0,0,0,0,0,0,0,0,0,0,1
1,3,13,11,10,249,167,0,0,0,0,0,0,0,0,0,0,0,0,0,0,0,0,0,0,0,0,0,0,0,1
10,65,14,33,1,249,1,96,13,1,0,50,2,33,68,0,0,0,0,0,0,0,0,0,0,7,90,119,125,0,1
1,3,14,11,10,249,247,0,0,0,0,0,0,0,0,0,0,0,0,0,0,0,0,0,0,0,0,0,0,0,1
10,65,15,33,1,249,1,96,13,2,0,50,2,33,68,0,0,0,15,0,0,0,0,0,0,101,254,50,201,0,1
1,3,15,11,10,249,199,0,0,0,0,0,0,0,0,0,0,0,0,0,0,0,0,0,0,0,0,0,0,0,1
1,65,14,17,16,249,1,32,2,77,38,55,246,0,0,0,0,0,0,0,0,0,0,0,0,0,0,0,0,0,1
16,3,14,11,1,249,151,0,0,0,0,0,0,0,0,0,0,0,0,0,0,0,0,0,0,0,0,0,0,0,1
16,65,4,18,1,249,1,32,3,0,140,88,71,115,0,0,0,0,0,0,0,0,0,0,0,0,0,0,0,0,1
1,3,4,11,16,249,77,0,0,0,0,0,0,0,0,0,0,0,0,0,0,0,0,0,0,0,0,0,0,0,1
10,65,1,29,1,249,1,96,13,1,0,50,2,33,50,0,0,0,0,0,0,202,252,102,144,0,0,0,0,0,1
1,3,1,11,10,249,198,0,0,0,0,0,0,0,0,0,0,0,0,0,0,0,0,0,0,0,0,0,0,0,1
10,65,2,29,1,249,1,96,13,2,0,50,2,33,50,0,0,0,0,0,0,207,99,8,171,0,0,0,0,0,1
1,3,2,11,10,249,150,0,0,0,0,0,0,0,0,0,0,0,0,0,0,0,0,0,0,0,0,0,0,0,1
1,65,4,17,9,249,1,32,2,77,38,196,217,0,0,0,0,0,0,0,0,0,0,0,0,0,0,0,0,0,1
9,3,4,11,1,249,112,0,0,0,0,0,0,0,0,0,0,0,0,0,0,0,0,0,0,0,0,0,0,0,1
9,65,10,18,1,249,1,32,3,0,140,88,81,10,0,0,0,0,0,0,0,0,0,0,0,0,0,0,0,0,1
1,3,10,11,9,249,84,0,0,0,0,0,0,0,0,0,0,0,0,0,0,0,0,0,0,0,0,0,0,0,1
17,65,1,17,1,249,5,1,42,2,113,50,167,0,0,0,0,0,0,0,0,0,0,0,0,0,0,0,0,0,1
1,3,1,11,17,249,156,0,0,0,0,0,0,0,0,0,0,0,0,0,0,0,0,0,0,0,0,0,0,0,1
17,65,2,16,1,249,5,5,1,26,215,187,0,0,0,0,0,0,0,0,0,0,0,0,0,0,0,0,0,0,1
1,3,2,11,17,249,204,0,0,0,0,0,0,0,0,0,0,0,0,0,0,0,0,0,0,0,0,0,0,0,1
17,65,3,17,1,249,5,3,10,0,61,112,68,0,0,0,0,0,0,0,0,0,0,0,0,0,0,0,0,0,1
1,3,3,11,17,249,252,0,0,0,0,0,0,0,0,0,0,0,0,0,0,0,0,0,0,0,0,0,0,0,1
17,65,4,16,1,249,5,27,1,0,188,105,0,0,0,0,0,0,0,0,0,0,0,0,0,0,0,0,0,0,1
1,3,4,11,17,249,108,0,0,0,0,0,0,0,0,0,0,0,0,0,0,0,0,0,0,0,0,0,0,0,1
17,65,5,13,1,249,7,245,131,0,0,0,0,0,0,0,0,0,0,0,0,0,0,0,0,0,0,0,0,0,1
1,3,5,11,17,249,92,0,0,0,0,0,0,0,0,0,0,0,0,0,0,0,0,0,0,0,0,0,0,0,1
1,65,10,13,17,249,8,21,141,0,0,0,0,0,0,0,0,0,0,0,0,0,0,0,0,0,0,0,0,0,1
17,3,10,11,1,249,6,0,0,0,0,0,0,0,0,0,0,0,0,0,0,0,0,0,0,0,0,0,0,0,1
1,65,15,13,13,249,2,112,40,0,0,0,0,0,0,0,0,0,0,0,0,0,0,0,0,0,0,0,0,0,1
13,3,15,11,1,249,135,0,0,0,0,0,0,0,0,0,0,0,0,0,0,0,0,0,0,0,0,0,0,0,1
13,65,7,14,1,249,3,0,216,179,0,0,0,0,0,0,0,0,0,0,0,0,0,0,0,0,0,0,0,0,1
1,3,7,11,13,249,129,0,0,0,0,0,0,0,0,0,0,0,0,0,0,0,0,0,0,0,0,0,0,0,1
1,65,7,13,10,249,2,247,149,0,0,0,0,0,0,0,0,0,0,0,0,0,0,0,0,0,0,0,0,0,1
10,3,7,11,1,249,242,0,0,0,0,0,0,0,0,0,0,0,0,0,0,0,0,0,0,0,0,0,0,0,1
10,65,3,14,1,249,3,0,25,10,0,0,0,0,0,0,0,0,0,0,0,0,0,0,0,0,0,0,0,0,1
1,3,3,11,10,249,166,0,0,0,0,0,0,0,0,0,0,0,0,0,0,0,0,0,0,0,0,0,0,0,1
1,65,1,17,16,249,1,32,2,77,38,175,162,0,0,0,0,0,0,0,0,0,0,0,0,0,0,0,0,0,1
16,3,1,11,1,249,166,0,0,0,0,0,0,0,0,0,0,0,0,0,0,0,0,0,0,0,0,0,0,0,1
16,65,5,18,1,249,1,32,3,0,140,88,40,54,0,0,0,0,0,0,0,0,0,0,0,0,0,0,0,0,1
1,3,5,11,16,249,125,0,0,0,0,0,0,0,0,0,0,0,0,0,0,0,0,0,0,0,0,0,0,0,1
1,65,5,17,9,249,1,32,2,77,38,47,250,0,0,0,0,0,0,0,0,0,0,0,0,0,0,0,0,0,1
9,3,5,11,1,249,64,0,0,0,0,0,0,0,0,0,0,0,0,0,0,0,0,0,0,0,0,0,0,0,1
9,65,11,18,1,249,1,32,3,0,140,88,62,79,0,0,0,0,0,0,0,0,0,0,0,0,0,0,0,0,1
1,3,11,11,9,249,100,0,0,0,0,0,0,0,0,0,0,0,0,0,0,0,0,0,0,0,0,0,0,0,1
1,65,8,13,13,249,2,189,90,0,0,0,0,0,0,0,0,0,0,0,0,0,0,0,0,0,0,0,0,0,1
13,3,8,11,1,249,23,0,0,0,0,0,0,0,0,0,0,0,0,0,0,0,0,0,0,0,0,0,0,0,1
13,65,8,14,1,249,3,0,175,16,0,0,0,0,0,0,0,0,0,0,0,0,0,0,0,0,0,0,0,0,1
1,3,8,11,13,249,176,0,0,0,0,0,0,0,0,0,0,0,0,0,0,0,0,0,0,0,0,0,0,0,1
7,3,8,10,1,249,0,0,0,0,0,0,0,0,0,0,0,0,0,0,0,0,0,0,0,0,0,0,0,0,1
1,3,1,10,7,249,0,0,0,0,0,0,0,0,0,0,0,0,0,0,0,0,0,0,0,0,0,0,0,0,1
1,65,8,13,10,249,2,146,108,0,0,0,0,0,0,0,0,0,0,0,0,0,0,0,0,0,0,0,0,0,1
10,3,8,11,1,249,195,0,0,0,0,0,0,0,0,0,0,0,0,0,0,0,0,0,0,0,0,0,0,0,1
10,65,4,14,1,249,3,0,209,75,0,0,0,0,0,0,0,0,0,0,0,0,0,0,0,0,0,0,0,0,1
1,3,4,11,10,249,54,0,0,0,0,0,0,0,0,0,0,0,0,0,0,0,0,0,0,0,0,0,0,0,1
1,65,9,12,15,249,4,55,0,0,0,0,0,0,0,0,0,0,0,0,0,0,0,0,0,0,0,0,0,0,1
1,65,9,12,15,249,4,55,0,0,0,0,0,0,0,0,0,0,0,0,0,0,0,0,0,0,0,0,0,0,1
1,65,9,12,15,249,4,55,0,0,0,0,0,0,0,0,0,0,0,0,0,0,0,0,0,0,0,0,0,0,1
1,129,9,16,15,249,32,16,13,49,4,214,0,0,0,0,0,0,0,0,0,0,0,0,0,0,0,0,0,0,1
1,129,9,16,15,249,33,16,13,49,4,215,0,0,0,0,0,0,0,0,0,0,0,0,0,0,0,0,0,0,1
1,129,9,16,15,249,34,16,13,49,4,212,0,0,0,0,0,0,0,0,0,0,0,0,0,0,0,0,0,0,1
1,129,9,16,15,0,149,16,13,49,4,212,0,0,0,0,0,0,0,0,0,0,0,0,0,0,0,0,0,0,1
1,129,9,16,15,0,149,16,13,49,4,212,0,0,0,0,0,0,0,0,0,0,0,0,0,0,0,0,0,0,1
15,129,9,14,1,37,149,16,13,216,0,0,0,0,0,0,0,0,0,0,0,0,0,0,0,0,0,0,0,0,1
15,193,9,14,1,37,149,16,13,151,0,0,0,0,0,0,0,0,0,0,0,0,0,0,0,0,0,0,0,0,1
1,3,9,10,16,89,149,0,0,0,0,0,0,0,0,0,0,0,0,0,0,0,0,0,0,0,0,0,0,0,1
1,129,10,16,15,0,149,16,9,49,4,209,0,0,0,0,0,0,0,0,0,0,0,0,0,0,0,0,0,0,1
1,129,10,16,15,0,149,16,9,49,4,208,0,0,0,0,0,0,0,0,0,0,0,0,0,0,0,0,0,0,1
1,129,10,16,15,0,149,16,9,49,4,211,0,0,0,0,0,0,0,0,0,0,0,0,0,0,0,0,0,0,1
1,129,10,16,15,0,149,16,9,49,4,211,0,0,0,0,0,0,0,0,0,0,0,0,0,0,0,0,0,0,1
1,129,10,16,15,0,149,16,9,49,4,211,0,0,0,0,0,0,0,0,0,0,0,0,0,0,0,0,0,0,1
15,129,10,14,1,37,149,16,9,223,0,0,0,0,0,0,0,0,0,0,0,0,0,0,0,0,0,0,0,0,1
15,193,10,14,1,37,149,16,9,144,0,0,0,0,0,0,0,0,0,0,0,0,0,0,0,0,0,0,0,0,1
1,3,10,10,16,90,149,0,0,0,0,0,0,0,0,0,0,0,0,0,0,0,0,0,0,0,0,0,0,0,1
1,129,11,15,15,0,149,13,49,4,235,0,0,0,0,0,0,0,0,0,0,0,0,0,0,0,0,0,0,0,1
1,129,11,15,15,0,149,13,49,4,234,0,0,0,0,0,0,0,0,0,0,0,0,0,0,0,0,0,0,0,1
1,129,11,15,15,0,149,13,49,4,234,0,0,0,0,0,0,0,0,0,0,0,0,0,0,0,0,0,0,0,1
1,129,11,15,15,0,149,13,49,4,234,0,0,0,0,0,0,0,0,0,0,0,0,0,0,0,0,0,0,0,1
15,193,11,13,1,21,149,13,134,0,0,0,0,0,0,0,0,0,0,0,0,0,0,0,0,0,0,0,0,0,1
1,3,11,10,13,70,149,0,0,0,0,0,0,0,0,0,0,0,0,0,0,0,0,0,0,0,0,0,0,0,1
1,129,12,16,15,0,149,13,10,49,4,201,0,0,0,0,0,0,0,0,0,0,0,0,0,0,0,0,0,0,1
1,129,12,16,15,0,149,13,10,49,4,200,0,0,0,0,0,0,0,0,0,0,0,0,0,0,0,0,0,0,1
1,129,12,16,15,0,149,13,10,49,4,203,0,0,0,0,0,0,0,0,0,0,0,0,0,0,0,0,0,0,1
1,129,12,16,15,0,149,13,10,49,4,203,0,0,0,0,0,0,0,0,0,0,0,0,0,0,0,0,0,0,1
1,129,12,16,15,0,149,13,10,49,4,203,0,0,0,0,0,0,0,0,0,0,0,0,0,0,0,0,0,0,1
15,129,12,14,1,37,149,13,10,199,0,0,0,0,0,0,0,0,0,0,0,0,0,0,0,0,0,0,0,0,1
15,193,12,14,1,37,149,13,10,136,0,0,0,0,0,0,0,0,0,0,0,0,0,0,0,0,0,0,0,0,1
1,3,12,10,13,65,149,0,0,0,0,0,0,0,0,0,0,0,0,0,0,0,0,0,0,0,0,0,0,0,1
1,129,13,15,15,0,149,10,49,4,234,0,0,0,0,0,0,0,0,0,0,0,0,0,0,0,0,0,0,0,1
1,129,13,15,15,0,149,10,49,4,235,0,0,0,0,0,0,0,0,0,0,0,0,0,0,0,0,0,0,0,1
1,129,13,15,15,0,149,10,49,4,235,0,0,0,0,0,0,0,0,0,0,0,0,0,0,0,0,0,0,0,1
1,129,13,15,15,0,149,10,49,4,235,0,0,0,0,0,0,0,0,0,0,0,0,0,0,0,0,0,0,0,1
15,193,13,13,1,21,149,10,135,0,0,0,0,0,0,0,0,0,0,0,0,0,0,0,0,0,0,0,0,0,1
1,3,13,10,10,71,149,0,0,0,0,0,0,0,0,0,0,0,0,0,0,0,0,0,0,0,0,0,0,0,1
1,65,10,12,15,49,149,52,0,0,0,0,0,0,0,0,0,0,0,0,0,0,0,0,0,0,0,0,0,0,1
1,65,10,12,15,49,149,52,0,0,0,0,0,0,0,0,0,0,0,0,0,0,0,0,0,0,0,0,0,0,1
1,65,10,12,15,49,149,52,0,0,0,0,0,0,0,0,0,0,0,0,0,0,0,0,0,0,0,0,0,0,1
1,69,14,20,15,32,149,250,64,0,0,0,0,49,4,182,0,0,0,0,0,0,0,0,0,0,0,0,0,0,1
1,69,14,20,15,32,149,250,49,18,0,0,0,49,4,213,0,0,0,0,0,0,0,0,0,0,0,0,0,0,1
1,69,14,20,15,32,149,250,49,13,0,0,0,49,4,202,0,0,0,0,0,0,0,0,0,0,0,0,0,0,1
1,69,14,20,15,32,149,250,49,9,0,0,0,49,4,206,0,0,0,0,0,0,0,0,0,0,0,0,0,0,1
1,69,14,20,15,32,149,250,49,16,0,0,0,49,4,215,0,0,0,0,0,0,0,0,0,0,0,0,0,0,1
1,65,3,17,16,86,149,32,2,77,38,105,197,0,0,0,0,0,0,0,0,0,0,0,0,0,0,0,0,0,1
16,3,3,11,1,67,149,0,0,0,0,0,0,0,0,0,0,0,0,0,0,0,0,0,0,0,0,0,0,0,1
16,65,6,18,1,86,149,32,3,0,140,88,153,249,0,0,0,0,0,0,0,0,0,0,0,0,0,0,0,0,1
1,3,6,11,16,4,149,0,0,0,0,0,0,0,0,0,0,0,0,0,0,0,0,0,0,0,0,0,0,0,1
1,65,6,17,9,86,149,32,2,77,38,2,190,0,0,0,0,0,0,0,0,0,0,0,0,0,0,0,0,0,1
9,3,6,11,1,4,149,0,0,0,0,0,0,0,0,0,0,0,0,0,0,0,0,0,0,0,0,0,0,0,1
9,65,12,18,1,86,149,32,3,0,140,88,34,181,0,0,0,0,0,0,0,0,0,0,0,0,0,0,0,0,1
1,3,12,11,9,64,149,0,0,0,0,0,0,0,0,0,0,0,0,0,0,0,0,0,0,0,0,0,0,0,1
1,65,9,13,13,32,149,189,173,0,0,0,0,0,0,0,0,0,0,0,0,0,0,0,0,0,0,0,0,0,1
13,3,9,11,1,161,149,0,0,0,0,0,0,0,0,0,0,0,0,0,0,0,0,0,0,0,0,0,0,0,1
13,65,9,14,1,32,149,0,88,16,0,0,0,0,0,0,0,0,0,0,0,0,0,0,0,0,0,0,0,0,1
1,3,9,11,13,235,149,0,0,0,0,0,0,0,0,0,0,0,0,0,0,0,0,0,0,0,0,0,0,0,1
1,65,9,13,10,32,149,56,61,0,0,0,0,0,0,0,0,0,0,0,0,0,0,0,0,0,0,0,0,0,1
10,3,9,11,1,198,149,0,0,0,0,0,0,0,0,0,0,0,0,0,0,0,0,0,0,0,0,0,0,0,1
10,65,5,14,1,32,149,0,148,235,0,0,0,0,0,0,0,0,0,0,0,0,0,0,0,0,0,0,0,0,1
1,3,5,11,10,238,149,0,0,0,0,0,0,0,0,0,0,0,0,0,0,0,0,0,0,0,0,0,0,0,1
1,65,4,17,16,86,149,32,2,77,38,216,110,0,0,0,0,0,0,0,0,0,0,0,0,0,0,0,0,0,1
16,3,4,11,1,198,149,0,0,0,0,0,0,0,0,0,0,0,0,0,0,0,0,0,0,0,0,0,0,0,1
16,65,7,18,1,86,149,32,3,0,140,88,246,188,0,0,0,0,0,0,0,0,0,0,0,0,0,0,0,0,1
1,3,7,11,16,51,149,0,0,0,0,0,0,0,0,0,0,0,0,0,0,0,0,0,0,0,0,0,0,0,1
1,65,7,17,9,86,149,32,2,77,38,233,157,0,0,0,0,0,0,0,0,0,0,0,0,0,0,0,0,0,1
9,3,7,11,1,51,149,0,0,0,0,0,0,0,0,0,0,0,0,0,0,0,0,0,0,0,0,0,0,0,1
9,65,13,18,1,86,149,32,3,0,140,88,77,240,0,0,0,0,0,0,0,0,0,0,0,0,0,0,0,0,1
1,3,13,11,9,119,149,0,0,0,0,0,0,0,0,0,0,0,0,0,0,0,0,0,0,0,0,0,0,0,1
1,65,10,13,13,32,149,83,127,0,0,0,0,0,0,0,0,0,0,0,0,0,0,0,0,0,0,0,0,0,1
13,3,10,11,1,248,149,0,0,0,0,0,0,0,0,0,0,0,0,0,0,0,0,0,0,0,0,0,0,0,1
13,65,10,14,1,32,149,0,150,240,0,0,0,0,0,0,0,0,0,0,0,0,0,0,0,0,0,0,0,0,1
1,3,10,11,13,178,149,0,0,0,0,0,0,0,0,0,0,0,0,0,0,0,0,0,0,0,0,0,0,0,1
11,65,1,12,1,132,149,141,0,0,0,0,0,0,0,0,0,0,0,0,0,0,0,0,0,0,0,0,0,0,1
1,3,1,10,11,74,149,0,0,0,0,0,0,0,0,0,0,0,0,0,0,0,0,0,0,0,0,0,0,0,1
1,65,11,12,11,132,149,136,0,0,0,0,0,0,0,0,0,0,0,0,0,0,0,0,0,0,0,0,0,0,1
11,3,11,10,1,64,149,0,0,0,0,0,0,0,0,0,0,0,0,0,0,0,0,0,0,0,0,0,0,0,1
12,65,1,12,1,132,149,138,0,0,0,0,0,0,0,0,0,0,0,0,0,0,0,0,0,0,0,0,0,0,1
1,3,1,10,12,77,149,0,0,0,0,0,0,0,0,0,0,0,0,0,0,0,0,0,0,0,0,0,0,0,1
1,65,12,12,12,132,149,136,0,0,0,0,0,0,0,0,0,0,0,0,0,0,0,0,0,0,0,0,0,0,1
12,3,12,10,1,64,149,0,0,0,0,0,0,0,0,0,0,0,0,0,0,0,0,0,0,0,0,0,0,0,1
1,65,10,13,10,32,149,214,239,0,0,0,0,0,0,0,0,0,0,0,0,0,0,0,0,0,0,0,0,0,1
10,3,10,11,1,159,149,0,0,0,0,0,0,0,0,0,0,0,0,0,0,0,0,0,0,0,0,0,0,0,1
10,65,6,14,1,32,149,0,90,11,0,0,0,0,0,0,0,0,0,0,0,0,0,0,0,0,0,0,0,0,1
1,3,6,11,10,183,149,0,0,0,0,0,0,0,0,0,0,0,0,0,0,0,0,0,0,0,0,0,0,0,1
10,65,7,33,1,86,149,96,13,1,0,50,2,33,68,0,0,0,0,0,0,0,0,0,0,7,90,63,43,0,1
1,3,7,11,10,128,149,0,0,0,0,0,0,0,0,0,0,0,0,0,0,0,0,0,0,0,0,0,0,0,1
1,65,5,17,16,86,149,32,2,77,38,51,77,0,0,0,0,0,0,0,0,0,0,0,0,0,0,0,0,0,1
16,3,5,11,1,241,149,0,0,0,0,0,0,0,0,0,0,0,0,0,0,0,0,0,0,0,0,0,0,0,1
16,65,8,18,1,86,149,32,3,0,140,88,160,13,0,0,0,0,0,0,0,0,0,0,0,0,0,0,0,0,1
1,3,8,11,16,31,149,0,0,0,0,0,0,0,0,0,0,0,0,0,0,0,0,0,0,0,0,0,0,0,1
10,65,8,33,1,86,149,96,13,2,0,50,2,33,68,0,0,0,15,0,0,0,0,0,0,101,254,250,228,0,1
1,3,8,11,10,172,149,0,0,0,0,0,0,0,0,0,0,0,0,0,0,0,0,0,0,0,0,0,0,0,1
10,65,9,29,1,86,149,96,13,1,0,50,2,33,50,0,0,0,0,0,0,202,252,169,230,0,0,0,0,0,1
1,3,9,11,10,155,149,0,0,0,0,0,0,0,0,0,0,0,0,0,0,0,0,0,0,0,0,0,0,0,1
10,65,10,29,1,86,149,96,13,2,0,50,2,33,50,0,0,0,0,0,0,207,99,199,221,0,0,0,0,0,1
1,3,10,11,10,194,149,0,0,0,0,0,0,0,0,0,0,0,0,0,0,0,0,0,0,0,0,0,0,0,1
1,65,8,17,9,86,149,32,2,77,38,113,201,0,0,0,0,0,0,0,0,0,0,0,0,0,0,0,0,0,1
9,3,8,11,1,31,149,0,0,0,0,0,0,0,0,0,0,0,0,0,0,0,0,0,0,0,0,0,0,0,1
9,65,14,18,1,86,149,32,3,0,140,88,252,63,0,0,0,0,0,0,0,0,0,0,0,0,0,0,0,0,1
1,3,14,11,9,46,149,0,0,0,0,0,0,0,0,0,0,0,0,0,0,0,0,0,0,0,0,0,0,0,1
1,65,11,13,13,32,149,249,46,0,0,0,0,0,0,0,0,0,0,0,0,0,0,0,0,0,0,0,0,0,1
13,3,11,11,1,207,149,0,0,0,0,0,0,0,0,0,0,0,0,0,0,0,0,0,0,0,0,0,0,0,1
13,65,11,14,1,32,149,0,211,80,0,0,0,0,0,0,0,0,0,0,0,0,0,0,0,0,0,0,0,0,1
1,3,11,11,13,133,149,0,0,0,0,0,0,0,0,0,0,0,0,0,0,0,0,0,0,0,0,0,0,0,1
17,65,1,17,1,49,149,1,42,2,124,227,10,0,0,0,0,0,0,0,0,0,0,0,0,0,0,0,0,0,1
1,3,1,11,17,145,149,0,0,0,0,0,0,0,0,0,0,0,0,0,0,0,0,0,0,0,0,0,0,0,1
17,65,2,16,1,49,149,5,1,25,231,216,0,0,0,0,0,0,0,0,0,0,0,0,0,0,0,0,0,0,1
1,3,2,11,17,200,149,0,0,0,0,0,0,0,0,0,0,0,0,0,0,0,0,0,0,0,0,0,0,0,1
17,65,3,17,1,49,149,3,10,0,61,112,68,0,0,0,0,0,0,0,0,0,0,0,0,0,0,0,0,0,1
1,3,3,11,17,255,149,0,0,0,0,0,0,0,0,0,0,0,0,0,0,0,0,0,0,0,0,0,0,0,1
17,65,4,16,1,49,149,27,1,0,188,105,0,0,0,0,0,0,0,0,0,0,0,0,0,0,0,0,0,0,1
1,3,4,11,17,122,149,0,0,0,0,0,0,0,0,0,0,0,0,0,0,0,0,0,0,0,0,0,0,0,1
17,65,5,13,1,132,149,245,131,0,0,0,0,0,0,0,0,0,0,0,0,0,0,0,0,0,0,0,0,0,1
1,3,5,11,17,77,149,0,0,0,0,0,0,0,0,0,0,0,0,0,0,0,0,0,0,0,0,0,0,0,1
1,65,14,13,17,132,149,156,139,0,0,0,0,0,0,0,0,0,0,0,0,0,0,0,0,0,0,0,0,0,1
17,3,14,11,1,171,149,0,0,0,0,0,0,0,0,0,0,0,0,0,0,0,0,0,0,0,0,0,0,0,1
1,65,15,13,10,32,149,245,184,0,0,0,0,0,0,0,0,0,0,0,0,0,0,0,0,0,0,0,0,0,1
10,3,15,11,1,116,149,0,0,0,0,0,0,0,0,0,0,0,0,0,0,0,0,0,0,0,0,0,0,0,1
10,65,11,14,1,32,149,0,20,72,0,0,0,0,0,0,0,0,0,0,0,0,0,0,0,0,0,0,0,0,1
1,3,11,11,10,245,149,0,0,0,0,0,0,0,0,0,0,0,0,0,0,0,0,0,0,0,0,0,0,0,1
1,65,10,17,16,86,149,32,2,77,38,171,25,0,0,0,0,0,0,0,0,0,0,0,0,0,0,0,0,0,1
16,3,10,11,1,221,149,0,0,0,0,0,0,0,0,0,0,0,0,0,0,0,0,0,0,0,0,0,0,0,1
16,65,9,18,1,86,149,32,3,0,140,88,207,72,0,0,0,0,0,0,0,0,0,0,0,0,0,0,0,0,1
1,3,9,11,16,40,149,0,0,0,0,0,0,0,0,0,0,0,0,0,0,0,0,0,0,0,0,0,0,0,1
1,65,13,17,9,86,149,32,2,77,38,6,5,0,0,0,0,0,0,0,0,0,0,0,0,0,0,0,0,0,1
9,3,13,11,1,244,149,0,0,0,0,0,0,0,0,0,0,0,0,0,0,0,0,0,0,0,0,0,0,0,1
9,65,15,18,1,86,149,32,3,0,140,88,147,122,0,0,0,0,0,0,0,0,0,0,0,0,0,0,0,0,1
1,3,15,11,9,25,149,0,0,0,0,0,0,0,0,0,0,0,0,0,0,0,0,0,0,0,0,0,0,0,1
1,65,1,13,13,32,149,191,128,0,0,0,0,0,0,0,0,0,0,0,0,0,0,0,0,0,0,0,0,0,1
13,3,1,11,1,8,149,0,0,0,0,0,0,0,0,0,0,0,0,0,0,0,0,0,0,0,0,0,0,0,1
13,65,12,14,1,32,149,0,27,17,0,0,0,0,0,0,0,0,0,0,0,0,0,0,0,0,0,0,0,0,1
1,3,12,11,13,0,149,0,0,0,0,0,0,0,0,0,0,0,0,0,0,0,0,0,0,0,0,0,0,0,1
7,3,14,10,1,73,149,0,0,0,0,0,0,0,0,0,0,0,0,0,0,0,0,0,0,0,0,0,0,0,1
1,3,1,10,7,70,149,0,0,0,0,0,0,0,0,0,0,0,0,0,0,0,0,0,0,0,0,0,0,0,1
1,65,1,13,10,32,149,58,16,0,0,0,0,0,0,0,0,0,0,0,0,0,0,0,0,0,0,0,0,0,1
10,3,1,11,1,111,149,0,0,0,0,0,0,0,0,0,0,0,0,0,0,0,0,0,0,0,0,0,0,0,1
10,65,12,14,1,32,149,0,220,9,0,0,0,0,0,0,0,0,0,0,0,0,0,0,0,0,0,0,0,0,1
1,3,12,11,10,112,149,0,0,0,0,0,0,0,0,0,0,0,0,0,0,0,0,0,0,0,0,0,0,0,1
1,65,11,17,16,86,149,32,2,77,38,64,58,0,0,0,0,0,0,0,0,0,0,0,0,0,0,0,0,0,1
16,3,11,11,1,234,149,0,0,0,0,0,0,0,0,0,0,0,0,0,0,0,0,0,0,0,0,0,0,0,1
16,65,10,18,1,86,149,32,3,0,140,88,126,135,0,0,0,0,0,0,0,0,0,0,0,0,0,0,0,0,1
1,3,10,11,16,113,149,0,0,0,0,0,0,0,0,0,0,0,0,0,0,0,0,0,0,0,0,0,0,0,1
1,65,14,17,9,86,149,32,2,77,38,43,65,0,0,0,0,0,0,0,0,0,0,0,0,0,0,0,0,0,1
9,3,14,11,1,173,149,0,0,0,0,0,0,0,0,0,0,0,0,0,0,0,0,0,0,0,0,0,0,0,1
9,65,1,18,1,86,149,32,3,0,140,88,170,142,0,0,0,0,0,0,0,0,0,0,0,0,0,0,0,0,1
1,3,1,11,9,2,149,0,0,0,0,0,0,0,0,0,0,0,0,0,0,0,0,0,0,0,0,0,0,0,1
1,65,2,13,13,32,149,81,82,0,0,0,0,0,0,0,0,0,0,0,0,0,0,0,0,0,0,0,0,0,1
13,3,2,11,1,81,149,0,0,0,0,0,0,0,0,0,0,0,0,0,0,0,0,0,0,0,0,0,0,0,1
13,65,13,14,1,32,149,0,94,177,0,0,0,0,0,0,0,0,0,0,0,0,0,0,0,0,0,0,0,0,1
1,3,13,11,13,55,149,0,0,0,0,0,0,0,0,0,0,0,0,0,0,0,0,0,0,0,0,0,0,0,1
1,65,2,13,10,32,149,212,194,0,0,0,0,0,0,0,0,0,0,0,0,0,0,0,0,0,0,0,0,0,1
10,3,2,11,1,54,149,0,0,0,0,0,0,0,0,0,0,0,0,0,0,0,0,0,0,0,0,0,0,0,1
10,65,13,14,1,32,149,0,153,169,0,0,0,0,0,0,0,0,0,0,0,0,0,0,0,0,0,0,0,0,1
1,3,13,11,10,71,149,0,0,0,0,0,0,0,0,0,0,0,0,0,0,0,0,0,0,0,0,0,0,0,1
1,65,12,17,16,86,149,32,2,77,38,241,145,0,0,0,0,0,0,0,0,0,0,0,0,0,0,0,0,0,1
16,3,12,11,1,111,149,0,0,0,0,0,0,0,0,0,0,0,0,0,0,0,0,0,0,0,0,0,0,0,1
16,65,11,18,1,86,149,32,3,0,140,88,17,194,0,0,0,0,0,0,0,0,0,0,0,0,0,0,0,0,1
1,3,11,11,16,70,149,0,0,0,0,0,0,0,0,0,0,0,0,0,0,0,0,0,0,0,0,0,0,0,1
1,65,15,17,9,86,149,32,2,77,38,192,98,0,0,0,0,0,0,0,0,0,0,0,0,0,0,0,0,0,1
9,3,15,11,1,154,149,0,0,0,0,0,0,0,0,0,0,0,0,0,0,0,0,0,0,0,0,0,0,0,1
9,65,2,18,1,86,149,32,3,0,140,88,27,65,0,0,0,0,0,0,0,0,0,0,0,0,0,0,0,0,1
1,3,2,11,9,91,149,0,0,0,0,0,0,0,0,0,0,0,0,0,0,0,0,0,0,0,0,0,0,0,1
1,65,3,13,13,32,149,251,3,0,0,0,0,0,0,0,0,0,0,0,0,0,0,0,0,0,0,0,0,0,1
13,3,3,11,1,102,149,0,0,0,0,0,0,0,0,0,0,0,0,0,0,0,0,0,0,0,0,0,0,0,1
13,65,14,14,1,32,149,0,144,81,0,0,0,0,0,0,0,0,0,0,0,0,0,0,0,0,0,0,0,0,1
1,3,14,11,13,110,149,0,0,0,0,0,0,0,0,0,0,0,0,0,0,0,0,0,0,0,0,0,0,0,1
1,65,3,13,10,32,149,126,147,0,0,0,0,0,0,0,0,0,0,0,0,0,0,0,0,0,0,0,0,0,1
10,3,3,11,1,1,149,0,0,0,0,0,0,0,0,0,0,0,0,0,0,0,0,0,0,0,0,0,0,0,1
10,65,14,14,1,32,149,0,87,73,0,0,0,0,0,0,0,0,0,0,0,0,0,0,0,0,0,0,0,0,1
1,3,14,11,10,30,149,0,0,0,0,0,0,0,0,0,0,0,0,0,0,0,0,0,0,0,0,0,0,0,1
1,65,15,12,8,37,149,36,0,0,0,0,0,0,0,0,0,0,0,0,0,0,0,0,0,0,0,0,0,0,1
1,65,15,12,8,37,149,36,0,0,0,0,0,0,0,0,0,0,0,0,0,0,0,0,0,0,0,0,0,0,1
1,65,15,12,8,37,149,36,0,0,0,0,0,0,0,0,0,0,0,0,0,0,0,0,0,0,0,0,0,0,1
1,65,1,12,8,37,149,42,0,0,0,0,0,0,0,0,0,0,0,0,0,0,0,0,0,0,0,0,0,0,1
8,3,1,10,1,73,149,0,0,0,0,0,0,0,0,0,0,0,0,0,0,0,0,0,0,0,0,0,0,0,1
8,65,65,13,1,37,149,0,106,0,0,0,0,0,0,0,0,0,0,0,0,0,0,0,0,0,0,0,0,0,1
1,3,1,10,8,73,149,0,0,0,0,0,0,0,0,0,0,0,0,0,0,0,0,0,0,0,0,0,0,0,1
11,65,1,12,1,132,149,141,0,0,0,0,0,0,0,0,0,0,0,0,0,0,0,0,0,0,0,0,0,0,1
1,3,1,10,11,74,149,0,0,0,0,0,0,0,0,0,0,0,0,0,0,0,0,0,0,0,0,0,0,0,1
1,65,2,12,11,132,149,129,0,0,0,0,0,0,0,0,0,0,0,0,0,0,0,0,0,0,0,0,0,0,1
11,3,2,10,1,73,149,0,0,0,0,0,0,0,0,0,0,0,0,0,0,0,0,0,0,0,0,0,0,0,1
12,65,1,12,1,132,149,138,0,0,0,0,0,0,0,0,0,0,0,0,0,0,0,0,0,0,0,0,0,0,1
1,3,1,10,12,77,149,0,0,0,0,0,0,0,0,0,0,0,0,0,0,0,0,0,0,0,0,0,0,0,1
1,65,3,12,12,132,149,135,0,0,0,0,0,0,0,0,0,0,0,0,0,0,0,0,0,0,0,0,0,0,1
12,3,3,10,1,79,149,0,0,0,0,0,0,0,0,0,0,0,0,0,0,0,0,0,0,0,0,0,0,0,1
1,65,13,17,16,86,149,32,2,77,38,26,178,0,0,0,0,0,0,0,0,0,0,0,0,0,0,0,0,0,1
16,3,13,11,1,88,149,0,0,0,0,0,0,0,0,0,0,0,0,0,0,0,0,0,0,0,0,0,0,0,1
16,65,12,18,1,86,149,32,3,0,140,88,13,56,0,0,0,0,0,0,0,0,0,0,0,0,0,0,0,0,1
1,3,12,11,16,195,149,0,0,0,0,0,0,0,0,0,0,0,0,0,0,0,0,0,0,0,0,0,0,0,1
10,65,15,33,1,86,149,96,13,1,0,50,2,33,68,0,0,0,0,0,0,0,0,0,0,7,90,50,201,0,1
1,3,15,11,10,41,149,0,0,0,0,0,0,0,0,0,0,0,0,0,0,0,0,0,0,0,0,0,0,0,1
10,65,1,33,1,86,149,96,13,2,0,50,2,33,68,0,0,0,16,0,0,0,0,0,0,216,108,178,178,0,1
1,3,1,11,10,50,149,0,0,0,0,0,0,0,0,0,0,0,0,0,0,0,0,0,0,0,0,0,0,0,1
1,65,1,17,9,86,149,32,2,77,38,179,21,0,0,0,0,0,0,0,0,0,0,0,0,0,0,0,0,0,1
9,3,1,11,1,129,149,0,0,0,0,0,0,0,0,0,0,0,0,0,0,0,0,0,0,0,0,0,0,0,1
9,65,3,18,1,86,149,32,3,0,140,88,116,4,0,0,0,0,0,0,0,0,0,0,0,0,0,0,0,0,1
1,3,3,11,9,108,149,0,0,0,0,0,0,0,0,0,0,0,0,0,0,0,0,0,0,0,0,0,0,0,1
10,65,2,29,1,86,149,96,13,1,0,50,2,33,50,0,0,0,0,0,0,202,252,8,171,0,0,0,0,0,1
1,3,2,11,10,107,149,0,0,0,0,0,0,0,0,0,0,0,0,0,0,0,0,0,0,0,0,0,0,0,1
10,65,3,29,1,86,149,96,13,2,0,50,2,33,50,0,0,0,0,0,0,207,99,221,93,0,0,0,0,0,1
1,3,3,11,10,92,149,0,0,0,0,0,0,0,0,0,0,0,0,0,0,0,0,0,0,0,0,0,0,0,1
17,65,1,17,1,49,149,1,42,2,130,237,219,0,0,0,0,0,0,0,0,0,0,0,0,0,0,0,0,0,1
1,3,1,11,17,145,149,0,0,0,0,0,0,0,0,0,0,0,0,0,0,0,0,0,0,0,0,0,0,0,1
17,65,2,16,1,49,149,5,1,24,247,249,0,0,0,0,0,0,0,0,0,0,0,0,0,0,0,0,0,0,1
1,3,2,11,17,200,149,0,0,0,0,0,0,0,0,0,0,0,0,0,0,0,0,0,0,0,0,0,0,0,1
17,65,3,17,1,49,149,3,10,0,49,177,200,0,0,0,0,0,0,0,0,0,0,0,0,0,0,0,0,0,1
1,3,3,11,17,255,149,0,0,0,0,0,0,0,0,0,0,0,0,0,0,0,0,0,0,0,0,0,0,0,1
17,65,4,16,1,49,149,27,1,0,188,105,0,0,0,0,0,0,0,0,0,0,0,0,0,0,0,0,0,0,1
1,3,4,11,17,122,149,0,0,0,0,0,0,0,0,0,0,0,0,0,0,0,0,0,0,0,0,0,0,0,1
17,65,5,13,1,132,149,245,131,0,0,0,0,0,0,0,0,0,0,0,0,0,0,0,0,0,0,0,0,0,1
1,3,5,11,17,77,149,0,0,0,0,0,0,0,0,0,0,0,0,0,0,0,0,0,0,0,0,0,0,0,1
1,65,4,13,17,132,149,218,37,0,0,0,0,0,0,0,0,0,0,0,0,0,0,0,0,0,0,0,0,0,1
17,3,4,11,1,108,149,0,0,0,0,0,0,0,0,0,0,0,0,0,0,0,0,0,0,0,0,0,0,0,1
1,65,5,13,13,32,149,54,134,0,0,0,0,0,0,0,0,0,0,0,0,0,0,0,0,0,0,0,0,0,1
13,3,5,11,1,212,149,0,0,0,0,0,0,0,0,0,0,0,0,0,0,0,0,0,0,0,0,0,0,0,1
13,65,15,14,1,32,149,0,213,241,0,0,0,0,0,0,0,0,0,0,0,0,0,0,0,0,0,0,0,0,1
1,3,15,11,13,89,149,0,0,0,0,0,0,0,0,0,0,0,0,0,0,0,0,0,0,0,0,0,0,0,1
1,65,4,12,15,49,149,58,0,0,0,0,0,0,0,0,0,0,0,0,0,0,0,0,0,0,0,0,0,0,1
1,65,4,12,15,49,149,58,0,0,0,0,0,0,0,0,0,0,0,0,0,0,0,0,0,0,0,0,0,0,1
1,65,4,12,15,49,149,58,0,0,0,0,0,0,0,0,0,0,0,0,0,0,0,0,0,0,0,0,0,0,1
1,129,15,16,15,0,149,16,13,49,4,208,0,0,0,0,0,0,0,0,0,0,0,0,0,0,0,0,0,0,1
1,129,15,16,15,0,149,16,13,49,4,209,0,0,0,0,0,0,0,0,0,0,0,0,0,0,0,0,0,0,1
1,129,15,16,15,0,149,16,13,49,4,210,0,0,0,0,0,0,0,0,0,0,0,0,0,0,0,0,0,0,1
1,129,15,16,15,0,149,16,13,49,4,210,0,0,0,0,0,0,0,0,0,0,0,0,0,0,0,0,0,0,1
1,129,15,16,15,0,149,16,13,49,4,210,0,0,0,0,0,0,0,0,0,0,0,0,0,0,0,0,0,0,1
15,129,15,14,1,37,149,16,13,222,0,0,0,0,0,0,0,0,0,0,0,0,0,0,0,0,0,0,0,0,1
15,193,15,14,1,37,149,16,13,145,0,0,0,0,0,0,0,0,0,0,0,0,0,0,0,0,0,0,0,0,1
1,3,15,10,16,95,149,0,0,0,0,0,0,0,0,0,0,0,0,0,0,0,0,0,0,0,0,0,0,0,1
1,129,1,16,15,0,149,16,9,49,4,218,0,0,0,0,0,0,0,0,0,0,0,0,0,0,0,0,0,0,1
1,129,1,16,15,0,149,16,9,49,4,219,0,0,0,0,0,0,0,0,0,0,0,0,0,0,0,0,0,0,1
1,129,1,16,15,0,149,16,9,49,4,216,0,0,0,0,0,0,0,0,0,0,0,0,0,0,0,0,0,0,1
1,129,1,16,15,0,149,16,9,49,4,216,0,0,0,0,0,0,0,0,0,0,0,0,0,0,0,0,0,0,1
1,129,1,16,15,0,149,16,9,49,4,216,0,0,0,0,0,0,0,0,0,0,0,0,0,0,0,0,0,0,1
15,129,1,14,1,37,149,16,9,212,0,0,0,0,0,0,0,0,0,0,0,0,0,0,0,0,0,0,0,0,1
15,193,1,14,1,37,149,16,9,155,0,0,0,0,0,0,0,0,0,0,0,0,0,0,0,0,0,0,0,0,1
1,3,1,10,16,81,149,0,0,0,0,0,0,0,0,0,0,0,0,0,0,0,0,0,0,0,0,0,0,0,1
1,129,2,15,15,0,149,13,49,4,226,0,0,0,0,0,0,0,0,0,0,0,0,0,0,0,0,0,0,0,1
1,129,2,15,15,0,149,13,49,4,227,0,0,0,0,0,0,0,0,0,0,0,0,0,0,0,0,0,0,0,1
1,129,2,15,15,0,149,13,49,4,227,0,0,0,0,0,0,0,0,0,0,0,0,0,0,0,0,0,0,0,1
1,129,2,15,15,0,149,13,49,4,227,0,0,0,0,0,0,0,0,0,0,0,0,0,0,0,0,0,0,0,1
15,193,2,13,1,21,149,13,143,0,0,0,0,0,0,0,0,0,0,0,0,0,0,0,0,0,0,0,0,0,1
1,3,2,10,13,79,149,0,0,0,0,0,0,0,0,0,0,0,0,0,0,0,0,0,0,0,0,0,0,0,1
1,129,3,16,15,0,149,13,10,49,4,198,0,0,0,0,0,0,0,0,0,0,0,0,0,0,0,0,0,0,1
1,129,3,16,15,0,149,13,10,49,4,199,0,0,0,0,0,0,0,0,0,0,0,0,0,0,0,0,0,0,1
1,129,3,16,15,0,149,13,10,49,4,196,0,0,0,0,0,0,0,0,0,0,0,0,0,0,0,0,0,0,1
1,129,3,16,15,0,149,13,10,49,4,196,0,0,0,0,0,0,0,0,0,0,0,0,0,0,0,0,0,0,1
1,129,3,16,15,0,149,13,10,49,4,196,0,0,0,0,0,0,0,0,0,0,0,0,0,0,0,0,0,0,1
15,129,3,14,1,37,149,13,10,200,0,0,0,0,0,0,0,0,0,0,0,0,0,0,0,0,0,0,0,0,1
15,193,3,14,1,37,149,13,10,135,0,0,0,0,0,0,0,0,0,0,0,0,0,0,0,0,0,0,0,0,1
1,3,3,10,13,78,149,0,0,0,0,0,0,0,0,0,0,0,0,0,0,0,0,0,0,0,0,0,0,0,1
1,129,4,15,15,0,149,10,49,4,227,0,0,0,0,0,0,0,0,0,0,0,0,0,0,0,0,0,0,0,1
1,129,4,15,15,0,149,10,49,4,226,0,0,0,0,0,0,0,0,0,0,0,0,0,0,0,0,0,0,0,1
1,129,4,15,15,0,149,10,49,4,226,0,0,0,0,0,0,0,0,0,0,0,0,0,0,0,0,0,0,0,1
1,129,4,15,15,0,149,10,49,4,226,0,0,0,0,0,0,0,0,0,0,0,0,0,0,0,0,0,0,0,1
15,193,4,13,1,21,149,10,142,0,0,0,0,0,0,0,0,0,0,0,0,0,0,0,0,0,0,0,0,0,1
1,3,4,10,10,78,149,0,0,0,0,0,0,0,0,0,0,0,0,0,0,0,0,0,0,0,0,0,0,0,1
1,65,5,12,15,49,149,59,0,0,0,0,0,0,0,0,0,0,0,0,0,0,0,0,0,0,0,0,0,0,1
1,65,5,12,15,49,149,59,0,0,0,0,0,0,0,0,0,0,0,0,0,0,0,0,0,0,0,0,0,0,1
1,65,5,12,15,49,149,59,0,0,0,0,0,0,0,0,0,0,0,0,0,0,0,0,0,0,0,0,0,0,1
1,69,5,20,15,32,149,250,64,0,0,0,0,49,4,189,0,0,0,0,0,0,0,0,0,0,0,0,0,0,1
1,69,5,20,15,32,149,250,49,10,0,0,0,49,4,198,0,0,0,0,0,0,0,0,0,0,0,0,0,0,1
1,69,5,20,15,32,149,250,49,16,0,0,0,49,4,220,0,0,0,0,0,0,0,0,0,0,0,0,0,0,1
1,69,5,20,15,32,149,250,49,13,0,0,0,49,4,193,0,0,0,0,0,0,0,0,0,0,0,0,0,0,1
1,69,5,20,15,32,149,250,49,18,0,0,0,49,4,222,0,0,0,0,0,0,0,0,0,0,0,0,0,0,1
1,69,5,20,15,32,149,250,49,9,0,0,0,49,4,197,0,0,0,0,0,0,0,0,0,0,0,0,0,0,1
1,65,5,13,10,32,149,179,22,0,0,0,0,0,0,0,0,0,0,0,0,0,0,0,0,0,0,0,0,0,1
10,3,5,11,1,179,149,0,0,0,0,0,0,0,0,0,0,0,0,0,0,0,0,0,0,0,0,0,0,0,1
10,65,4,14,1,32,149,0,209,75,0,0,0,0,0,0,0,0,0,0,0,0,0,0,0,0,0,0,0,0,1
1,3,4,11,10,217,149,0,0,0,0,0,0,0,0,0,0,0,0,0,0,0,0,0,0,0,0,0,0,0,1
1,65,15,17,16,86,149,32,2,77,38,220,213,0,0,0,0,0,0,0,0,0,0,0,0,0,0,0,0,0,1
16,3,15,11,1,54,149,0,0,0,0,0,0,0,0,0,0,0,0,0,0,0,0,0,0,0,0,0,0,0,1
16,65,13,18,1,86,149,32,3,0,140,88,98,125,0,0,0,0,0,0,0,0,0,0,0,0,0,0,0,0,1
1,3,13,11,16,244,149,0,0,0,0,0,0,0,0,0,0,0,0,0,0,0,0,0,0,0,0,0,0,0,1
1,65,3,17,9,86,149,32,2,77,38,117,114,0,0,0,0,0,0,0,0,0,0,0,0,0,0,0,0,0,1
9,3,3,11,1,239,149,0,0,0,0,0,0,0,0,0,0,0,0,0,0,0,0,0,0,0,0,0,0,0,1
9,65,4,18,1,86,149,32,3,0,140,88,104,254,0,0,0,0,0,0,0,0,0,0,0,0,0,0,0,0,1
1,3,4,11,9,233,149,0,0,0,0,0,0,0,0,0,0,0,0,0,0,0,0,0,0,0,0,0,0,0,1
1,65,6,13,13,32,149,216,84,0,0,0,0,0,0,0,0,0,0,0,0,0,0,0,0,0,0,0,0,0,1
13,3,6,11,1,141,149,0,0,0,0,0,0,0,0,0,0,0,0,0,0,0,0,0,0,0,0,0,0,0,1
13,65,1,14,1,32,149,0,85,82,0,0,0,0,0,0,0,0,0,0,0,0,0,0,0,0,0,0,0,0,1
1,3,1,11,13,66,149,0,0,0,0,0,0,0,0,0,0,0,0,0,0,0,0,0,0,0,0,0,0,0,1
7,3,7,10,1,64,149,0,0,0,0,0,0,0,0,0,0,0,0,0,0,0,0,0,0,0,0,0,0,0,1
1,3,1,10,7,70,149,0,0,0,0,0,0,0,0,0,0,0,0,0,0,0,0,0,0,0,0,0,0,0,1
1,65,9,13,10,32,149,56,61,0,0,0,0,0,0,0,0,0,0,0,0,0,0,0,0,0,0,0,0,0,1
10,3,9,11,1,198,149,0,0,0,0,0,0,0,0,0,0,0,0,0,0,0,0,0,0,0,0,0,0,0,1
10,65,5,14,1,32,149,0,148,235,0,0,0,0,0,0,0,0,0,0,0,0,0,0,0,0,0,0,0,0,1
1,3,5,11,10,238,149,0,0,0,0,0,0,0,0,0,0,0,0,0,0,0,0,0,0,0,0,0,0,0,1
1,65,4,17,16,86,149,32,2,77,38,216,110,0,0,0,0,0,0,0,0,0,0,0,0,0,0,0,0,0,1
16,3,4,11,1,198,149,0,0,0,0,0,0,0,0,0,0,0,0,0,0,0,0,0,0,0,0,0,0,0,1
16,65,14,18,1,86,149,32,3,0,140,88,211,178,0,0,0,0,0,0,0,0,0,0,0,0,0,0,0,0,1
1,3,14,11,16,173,149,0,0,0,0,0,0,0,0,0,0,0,0,0,0,0,0,0,0,0,0,0,0,0,1
1,65,7,17,9,86,149,32,2,77,38,233,157,0,0,0,0,0,0,0,0,0,0,0,0,0,0,0,0,0,1
9,3,7,11,1,51,149,0,0,0,0,0,0,0,0,0,0,0,0,0,0,0,0,0,0,0,0,0,0,0,1
9,65,5,18,1,86,149,32,3,0,140,88,7,187,0,0,0,0,0,0,0,0,0,0,0,0,0,0,0,0,1
1,3,5,11,9,222,149,0,0,0,0,0,0,0,0,0,0,0,0,0,0,0,0,0,0,0,0,0,0,0,1
1,65,11,13,13,32,149,249,46,0,0,0,0,0,0,0,0,0,0,0,0,0,0,0,0,0,0,0,0,0,1
13,3,11,11,1,207,149,0,0,0,0,0,0,0,0,0,0,0,0,0,0,0,0,0,0,0,0,0,0,0,1
13,65,2,14,1,32,149,0,155,178,0,0,0,0,0,0,0,0,0,0,0,0,0,0,0,0,0,0,0,0,1
1,3,2,11,13,27,149,0,0,0,0,0,0,0,0,0,0,0,0,0,0,0,0,0,0,0,0,0,0,0,1
1,65,10,13,10,32,149,214,239,0,0,0,0,0,0,0,0,0,0,0,0,0,0,0,0,0,0,0,0,0,1
10,3,10,11,1,159,149,0,0,0,0,0,0,0,0,0,0,0,0,0,0,0,0,0,0,0,0,0,0,0,1
10,65,6,14,1,32,149,0,90,11,0,0,0,0,0,0,0,0,0,0,0,0,0,0,0,0,0,0,0,0,1
1,3,6,11,10,183,149,0,0,0,0,0,0,0,0,0,0,0,0,0,0,0,0,0,0,0,0,0,0,0,1
1,65,5,17,16,86,149,32,2,77,38,51,77,0,0,0,0,0,0,0,0,0,0,0,0,0,0,0,0,0,1
16,3,5,11,1,241,149,0,0,0,0,0,0,0,0,0,0,0,0,0,0,0,0,0,0,0,0,0,0,0,1
16,65,15,18,1,86,149,32,3,0,140,88,188,247,0,0,0,0,0,0,0,0,0,0,0,0,0,0,0,0,1
1,3,15,11,16,154,149,0,0,0,0,0,0,0,0,0,0,0,0,0,0,0,0,0,0,0,0,0,0,0,1
1,65,8,17,9,86,149,32,2,77,38,113,201,0,0,0,0,0,0,0,0,0,0,0,0,0,0,0,0,0,1
9,3,8,11,1,31,149,0,0,0,0,0,0,0,0,0,0,0,0,0,0,0,0,0,0,0,0,0,0,0,1
9,65,6,18,1,86,149,32,3,0,140,88,182,116,0,0,0,0,0,0,0,0,0,0,0,0,0,0,0,0,1
1,3,6,11,9,135,149,0,0,0,0,0,0,0,0,0,0,0,0,0,0,0,0,0,0,0,0,0,0,0,1
1,65,12,13,13,32,149,158,250,0,0,0,0,0,0,0,0,0,0,0,0,0,0,0,0,0,0,0,0,0,1
13,3,12,11,1,74,149,0,0,0,0,0,0,0,0,0,0,0,0,0,0,0,0,0,0,0,0,0,0,0,1
13,65,3,14,1,32,149,0,222,18,0,0,0,0,0,0,0,0,0,0,0,0,0,0,0,0,0,0,0,0,1
1,3,3,11,13,44,149,0,0,0,0,0,0,0,0,0,0,0,0,0,0,0,0,0,0,0,0,0,0,0,1
1,65,10,13,10,32,149,214,239,0,0,0,0,0,0,0,0,0,0,0,0,0,0,0,0,0,0,0,0,0,1
10,3,10,11,1,159,149,0,0,0,0,0,0,0,0,0,0,0,0,0,0,0,0,0,0,0,0,0,0,0,1
10,65,7,14,1,32,149,0,31,171,0,0,0,0,0,0,0,0,0,0,0,0,0,0,0,0,0,0,0,0,1
1,3,7,11,10,128,149,0,0,0,0,0,0,0,0,0,0,0,0,0,0,0,0,0,0,0,0,0,0,0,1
1,65,5,17,16,86,149,32,2,77,38,51,77,0,0,0,0,0,0,0,0,0,0,0,0,0,0,0,0,0,1
16,3,5,11,1,241,149,0,0,0,0,0,0,0,0,0,0,0,0,0,0,0,0,0,0,0,0,0,0,0,1
16,65,1,18,1,86,149,32,3,0,140,88,133,3,0,0,0,0,0,0,0,0,0,0,0,0,0,0,0,0,1
1,3,1,11,16,129,149,0,0,0,0,0,0,0,0,0,0,0,0,0,0,0,0,0,0,0,0,0,0,0,1
17,65,1,17,1,49,149,1,42,2,136,76,145,0,0,0,0,0,0,0,0,0,0,0,0,0,0,0,0,0,1
1,3,1,11,17,145,149,0,0,0,0,0,0,0,0,0,0,0,0,0,0,0,0,0,0,0,0,0,0,0,1
17,65,2,16,1,49,149,5,1,23,6,22,0,0,0,0,0,0,0,0,0,0,0,0,0,0,0,0,0,0,1
1,3,2,11,17,200,149,0,0,0,0,0,0,0,0,0,0,0,0,0,0,0,0,0,0,0,0,0,0,0,1
10,65,8,33,1,86,149,96,13,1,0,50,2,33,68,0,0,0,0,0,0,0,0,0,0,7,90,250,228,0,1
1,3,8,11,10,172,149,0,0,0,0,0,0,0,0,0,0,0,0,0,0,0,0,0,0,0,0,0,0,0,1
17,65,3,17,1,49,149,3,10,0,28,68,7,0,0,0,0,0,0,0,0,0,0,0,0,0,0,0,0,0,1
1,3,3,11,17,255,149,0,0,0,0,0,0,0,0,0,0,0,0,0,0,0,0,0,0,0,0,0,0,0,1
17,65,4,16,1,49,149,27,1,0,188,105,0,0,0,0,0,0,0,0,0,0,0,0,0,0,0,0,0,0,1
1,3,4,11,17,122,149,0,0,0,0,0,0,0,0,0,0,0,0,0,0,0,0,0,0,0,0,0,0,0,1
17,65,5,13,1,132,149,245,131,0,0,0,0,0,0,0,0,0,0,0,0,0,0,0,0,0,0,0,0,0,1
1,3,5,11,17,77,149,0,0,0,0,0,0,0,0,0,0,0,0,0,0,0,0,0,0,0,0,0,0,0,1
1,65,8,13,17,132,149,81,14,0,0,0,0,0,0,0,0,0,0,0,0,0,0,0,0,0,0,0,0,0,1
17,3,8,11,1,25,149,0,0,0,0,0,0,0,0,0,0,0,0,0,0,0,0,0,0,0,0,0,0,0,1
1,65,9,17,9,86,149,32,2,77,38,154,234,0,0,0,0,0,0,0,0,0,0,0,0,0,0,0,0,0,1
9,3,9,11,1,40,149,0,0,0,0,0,0,0,0,0,0,0,0,0,0,0,0,0,0,0,0,0,0,0,1
9,65,7,18,1,86,149,32,3,0,140,88,217,49,0,0,0,0,0,0,0,0,0,0,0,0,0,0,0,0,1
1,3,7,11,9,176,149,0,0,0,0,0,0,0,0,0,0,0,0,0,0,0,0,0,0,0,0,0,0,0,1
10,65,9,33,1,86,149,96,13,2,0,50,2,33,68,0,0,0,17,0,0,0,0,0,0,96,13,191,80,0,1
1,3,9,11,10,155,149,0,0,0,0,0,0,0,0,0,0,0,0,0,0,0,0,0,0,0,0,0,0,0,1
10,65,10,29,1,86,149,96,13,1,0,50,2,33,50,0,0,0,0,0,0,202,252,199,221,0,0,0,0,0,1
1,3,10,11,10,194,149,0,0,0,0,0,0,0,0,0,0,0,0,0,0,0,0,0,0,0,0,0,0,0,1
10,65,11,29,1,86,149,96,13,2,0,50,2,33,50,0,0,0,0,0,0,207,99,18,43,0,0,0,0,0,1
1,3,11,11,10,245,149,0,0,0,0,0,0,0,0,0,0,0,0,0,0,0,0,0,0,0,0,0,0,0,1
1,65,13,13,13,32,149,52,171,0,0,0,0,0,0,0,0,0,0,0,0,0,0,0,0,0,0,0,0,0,1
13,3,13,11,1,125,149,0,0,0,0,0,0,0,0,0,0,0,0,0,0,0,0,0,0,0,0,0,0,0,1
13,65,4,14,1,32,149,0,22,83,0,0,0,0,0,0,0,0,0,0,0,0,0,0,0,0,0,0,0,0,1
1,3,4,11,13,169,149,0,0,0,0,0,0,0,0,0,0,0,0,0,0,0,0,0,0,0,0,0,0,0,1
11,65,1,12,1,132,149,141,0,0,0,0,0,0,0,0,0,0,0,0,0,0,0,0,0,0,0,0,0,0,1
1,3,1,10,11,74,149,0,0,0,0,0,0,0,0,0,0,0,0,0,0,0,0,0,0,0,0,0,0,0,1
1,65,8,12,11,132,149,139,0,0,0,0,0,0,0,0,0,0,0,0,0,0,0,0,0,0,0,0,0,0,1
11,3,8,10,1,67,149,0,0,0,0,0,0,0,0,0,0,0,0,0,0,0,0,0,0,0,0,0,0,0,1
12,65,1,12,1,132,149,138,0,0,0,0,0,0,0,0,0,0,0,0,0,0,0,0,0,0,0,0,0,0,1
1,3,1,10,12,77,149,0,0,0,0,0,0,0,0,0,0,0,0,0,0,0,0,0,0,0,0,0,0,0,1
1,65,9,12,12,132,149,141,0,0,0,0,0,0,0,0,0,0,0,0,0,0,0,0,0,0,0,0,0,0,1
12,3,9,10,1,69,149,0,0,0,0,0,0,0,0,0,0,0,0,0,0,0,0,0,0,0,0,0,0,0,1
1,65,12,13,10,32,149,27,106,0,0,0,0,0,0,0,0,0,0,0,0,0,0,0,0,0,0,0,0,0,1
10,3,12,11,1,45,149,0,0,0,0,0,0,0,0,0,0,0,0,0,0,0,0,0,0,0,0,0,0,0,1
10,65,12,14,1,32,149,0,220,9,0,0,0,0,0,0,0,0,0,0,0,0,0,0,0,0,0,0,0,0,1
1,3,12,11,10,112,149,0,0,0,0,0,0,0,0,0,0,0,0,0,0,0,0,0,0,0,0,0,0,0,1
1,65,7,17,16,86,149,32,2,77,38,245,42,0,0,0,0,0,0,0,0,0,0,0,0,0,0,0,0,0,1
16,3,7,11,1,159,149,0,0,0,0,0,0,0,0,0,0,0,0,0,0,0,0,0,0,0,0,0,0,0,1
16,65,2,18,1,86,149,32,3,0,140,88,52,204,0,0,0,0,0,0,0,0,0,0,0,0,0,0,0,0,1
1,3,2,11,16,216,149,0,0,0,0,0,0,0,0,0,0,0,0,0,0,0,0,0,0,0,0,0,0,0,1
1,65,10,17,9,86,149,32,2,77,38,183,174,0,0,0,0,0,0,0,0,0,0,0,0,0,0,0,0,0,1
9,3,10,11,1,113,149,0,0,0,0,0,0,0,0,0,0,0,0,0,0,0,0,0,0,0,0,0,0,0,1
9,65,8,18,1,86,149,32,3,0,140,88,143,128,0,0,0,0,0,0,0,0,0,0,0,0,0,0,0,0,1
1,3,8,11,9,156,149,0,0,0,0,0,0,0,0,0,0,0,0,0,0,0,0,0,0,0,0,0,0,0,1
1,65,14,13,13,32,149,218,121,0,0,0,0,0,0,0,0,0,0,0,0,0,0,0,0,0,0,0,0,0,1
13,3,14,11,1,36,149,0,0,0,0,0,0,0,0,0,0,0,0,0,0,0,0,0,0,0,0,0,0,0,1
13,65,5,14,1,32,149,0,83,243,0,0,0,0,0,0,0,0,0,0,0,0,0,0,0,0,0,0,0,0,1
1,3,5,11,13,158,149,0,0,0,0,0,0,0,0,0,0,0,0,0,0,0,0,0,0,0,0,0,0,0,1
7,3,11,10,1,76,149,0,0,0,0,0,0,0,0,0,0,0,0,0,0,0,0,0,0,0,0,0,0,0,1
1,3,1,10,7,70,149,0,0,0,0,0,0,0,0,0,0,0,0,0,0,0,0,0,0,0,0,0,0,0,1
1,65,12,13,10,32,149,27,106,0,0,0,0,0,0,0,0,0,0,0,0,0,0,0,0,0,0,0,0,0,1
10,3,12,11,1,45,149,0,0,0,0,0,0,0,0,0,0,0,0,0,0,0,0,0,0,0,0,0,0,0,1
10,65,13,14,1,32,149,0,153,169,0,0,0,0,0,0,0,0,0,0,0,0,0,0,0,0,0,0,0,0,1
1,3,13,11,10,71,149,0,0,0,0,0,0,0,0,0,0,0,0,0,0,0,0,0,0,0,0,0,0,0,1
1,65,7,17,16,86,149,32,2,77,38,245,42,0,0,0,0,0,0,0,0,0,0,0,0,0,0,0,0,0,1
16,3,7,11,1,159,149,0,0,0,0,0,0,0,0,0,0,0,0,0,0,0,0,0,0,0,0,0,0,0,1
16,65,3,18,1,86,149,32,3,0,140,88,91,137,0,0,0,0,0,0,0,0,0,0,0,0,0,0,0,0,1
1,3,3,11,16,239,149,0,0,0,0,0,0,0,0,0,0,0,0,0,0,0,0,0,0,0,0,0,0,0,1
1,65,10,17,9,86,149,32,2,77,38,183,174,0,0,0,0,0,0,0,0,0,0,0,0,0,0,0,0,0,1
9,3,10,11,1,113,149,0,0,0,0,0,0,0,0,0,0,0,0,0,0,0,0,0,0,0,0,0,0,0,1
9,65,9,18,1,86,149,32,3,0,140,88,224,197,0,0,0,0,0,0,0,0,0,0,0,0,0,0,0,0,1
1,3,9,11,9,171,149,0,0,0,0,0,0,0,0,0,0,0,0,0,0,0,0,0,0,0,0,0,0,0,1
1,65,14,13,13,32,149,218,121,0,0,0,0,0,0,0,0,0,0,0,0,0,0,0,0,0,0,0,0,0,1
13,3,14,11,1,36,149,0,0,0,0,0,0,0,0,0,0,0,0,0,0,0,0,0,0,0,0,0,0,0,1
13,65,6,14,1,32,149,0,157,19,0,0,0,0,0,0,0,0,0,0,0,0,0,0,0,0,0,0,0,0,1
1,3,6,11,13,199,149,0,0,0,0,0,0,0,0,0,0,0,0,0,0,0,0,0,0,0,0,0,0,0,1
1,65,1,13,10,32,149,58,16,0,0,0,0,0,0,0,0,0,0,0,0,0,0,0,0,0,0,0,0,0,1
10,3,1,11,1,111,149,0,0,0,0,0,0,0,0,0,0,0,0,0,0,0,0,0,0,0,0,0,0,0,1
10,65,14,14,1,32,149,0,87,73,0,0,0,0,0,0,0,0,0,0,0,0,0,0,0,0,0,0,0,0,1
1,3,14,11,10,30,149,0,0,0,0,0,0,0,0,0,0,0,0,0,0,0,0,0,0,0,0,0,0,0,1
1,65,11,17,16,86,149,32,2,77,38,64,58,0,0,0,0,0,0,0,0,0,0,0,0,0,0,0,0,0,1
16,3,11,11,1,234,149,0,0,0,0,0,0,0,0,0,0,0,0,0,0,0,0,0,0,0,0,0,0,0,1
16,65,4,18,1,86,149,32,3,0,140,88,71,115,0,0,0,0,0,0,0,0,0,0,0,0,0,0,0,0,1
1,3,4,11,16,106,149,0,0,0,0,0,0,0,0,0,0,0,0,0,0,0,0,0,0,0,0,0,0,0,1
1,65,14,17,9,86,149,32,2,77,38,43,65,0,0,0,0,0,0,0,0,0,0,0,0,0,0,0,0,0,1
9,3,14,11,1,173,149,0,0,0,0,0,0,0,0,0,0,0,0,0,0,0,0,0,0,0,0,0,0,0,1
9,65,10,18,1,86,149,32,3,0,140,88,81,10,0,0,0,0,0,0,0,0,0,0,0,0,0,0,0,0,1
1,3,10,11,9,242,149,0,0,0,0,0,0,0,0,0,0,0,0,0,0,0,0,0,0,0,0,0,0,0,1
1,65,3,13,13,32,149,251,3,0,0,0,0,0,0,0,0,0,0,0,0,0,0,0,0,0,0,0,0,0,1
13,3,3,11,1,102,149,0,0,0,0,0,0,0,0,0,0,0,0,0,0,0,0,0,0,0,0,0,0,0,1
13,65,7,14,1,32,149,0,216,179,0,0,0,0,0,0,0,0,0,0,0,0,0,0,0,0,0,0,0,0,1
1,3,7,11,13,240,149,0,0,0,0,0,0,0,0,0,0,0,0,0,0,0,0,0,0,0,0,0,0,0,1
1,65,2,13,10,32,149,212,194,0,0,0,0,0,0,0,0,0,0,0,0,0,0,0,0,0,0,0,0,0,1
10,3,2,11,1,54,149,0,0,0,0,0,0,0,0,0,0,0,0,0,0,0,0,0,0,0,0,0,0,0,1
10,65,15,14,1,32,149,0,18,233,0,0,0,0,0,0,0,0,0,0,0,0,0,0,0,0,0,0,0,0,1
1,3,15,11,10,41,149,0,0,0,0,0,0,0,0,0,0,0,0,0,0,0,0,0,0,0,0,0,0,0,1
1,65,12,12,8,37,149,39,0,0,0,0,0,0,0,0,0,0,0,0,0,0,0,0,0,0,0,0,0,0,1
1,65,12,12,8,37,149,39,0,0,0,0,0,0,0,0,0,0,0,0,0,0,0,0,0,0,0,0,0,0,1
1,65,12,12,8,37,149,39,0,0,0,0,0,0,0,0,0,0,0,0,0,0,0,0,0,0,0,0,0,0,1
1,65,13,12,8,37,149,38,0,0,0,0,0,0,0,0,0,0,0,0,0,0,0,0,0,0,0,0,0,0,1
8,3,13,10,1,69,149,0,0,0,0,0,0,0,0,0,0,0,0,0,0,0,0,0,0,0,0,0,0,0,1
8,65,65,13,1,37,149,0,106,0,0,0,0,0,0,0,0,0,0,0,0,0,0,0,0,0,0,0,0,0,1
1,3,1,10,8,73,149,0,0,0,0,0,0,0,0,0,0,0,0,0,0,0,0,0,0,0,0,0,0,0,1
17,65,1,17,1,49,149,1,42,2,139,124,242,0,0,0,0,0,0,0,0,0,0,0,0,0,0,0,0,0,1
1,3,1,11,17,145,149,0,0,0,0,0,0,0,0,0,0,0,0,0,0,0,0,0,0,0,0,0,0,0,1
17,65,2,16,1,49,149,5,1,23,6,22,0,0,0,0,0,0,0,0,0,0,0,0,0,0,0,0,0,0,1
1,3,2,11,17,200,149,0,0,0,0,0,0,0,0,0,0,0,0,0,0,0,0,0,0,0,0,0,0,0,1
17,65,3,17,1,49,149,3,10,0,6,247,124,0,0,0,0,0,0,0,0,0,0,0,0,0,0,0,0,0,1
1,3,3,11,17,255,149,0,0,0,0,0,0,0,0,0,0,0,0,0,0,0,0,0,0,0,0,0,0,0,1
17,65,4,16,1,49,149,27,1,0,188,105,0,0,0,0,0,0,0,0,0,0,0,0,0,0,0,0,0,0,1
1,3,4,11,17,122,149,0,0,0,0,0,0,0,0,0,0,0,0,0,0,0,0,0,0,0,0,0,0,0,1
17,65,5,13,1,132,149,245,131,0,0,0,0,0,0,0,0,0,0,0,0,0,0,0,0,0,0,0,0,0,1
1,3,5,11,17,77,149,0,0,0,0,0,0,0,0,0,0,0,0,0,0,0,0,0,0,0,0,0,0,0,1
1,65,12,13,17,132,149,216,8,0,0,0,0,0,0,0,0,0,0,0,0,0,0,0,0,0,0,0,0,0,1
17,3,12,11,1,197,149,0,0,0,0,0,0,0,0,0,0,0,0,0,0,0,0,0,0,0,0,0,0,0,1
1,65,13,17,16,86,149,32,2,77,38,26,178,0,0,0,0,0,0,0,0,0,0,0,0,0,0,0,0,0,1
16,3,13,11,1,88,149,0,0,0,0,0,0,0,0,0,0,0,0,0,0,0,0,0,0,0,0,0,0,0,1
16,65,5,18,1,86,149,32,3,0,140,88,40,54,0,0,0,0,0,0,0,0,0,0,0,0,0,0,0,0,1
1,3,5,11,16,93,149,0,0,0,0,0,0,0,0,0,0,0,0,0,0,0,0,0,0,0,0,0,0,0,1
1,65,14,12,15,49,149,48,0,0,0,0,0,0,0,0,0,0,0,0,0,0,0,0,0,0,0,0,0,0,1
1,65,14,12,15,49,149,48,0,0,0,0,0,0,0,0,0,0,0,0,0,0,0,0,0,0,0,0,0,0,1
1,65,14,12,15,49,149,48,0,0,0,0,0,0,0,0,0,0,0,0,0,0,0,0,0,0,0,0,0,0,1
1,129,6,16,15,0,149,16,13,49,4,217,0,0,0,0,0,0,0,0,0,0,0,0,0,0,0,0,0,0,1
1,129,6,16,15,0,149,16,13,49,4,216,0,0,0,0,0,0,0,0,0,0,0,0,0,0,0,0,0,0,1
1,129,6,16,15,0,149,16,13,49,4,219,0,0,0,0,0,0,0,0,0,0,0,0,0,0,0,0,0,0,1
1,129,6,16,15,0,149,16,13,49,4,219,0,0,0,0,0,0,0,0,0,0,0,0,0,0,0,0,0,0,1
1,129,6,16,15,0,149,16,13,49,4,219,0,0,0,0,0,0,0,0,0,0,0,0,0,0,0,0,0,0,1
15,129,6,14,1,37,149,16,13,215,0,0,0,0,0,0,0,0,0,0,0,0,0,0,0,0,0,0,0,0,1
15,193,6,14,1,37,149,16,13,152,0,0,0,0,0,0,0,0,0,0,0,0,0,0,0,0,0,0,0,0,1
1,3,6,10,16,86,149,0,0,0,0,0,0,0,0,0,0,0,0,0,0,0,0,0,0,0,0,0,0,0,1
1,129,7,16,15,0,149,16,9,49,4,220,0,0,0,0,0,0,0,0,0,0,0,0,0,0,0,0,0,0,1
1,129,7,16,15,0,149,16,9,49,4,221,0,0,0,0,0,0,0,0,0,0,0,0,0,0,0,0,0,0,1
1,129,7,16,15,0,149,16,9,49,4,222,0,0,0,0,0,0,0,0,0,0,0,0,0,0,0,0,0,0,1
1,129,7,16,15,0,149,16,9,49,4,222,0,0,0,0,0,0,0,0,0,0,0,0,0,0,0,0,0,0,1
1,129,7,16,15,0,149,16,9,49,4,222,0,0,0,0,0,0,0,0,0,0,0,0,0,0,0,0,0,0,1
15,129,7,14,1,37,149,16,9,210,0,0,0,0,0,0,0,0,0,0,0,0,0,0,0,0,0,0,0,0,1
15,193,7,14,1,37,149,16,9,157,0,0,0,0,0,0,0,0,0,0,0,0,0,0,0,0,0,0,0,0,1
1,3,7,10,16,87,149,0,0,0,0,0,0,0,0,0,0,0,0,0,0,0,0,0,0,0,0,0,0,0,1
1,129,8,15,15,0,149,13,49,4,232,0,0,0,0,0,0,0,0,0,0,0,0,0,0,0,0,0,0,0,1
1,129,8,15,15,0,149,13,49,4,233,0,0,0,0,0,0,0,0,0,0,0,0,0,0,0,0,0,0,0,1
1,129,8,15,15,0,149,13,49,4,233,0,0,0,0,0,0,0,0,0,0,0,0,0,0,0,0,0,0,0,1
1,129,8,15,15,0,149,13,49,4,233,0,0,0,0,0,0,0,0,0,0,0,0,0,0,0,0,0,0,0,1
15,193,8,13,1,21,149,13,133,0,0,0,0,0,0,0,0,0,0,0,0,0,0,0,0,0,0,0,0,0,1
1,3,8,10,13,69,149,0,0,0,0,0,0,0,0,0,0,0,0,0,0,0,0,0,0,0,0,0,0,0,1
1,129,9,16,15,0,149,13,10,49,4,204,0,0,0,0,0,0,0,0,0,0,0,0,0,0,0,0,0,0,1
1,129,9,16,15,0,149,13,10,49,4,205,0,0,0,0,0,0,0,0,0,0,0,0,0,0,0,0,0,0,1
1,129,9,16,15,0,149,13,10,49,4,206,0,0,0,0,0,0,0,0,0,0,0,0,0,0,0,0,0,0,1
1,129,9,16,15,0,149,13,10,49,4,206,0,0,0,0,0,0,0,0,0,0,0,0,0,0,0,0,0,0,1
1,129,9,16,15,0,149,13,10,49,4,206,0,0,0,0,0,0,0,0,0,0,0,0,0,0,0,0,0,0,1
15,129,9,14,1,37,149,13,10,194,0,0,0,0,0,0,0,0,0,0,0,0,0,0,0,0,0,0,0,0,1
15,193,9,14,1,37,149,13,10,141,0,0,0,0,0,0,0,0,0,0,0,0,0,0,0,0,0,0,0,0,1
1,3,9,10,13,68,149,0,0,0,0,0,0,0,0,0,0,0,0,0,0,0,0,0,0,0,0,0,0,0,1
1,129,10,15,15,0,149,10,49,4,237,0,0,0,0,0,0,0,0,0,0,0,0,0,0,0,0,0,0,0,1
1,129,10,15,15,0,149,10,49,4,236,0,0,0,0,0,0,0,0,0,0,0,0,0,0,0,0,0,0,0,1
1,129,10,15,15,0,149,10,49,4,236,0,0,0,0,0,0,0,0,0,0,0,0,0,0,0,0,0,0,0,1
1,129,10,15,15,0,149,10,49,4,236,0,0,0,0,0,0,0,0,0,0,0,0,0,0,0,0,0,0,0,1
15,193,10,13,1,21,149,10,128,0,0,0,0,0,0,0,0,0,0,0,0,0,0,0,0,0,0,0,0,0,1
1,3,10,10,10,64,149,0,0,0,0,0,0,0,0,0,0,0,0,0,0,0,0,0,0,0,0,0,0,0,1
1,65,15,12,15,49,149,49,0,0,0,0,0,0,0,0,0,0,0,0,0,0,0,0,0,0,0,0,0,0,1
1,65,15,12,15,49,149,49,0,0,0,0,0,0,0,0,0,0,0,0,0,0,0,0,0,0,0,0,0,0,1
1,65,15,12,15,49,149,49,0,0,0,0,0,0,0,0,0,0,0,0,0,0,0,0,0,0,0,0,0,0,1
1,69,11,20,15,32,149,250,64,0,0,0,0,49,4,179,0,0,0,0,0,0,0,0,0,0,0,0,0,0,1
1,69,11,20,15,32,149,250,49,16,0,0,0,49,4,210,0,0,0,0,0,0,0,0,0,0,0,0,0,0,1
1,69,11,20,15,32,149,250,49,13,0,0,0,49,4,207,0,0,0,0,0,0,0,0,0,0,0,0,0,0,1
1,69,11,20,15,32,149,250,49,10,0,0,0,49,4,200,0,0,0,0,0,0,0,0,0,0,0,0,0,0,1
1,69,11,20,15,32,149,250,49,18,0,0,0,49,4,208,0,0,0,0,0,0,0,0,0,0,0,0,0,0,1
1,69,11,20,15,32,149,250,49,9,0,0,0,49,4,203,0,0,0,0,0,0,0,0,0,0,0,0,0,0,1
1,65,1,17,9,86,149,32,2,77,38,179,21,0,0,0,0,0,0,0,0,0,0,0,0,0,0,0,0,0,1
9,3,1,11,1,129,149,0,0,0,0,0,0,0,0,0,0,0,0,0,0,0,0,0,0,0,0,0,0,0,1
9,65,11,18,1,86,149,32,3,0,140,88,62,79,0,0,0,0,0,0,0,0,0,0,0,0,0,0,0,0,1
1,3,11,11,9,197,149,0,0,0,0,0,0,0,0,0,0,0,0,0,0,0,0,0,0,0,0,0,0,0,1
10,65,1,33,1,86,149,96,13,1,0,50,2,33,68,0,0,0,0,0,0,0,0,0,0,7,90,178,178,0,1
1,3,1,11,10,50,149,0,0,0,0,0,0,0,0,0,0,0,0,0,0,0,0,0,0,0,0,0,0,0,1
10,65,2,33,1,86,149,96,13,2,0,50,2,33,68,0,0,0,18,0,0,0,0,0,0,184,143,124,110,0,1
1,3,2,11,10,107,149,0,0,0,0,0,0,0,0,0,0,0,0,0,0,0,0,0,0,0,0,0,0,0,1
1,65,5,13,13,32,149,54,134,0,0,0,0,0,0,0,0,0,0,0,0,0,0,0,0,0,0,0,0,0,1
13,3,5,11,1,212,149,0,0,0,0,0,0,0,0,0,0,0,0,0,0,0,0,0,0,0,0,0,0,0,1
13,65,8,14,1,32,149,0,29,176,0,0,0,0,0,0,0,0,0,0,0,0,0,0,0,0,0,0,0,0,1
1,3,8,11,13,220,149,0,0,0,0,0,0,0,0,0,0,0,0,0,0,0,0,0,0,0,0,0,0,0,1
10,65,3,29,1,86,149,96,13,1,0,50,2,33,50,0,0,0,0,0,0,202,252,221,93,0,0,0,0,0,1
1,3,3,11,10,92,149,0,0,0,0,0,0,0,0,0,0,0,0,0,0,0,0,0,0,0,0,0,0,0,1
10,65,4,29,1,86,149,96,13,2,0,50,2,33,50,0,0,0,0,0,0,207,99,212,221,0,0,0,0,0,1
1,3,4,11,10,217,149,0,0,0,0,0,0,0,0,0,0,0,0,0,0,0,0,0,0,0,0,0,0,0,1
1,65,11,13,10,32,149,124,190,0,0,0,0,0,0,0,0,0,0,0,0,0,0,0,0,0,0,0,0,0,1
10,3,11,11,1,168,149,0,0,0,0,0,0,0,0,0,0,0,0,0,0,0,0,0,0,0,0,0,0,0,1
10,65,5,14,1,32,149,0,148,235,0,0,0,0,0,0,0,0,0,0,0,0,0,0,0,0,0,0,0,0,1
1,3,5,11,10,238,149,0,0,0,0,0,0,0,0,0,0,0,0,0,0,0,0,0,0,0,0,0,0,0,1
1,65,6,17,16,86,149,32,2,77,38,30,9,0,0,0,0,0,0,0,0,0,0,0,0,0,0,0,0,0,1
16,3,6,11,1,168,149,0,0,0,0,0,0,0,0,0,0,0,0,0,0,0,0,0,0,0,0,0,0,0,1
16,65,6,18,1,86,149,32,3,0,140,88,153,249,0,0,0,0,0,0,0,0,0,0,0,0,0,0,0,0,1
1,3,6,11,16,4,149,0,0,0,0,0,0,0,0,0,0,0,0,0,0,0,0,0,0,0,0,0,0,0,1
1,65,9,17,9,86,149,32,2,77,38,154,234,0,0,0,0,0,0,0,0,0,0,0,0,0,0,0,0,0,1
9,3,9,11,1,40,149,0,0,0,0,0,0,0,0,0,0,0,0,0,0,0,0,0,0,0,0,0,0,0,1
9,65,12,18,1,86,149,32,3,0,140,88,34,181,0,0,0,0,0,0,0,0,0,0,0,0,0,0,0,0,1
1,3,12,11,9,64,244,253,0,0,0,0,0,0,0,0,0,0,0,0,0,0,0,0,0,0,0,0,0,0,1
1,65,13,13,13,32,2,253,171,0,0,0,0,0,0,0,0,0,0,0,0,0,0,0,0,0,0,0,0,0,1
13,3,13,11,1,125,231,253,0,0,0,0,0,0,0,0,0,0,0,0,0,0,0,0,0,0,0,0,0,0,1
13,65,9,14,1,32,3,253,88,16,0,0,0,0,0,0,0,0,0,0,0,0,0,0,0,0,0,0,0,0,1
1,3,9,11,13,235,128,253,0,0,0,0,0,0,0,0,0,0,0,0,0,0,0,0,0,0,0,0,0,0,1
7,3,2,10,1,69,0,253,0,0,0,0,0,0,0,0,0,0,0,0,0,0,0,0,0,0,0,0,0,0,1
1,3,1,10,7,70,0,253,0,0,0,0,0,0,0,0,0,0,0,0,0,0,0,0,0,0,0,0,0,0,1
11,65,1,12,1,132,7,253,0,0,0,0,0,0,0,0,0,0,0,0,0,0,0,0,0,0,0,0,0,0,1
1,3,1,10,11,74,0,253,0,0,0,0,0,0,0,0,0,0,0,0,0,0,0,0,0,0,0,0,0,0,1
1,65,3,12,11,132,8,253,0,0,0,0,0,0,0,0,0,0,0,0,0,0,0,0,0,0,0,0,0,0,1
11,3,3,10,1,72,0,253,0,0,0,0,0,0,0,0,0,0,0,0,0,0,0,0,0,0,0,0,0,0,1
12,65,1,12,1,132,7,253,0,0,0,0,0,0,0,0,0,0,0,0,0,0,0,0,0,0,0,0,0,0,1
1,3,1,10,12,77,0,253,0,0,0,0,0,0,0,0,0,0,0,0,0,0,0,0,0,0,0,0,0,0,1
1,65,4,12,12,132,8,253,0,0,0,0,0,0,0,0,0,0,0,0,0,0,0,0,0,0,0,0,0,0,1
12,3,4,10,1,72,0,253,0,0,0,0,0,0,0,0,0,0,0,0,0,0,0,0,0,0,0,0,0,0,1
1,65,12,13,10,32,2,253,106,0,0,0,0,0,0,0,0,0,0,0,0,0,0,0,0,0,0,0,0,0,1
10,3,12,11,1,45,3,253,0,0,0,0,0,0,0,0,0,0,0,0,0,0,0,0,0,0,0,0,0,0,1
10,65,6,14,1,32,3,253,90,11,0,0,0,0,0,0,0,0,0,0,0,0,0,0,0,0,0,0,0,0,1
1,3,6,11,10,183,86,253,0,0,0,0,0,0,0,0,0,0,0,0,0,0,0,0,0,0,0,0,0,0,1
1,65,7,17,16,86,1,253,2,77,38,245,42,0,0,0,0,0,0,0,0,0,0,0,0,0,0,0,0,0,1
16,3,7,11,1,159,6,253,0,0,0,0,0,0,0,0,0,0,0,0,0,0,0,0,0,0,0,0,0,0,1
16,65,7,18,1,86,1,253,3,0,140,88,246,188,0,0,0,0,0,0,0,0,0,0,0,0,0,0,0,0,1
1,3,7,11,16,51,29,253,0,0,0,0,0,0,0,0,0,0,0,0,0,0,0,0,0,0,0,0,0,0,1
1,65,10,17,9,86,1,253,2,77,38,183,174,0,0,0,0,0,0,0,0,0,0,0,0,0,0,0,0,0,1
9,3,10,11,1,113,113,253,0,0,0,0,0,0,0,0,0,0,0,0,0,0,0,0,0,0,0,0,0,0,1
9,65,13,18,1,86,1,253,3,0,140,88,77,240,0,0,0,0,0,0,0,0,0,0,0,0,0,0,0,0,1
1,3,13,11,9,119,196,253,0,0,0,0,0,0,0,0,0,0,0,0,0,0,0,0,0,0,0,0,0,0,1
1,65,14,13,13,32,2,253,121,0,0,0,0,0,0,0,0,0,0,0,0,0,0,0,0,0,0,0,0,0,1
13,3,14,11,1,36,183,253,0,0,0,0,0,0,0,0,0,0,0,0,0,0,0,0,0,0,0,0,0,0,1
13,65,10,14,1,32,3,253,150,240,0,0,0,0,0,0,0,0,0,0,0,0,0,0,0,0,0,0,0,0,1
1,3,10,11,13,178,208,253,0,0,0,0,0,0,0,0,0,0,0,0,0,0,0,0,0,0,0,0,0,0,1
1,65,13,13,10,32,2,253,59,0,0,0,0,0,0,0,0,0,0,0,0,0,0,0,0,0,0,0,0,0,1
10,3,13,11,1,26,51,253,0,0,0,0,0,0,0,0,0,0,0,0,0,0,0,0,0,0,0,0,0,0,1
10,65,7,14,1,32,3,253,31,171,0,0,0,0,0,0,0,0,0,0,0,0,0,0,0,0,0,0,0,0,1
1,3,7,11,10,128,102,253,0,0,0,0,0,0,0,0,0,0,0,0,0,0,0,0,0,0,0,0,0,0,1
1,65,11,17,16,86,1,253,2,77,38,64,58,0,0,0,0,0,0,0,0,0,0,0,0,0,0,0,0,0,1
16,3,11,11,1,234,103,253,0,0,0,0,0,0,0,0,0,0,0,0,0,0,0,0,0,0,0,0,0,0,1
16,65,8,18,1,86,1,253,3,0,140,88,160,13,0,0,0,0,0,0,0,0,0,0,0,0,0,0,0,0,1
1,3,8,11,16,31,44,253,0,0,0,0,0,0,0,0,0,0,0,0,0,0,0,0,0,0,0,0,0,0,1
1,65,14,17,9,86,1,253,2,77,38,43,65,0,0,0,0,0,0,0,0,0,0,0,0,0,0,0,0,0,1
9,3,14,11,1,173,177,253,0,0,0,0,0,0,0,0,0,0,0,0,0,0,0,0,0,0,0,0,0,0,1
9,65,14,18,1,86,1,253,3,0,140,88,252,63,0,0,0,0,0,0,0,0,0,0,0,0,0,0,0,0,1
1,3,14,11,9,46,148,253,0,0,0,0,0,0,0,0,0,0,0,0,0,0,0,0,0,0,0,0,0,0,1
1,65,3,13,13,32,2,253,3,0,0,0,0,0,0,0,0,0,0,0,0,0,0,0,0,0,0,0,0,0,1
13,3,3,11,1,102,230,253,0,0,0,0,0,0,0,0,0,0,0,0,0,0,0,0,0,0,0,0,0,0,1
13,65,11,14,1,32,3,253,211,80,0,0,0,0,0,0,0,0,0,0,0,0,0,0,0,0,0,0,0,0,1
1,3,11,11,13,133,224,253,0,0,0,0,0,0,0,0,0,0,0,0,0,0,0,0,0,0,0,0,0,0,1
1,65,2,13,10,32,2,253,194,0,0,0,0,0,0,0,0,0,0,0,0,0,0,0,0,0,0,0,0,0,1
10,3,2,11,1,54,2,253,0,0,0,0,0,0,0,0,0,0,0,0,0,0,0,0,0,0,0,0,0,0,1
10,65,8,14,1,32,3,253,218,168,0,0,0,0,0,0,0,0,0,0,0,0,0,0,0,0,0,0,0,0,1
1,3,8,11,10,172,87,253,0,0,0,0,0,0,0,0,0,0,0,0,0,0,0,0,0,0,0,0,0,0,1
17,65,1,17,1,49,5,253,42,2,136,76,145,0,0,0,0,0,0,0,0,0,0,0,0,0,0,0,0,0,1
1,3,1,11,17,145,156,253,0,0,0,0,0,0,0,0,0,0,0,0,0,0,0,0,0,0,0,0,0,0,1
17,65,2,16,1,49,5,253,1,23,6,22,0,0,0,0,0,0,0,0,0,0,0,0,0,0,0,0,0,0,1
1,3,2,11,17,200,204,253,0,0,0,0,0,0,0,0,0,0,0,0,0,0,0,0,0,0,0,0,0,0,1
17,65,3,14,1,128,3,253,148,112,0,0,0,0,0,0,0,0,0,0,0,0,0,0,0,0,0,0,0,0,1
1,3,3,11,17,255,252,253,0,0,0,0,0,0,0,0,0,0,0,0,0,0,0,0,0,0,0,0,0,0,1
17,65,4,17,1,49,5,253,10,0,0,38,17,0,0,0,0,0,0,0,0,0,0,0,0,0,0,0,0,0,1
1,3,4,11,17,122,108,253,0,0,0,0,0,0,0,0,0,0,0,0,0,0,0,0,0,0,0,0,0,0,1
17,65,5,16,1,49,5,253,1,0,251,186,0,0,0,0,0,0,0,0,0,0,0,0,0,0,0,0,0,0,1
1,3,5,11,17,77,92,253,0,0,0,0,0,0,0,0,0,0,0,0,0,0,0,0,0,0,0,0,0,0,1
17,65,6,13,1,132,7,253,81,0,0,0,0,0,0,0,0,0,0,0,0,0,0,0,0,0,0,0,0,0,1
1,3,6,11,17,20,12,253,0,0,0,0,0,0,0,0,0,0,0,0,0,0,0,0,0,0,0,0,0,0,1
1,65,9,13,17,132,8,253,95,0,0,0,0,0,0,0,0,0,0,0,0,0,0,0,0,0,0,0,0,0,1
17,3,9,11,1,46,86,253,0,0,0,0,0,0,0,0,0,0,0,0,0,0,0,0,0,0,0,0,0,0,1
1,65,13,17,16,86,1,253,2,77,38,26,178,0,0,0,0,0,0,0,0,0,0,0,0,0,0,0,0,0,1
16,3,13,11,1,88,199,253,0,0,0,0,0,0,0,0,0,0,0,0,0,0,0,0,0,0,0,0,0,0,1
16,65,9,18,1,86,1,253,3,0,140,88,207,72,0,0,0,0,0,0,0,0,0,0,0,0,0,0,0,0,1
1,3,9,11,16,40,28,253,0,0,0,0,0,0,0,0,0,0,0,0,0,0,0,0,0,0,0,0,0,0,1
1,65,1,17,9,86,1,253,2,77,38,179,21,0,0,0,0,0,0,0,0,0,0,0,0,0,0,0,0,0,1
9,3,1,11,1,129,128,253,0,0,0,0,0,0,0,0,0,0,0,0,0,0,0,0,0,0,0,0,0,0,1
9,65,15,18,1,86,1,253,3,0,140,88,147,122,0,0,0,0,0,0,0,0,0,0,0,0,0,0,0,0,1
1,3,15,11,9,25,164,253,0,0,0,0,0,0,0,0,0,0,0,0,0,0,0,0,0,0,0,0,0,0,1
10,65,9,33,1,86,1,253,13,1,0,50,2,33,68,0,0,0,0,0,0,0,0,0,0,7,90,191,80,0,1
1,3,9,11,10,155,103,253,0,0,0,0,0,0,0,0,0,0,0,0,0,0,0,0,0,0,0,0,0,0,1
1,65,5,13,13,32,2,253,134,0,0,0,0,0,0,0,0,0,0,0,0,0,0,0,0,0,0,0,0,0,1
13,3,5,11,1,212,70,253,0,0,0,0,0,0,0,0,0,0,0,0,0,0,0,0,0,0,0,0,0,0,1
13,65,12,14,1,32,3,253,27,17,0,0,0,0,0,0,0,0,0,0,0,0,0,0,0,0,0,0,0,0,1
1,3,12,11,13,0,112,253,0,0,0,0,0,0,0,0,0,0,0,0,0,0,0,0,0,0,0,0,0,0,1
10,65,10,33,1,86,1,253,13,2,0,50,2,33,68,0,0,0,19,0,0,0,0,0,0,0,238,113,140,0,1
1,3,10,11,10,194,55,253,0,0,0,0,0,0,0,0,0,0,0,0,0,0,0,0,0,0,0,0,0,0,1
10,65,11,29,1,86,1,253,13,1,0,50,2,33,50,0,0,0,0,0,0,202,252,18,43,0,0,0,0,0,1
1,3,11,11,10,245,7,253,0,0,0,0,0,0,0,0,0,0,0,0,0,0,0,0,0,0,0,0,0,0,1
10,65,12,29,1,86,1,253,13,2,0,50,2,33,50,0,0,0,0,0,0,207,99,27,171,0,0,0,0,0,1
1,3,12,11,10,112,151,253,0,0,0,0,0,0,0,0,0,0,0,0,0,0,0,0,0,0,0,0,0,0,1
1,65,5,13,10,32,2,253,22,0,0,0,0,0,0,0,0,0,0,0,0,0,0,0,0,0,0,0,0,0,1
10,3,5,11,1,179,146,253,0,0,0,0,0,0,0,0,0,0,0,0,0,0,0,0,0,0,0,0,0,0,1
10,65,13,14,1,32,3,253,153,169,0,0,0,0,0,0,0,0,0,0,0,0,0,0,0,0,0,0,0,0,1
1,3,13,11,10,71,167,253,0,0,0,0,0,0,0,0,0,0,0,0,0,0,0,0,0,0,0,0,0,0,1
1,65,14,17,16,86,1,253,2,77,38,55,246,0,0,0,0,0,0,0,0,0,0,0,0,0,0,0,0,0,1
16,3,14,11,1,1,151,253,0,0,0,0,0,0,0,0,0,0,0,0,0,0,0,0,0,0,0,0,0,0,1
16,65,10,18,1,86,1,253,3,0,140,88,126,135,0,0,0,0,0,0,0,0,0,0,0,0,0,0,0,0,1
1,3,10,11,16,113,76,253,0,0,0,0,0,0,0,0,0,0,0,0,0,0,0,0,0,0,0,0,0,0,1
1,65,2,17,9,86,1,253,2,77,38,158,81,0,0,0,0,0,0,0,0,0,0,0,0,0,0,0,0,0,1
9,3,2,11,1,216,208,253,0,0,0,0,0,0,0,0,0,0,0,0,0,0,0,0,0,0,0,0,0,0,1
9,65,1,18,1,86,1,253,3,0,140,88,170,142,0,0,0,0,0,0,0,0,0,0,0,0,0,0,0,0,1
1,3,1,11,9,2,165,253,0,0,0,0,0,0,0,0,0,0,0,0,0,0,0,0,0,0,0,0,0,0,1
1,65,6,13,13,32,2,253,84,0,0,0,0,0,0,0,0,0,0,0,0,0,0,0,0,0,0,0,0,0,1
13,3,6,11,1,141,22,253,0,0,0,0,0,0,0,0,0,0,0,0,0,0,0,0,0,0,0,0,0,0,1
13,65,13,14,1,32,3,253,94,177,0,0,0,0,0,0,0,0,0,0,0,0,0,0,0,0,0,0,0,0,1
1,3,13,11,13,55,64,253,0,0,0,0,0,0,0,0,0,0,0,0,0,0,0,0,0,0,0,0,0,0,1
7,3,6,10,1,65,0,253,0,0,0,0,0,0,0,0,0,0,0,0,0,0,0,0,0,0,0,0,0,0,1
1,3,1,10,7,70,0,253,0,0,0,0,0,0,0,0,0,0,0,0,0,0,0,0,0,0,0,0,0,0,1
1,65,6,13,10,32,2,253,196,0,0,0,0,0,0,0,0,0,0,0,0,0,0,0,0,0,0,0,0,0,1
10,3,6,11,1,234,194,253,0,0,0,0,0,0,0,0,0,0,0,0,0,0,0,0,0,0,0,0,0,0,1
10,65,14,14,1,32,3,253,87,73,0,0,0,0,0,0,0,0,0,0,0,0,0,0,0,0,0,0,0,0,1
1,3,14,11,10,30,247,253,0,0,0,0,0,0,0,0,0,0,0,0,0,0,0,0,0,0,0,0,0,0,1
1,65,15,17,16,86,1,253,2,77,38,220,213,0,0,0,0,0,0,0,0,0,0,0,0,0,0,0,0,0,1
16,3,15,11,1,54,167,253,0,0,0,0,0,0,0,0,0,0,0,0,0,0,0,0,0,0,0,0,0,0,1
16,65,11,18,1,86,1,253,3,0,140,88,17,194,0,0,0,0,0,0,0,0,0,0,0,0,0,0,0,0,1
1,3,11,11,16,70,124,253,0,0,0,0,0,0,0,0,0,0,0,0,0,0,0,0,0,0,0,0,0,0,1
11,65,1,12,1,132,7,253,0,0,0,0,0,0,0,0,0,0,0,0,0,0,0,0,0,0,0,0,0,0,1
1,3,1,10,11,74,0,253,0,0,0,0,0,0,0,0,0,0,0,0,0,0,0,0,0,0,0,0,0,0,1
1,65,7,12,11,132,8,253,0,0,0,0,0,0,0,0,0,0,0,0,0,0,0,0,0,0,0,0,0,0,1
11,3,7,10,1,76,0,253,0,0,0,0,0,0,0,0,0,0,0,0,0,0,0,0,0,0,0,0,0,0,1
12,65,1,12,1,132,7,253,0,0,0,0,0,0,0,0,0,0,0,0,0,0,0,0,0,0,0,0,0,0,1
1,3,1,10,12,77,0,253,0,0,0,0,0,0,0,0,0,0,0,0,0,0,0,0,0,0,0,0,0,0,1
1,65,8,12,12,132,8,253,0,0,0,0,0,0,0,0,0,0,0,0,0,0,0,0,0,0,0,0,0,0,1
12,3,8,10,1,68,0,253,0,0,0,0,0,0,0,0,0,0,0,0,0,0,0,0,0,0,0,0,0,0,1
1,65,3,17,9,86,1,253,2,77,38,117,114,0,0,0,0,0,0,0,0,0,0,0,0,0,0,0,0,0,1
9,3,3,11,1,239,224,253,0,0,0,0,0,0,0,0,0,0,0,0,0,0,0,0,0,0,0,0,0,0,1
9,65,2,18,1,86,1,253,3,0,140,88,27,65,0,0,0,0,0,0,0,0,0,0,0,0,0,0,0,0,1
1,3,2,11,9,91,245,253,0,0,0,0,0,0,0,0,0,0,0,0,0,0,0,0,0,0,0,0,0,0,1
1,65,7,13,13,32,2,253,5,0,0,0,0,0,0,0,0,0,0,0,0,0,0,0,0,0,0,0,0,0,1
13,3,7,11,1,186,38,253,0,0,0,0,0,0,0,0,0,0,0,0,0,0,0,0,0,0,0,0,0,0,1
13,65,14,14,1,32,3,253,144,81,0,0,0,0,0,0,0,0,0,0,0,0,0,0,0,0,0,0,0,0,1
1,3,14,11,13,110,16,253,0,0,0,0,0,0,0,0,0,0,0,0,0,0,0,0,0,0,0,0,0,0,1
1,65,7,13,10,32,2,253,149,0,0,0,0,0,0,0,0,0,0,0,0,0,0,0,0,0,0,0,0,0,1
10,3,7,11,1,221,242,253,0,0,0,0,0,0,0,0,0,0,0,0,0,0,0,0,0,0,0,0,0,0,1
10,65,15,14,1,32,3,253,18,233,0,0,0,0,0,0,0,0,0,0,0,0,0,0,0,0,0,0,0,0,1
1,3,15,11,10,41,199,253,0,0,0,0,0,0,0,0,0,0,0,0,0,0,0,0,0,0,0,0,0,0,1
1,65,1,17,16,86,1,253,2,77,38,175,162,0,0,0,0,0,0,0,0,0,0,0,0,0,0,0,0,0,1
16,3,1,11,1,45,166,253,0,0,0,0,0,0,0,0,0,0,0,0,0,0,0,0,0,0,0,0,0,0,1
16,65,12,18,1,86,1,253,3,0,140,88,13,56,0,0,0,0,0,0,0,0,0,0,0,0,0,0,0,0,1
1,3,12,11,16,195,236,253,0,0,0,0,0,0,0,0,0,0,0,0,0,0,0,0,0,0,0,0,0,0,1
1,65,4,17,9,86,1,253,2,77,38,196,217,0,0,0,0,0,0,0,0,0,0,0,0,0,0,0,0,0,1
9,3,4,11,1,106,112,253,0,0,0,0,0,0,0,0,0,0,0,0,0,0,0,0,0,0,0,0,0,0,1
9,65,3,18,1,86,1,253,3,0,140,88,116,4,0,0,0,0,0,0,0,0,0,0,0,0,0,0,0,0,1
1,3,3,11,9,108,197,253,0,0,0,0,0,0,0,0,0,0,0,0,0,0,0,0,0,0,0,0,0,0,1
1,65,8,13,13,32,2,253,252,0,0,0,0,0,0,0,0,0,0,0,0,0,0,0,0,0,0,0,0,0,1
13,3,8,11,1,150,23,253,0,0,0,0,0,0,0,0,0,0,0,0,0,0,0,0,0,0,0,0,0,0,1
13,65,15,14,1,32,3,253,213,241,0,0,0,0,0,0,0,0,0,0,0,0,0,0,0,0,0,0,0,0,1
1,3,15,11,13,89,32,253,0,0,0,0,0,0,0,0,0,0,0,0,0,0,0,0,0,0,0,0,0,0,1
1,65,11,13,10,32,2,253,190,0,0,0,0,0,0,0,0,0,0,0,0,0,0,0,0,0,0,0,0,0,1
10,3,11,11,1,168,147,253,0,0,0,0,0,0,0,0,0,0,0,0,0,0,0,0,0,0,0,0,0,0,1
10,65,1,14,1,32,3,253,146,74,0,0,0,0,0,0,0,0,0,0,0,0,0,0,0,0,0,0,0,0,1
1,3,1,11,10,50,198,253,0,0,0,0,0,0,0,0,0,0,0,0,0,0,0,0,0,0,0,0,0,0,1
17,65,1,17,1,49,5,253,42,2,133,157,60,0,0,0,0,0,0,0,0,0,0,0,0,0,0,0,0,0,1
1,3,1,11,17,145,156,253,0,0,0,0,0,0,0,0,0,0,0,0,0,0,0,0,0,0,0,0,0,0,1
17,65,2,16,1,49,5,253,1,24,247,249,0,0,0,0,0,0,0,0,0,0,0,0,0,0,0,0,0,0,1
1,3,2,11,17,200,204,253,0,0,0,0,0,0,0,0,0,0,0,0,0,0,0,0,0,0,0,0,0,0,1
17,65,3,17,1,49,5,253,10,0,0,151,186,0,0,0,0,0,0,0,0,0,0,0,0,0,0,0,0,0,1
1,3,3,11,17,255,252,253,0,0,0,0,0,0,0,0,0,0,0,0,0,0,0,0,0,0,0,0,0,0,1
17,65,4,16,1,49,5,253,1,0,188,105,0,0,0,0,0,0,0,0,0,0,0,0,0,0,0,0,0,0,1
1,3,4,11,17,122,108,253,0,0,0,0,0,0,0,0,0,0,0,0,0,0,0,0,0,0,0,0,0,0,1
17,65,5,13,1,132,7,253,131,0,0,0,0,0,0,0,0,0,0,0,0,0,0,0,0,0,0,0,0,0,1
1,3,5,11,17,77,92,253,0,0,0,0,0,0,0,0,0,0,0,0,0,0,0,0,0,0,0,0,0,0,1
1,65,15,13,17,132,8,253,218,0,0,0,0,0,0,0,0,0,0,0,0,0,0,0,0,0,0,0,0,0,1
17,3,15,11,1,156,246,253,0,0,0,0,0,0,0,0,0,0,0,0,0,0,0,0,0,0,0,0,0,0,1
1,65,6,17,16,86,1,253,2,77,38,30,9,0,0,0,0,0,0,0,0,0,0,0,0,0,0,0,0,0,1
16,3,6,11,1,168,54,253,0,0,0,0,0,0,0,0,0,0,0,0,0,0,0,0,0,0,0,0,0,0,1
16,65,13,18,1,86,1,253,3,0,140,88,98,125,0,0,0,0,0,0,0,0,0,0,0,0,0,0,0,0,1
1,3,13,11,16,244,220,253,0,0,0,0,0,0,0,0,0,0,0,0,0,0,0,0,0,0,0,0,0,0,1
1,65,9,12,8,37,2,253,0,0,0,0,0,0,0,0,0,0,0,0,0,0,0,0,0,0,0,0,0,0,1
1,65,9,12,8,37,2,253,0,0,0,0,0,0,0,0,0,0,0,0,0,0,0,0,0,0,0,0,0,0,1
1,65,9,12,8,37,2,253,0,0,0,0,0,0,0,0,0,0,0,0,0,0,0,0,0,0,0,0,0,0,1
1,65,10,12,8,37,2,253,0,0,0,0,0,0,0,0,0,0,0,0,0,0,0,0,0,0,0,0,0,0,1
8,3,10,10,1,66,0,253,0,0,0,0,0,0,0,0,0,0,0,0,0,0,0,0,0,0,0,0,0,0,1
8,65,65,13,1,37,3,253,106,0,0,0,0,0,0,0,0,0,0,0,0,0,0,0,0,0,0,0,0,0,1
1,3,1,10,8,73,0,253,0,0,0,0,0,0,0,0,0,0,0,0,0,0,0,0,0,0,0,0,0,0,1
1,65,9,17,9,86,1,253,2,77,38,154,234,0,0,0,0,0,0,0,0,0,0,0,0,0,0,0,0,0,1
9,3,9,11,1,40,33,253,0,0,0,0,0,0,0,0,0,0,0,0,0,0,0,0,0,0,0,0,0,0,1
9,65,4,18,1,86,1,253,3,0,140,88,104,254,0,0,0,0,0,0,0,0,0,0,0,0,0,0,0,0,1
1,3,4,11,9,233,85,253,0,0,0,0,0,0,0,0,0,0,0,0,0,0,0,0,0,0,0,0,0,0,1
1,65,11,12,15,49,4,253,0,0,0,0,0,0,0,0,0,0,0,0,0,0,0,0,0,0,0,0,0,0,1
1,65,11,12,15,49,4,253,0,0,0,0,0,0,0,0,0,0,0,0,0,0,0,0,0,0,0,0,0,0,1
1,65,11,12,15,49,4,253,0,0,0,0,0,0,0,0,0,0,0,0,0,0,0,0,0,0,0,0,0,0,1
1,129,12,16,15,0,32,253,13,49,4,211,0,0,0,0,0,0,0,0,0,0,0,0,0,0,0,0,0,0,1
1,129,12,16,15,0,33,253,13,49,4,210,0,0,0,0,0,0,0,0,0,0,0,0,0,0,0,0,0,0,1
1,129,12,16,15,0,34,253,13,49,4,209,0,0,0,0,0,0,0,0,0,0,0,0,0,0,0,0,0,0,1
1,129,12,16,15,0,34,253,13,49,4,209,0,0,0,0,0,0,0,0,0,0,0,0,0,0,0,0,0,0,1
1,129,12,16,15,0,34,253,13,49,4,209,0,0,0,0,0,0,0,0,0,0,0,0,0,0,0,0,0,0,1
15,129,12,14,1,37,32,253,13,221,0,0,0,0,0,0,0,0,0,0,0,0,0,0,0,0,0,0,0,0,1
15,193,12,14,1,37,47,253,13,146,0,0,0,0,0,0,0,0,0,0,0,0,0,0,0,0,0,0,0,0,1
1,3,12,10,16,92,0,253,0,0,0,0,0,0,0,0,0,0,0,0,0,0,0,0,0,0,0,0,0,0,1
1,129,13,16,15,0,32,253,9,49,4,214,0,0,0,0,0,0,0,0,0,0,0,0,0,0,0,0,0,0,1
1,129,13,16,15,0,33,253,9,49,4,215,0,0,0,0,0,0,0,0,0,0,0,0,0,0,0,0,0,0,1
1,129,13,16,15,0,34,253,9,49,4,212,0,0,0,0,0,0,0,0,0,0,0,0,0,0,0,0,0,0,1
1,129,13,16,15,0,34,253,9,49,4,212,0,0,0,0,0,0,0,0,0,0,0,0,0,0,0,0,0,0,1
1,129,13,16,15,0,34,253,9,49,4,212,0,0,0,0,0,0,0,0,0,0,0,0,0,0,0,0,0,0,1
15,129,13,14,1,37,32,253,9,216,0,0,0,0,0,0,0,0,0,0,0,0,0,0,0,0,0,0,0,0,1
15,193,13,14,1,37,47,253,9,151,0,0,0,0,0,0,0,0,0,0,0,0,0,0,0,0,0,0,0,0,1
1,3,13,10,16,93,0,253,0,0,0,0,0,0,0,0,0,0,0,0,0,0,0,0,0,0,0,0,0,0,1
1,129,14,15,15,0,16,253,49,4,238,0,0,0,0,0,0,0,0,0,0,0,0,0,0,0,0,0,0,0,1
1,129,14,15,15,0,17,253,49,4,239,0,0,0,0,0,0,0,0,0,0,0,0,0,0,0,0,0,0,0,1
1,129,14,15,15,0,17,253,49,4,239,0,0,0,0,0,0,0,0,0,0,0,0,0,0,0,0,0,0,0,1
1,129,14,15,15,0,17,253,49,4,239,0,0,0,0,0,0,0,0,0,0,0,0,0,0,0,0,0,0,0,1
15,193,14,13,1,21,31,253,131,0,0,0,0,0,0,0,0,0,0,0,0,0,0,0,0,0,0,0,0,0,1
1,3,14,10,13,67,0,253,0,0,0,0,0,0,0,0,0,0,0,0,0,0,0,0,0,0,0,0,0,0,1
1,129,15,16,15,0,32,253,10,49,4,202,0,0,0,0,0,0,0,0,0,0,0,0,0,0,0,0,0,0,1
1,129,15,16,15,0,33,253,10,49,4,203,0,0,0,0,0,0,0,0,0,0,0,0,0,0,0,0,0,0,1
1,129,15,16,15,0,34,253,10,49,4,200,0,0,0,0,0,0,0,0,0,0,0,0,0,0,0,0,0,0,1
1,129,15,16,15,0,34,253,10,49,4,200,0,0,0,0,0,0,0,0,0,0,0,0,0,0,0,0,0,0,1
1,129,15,16,15,0,34,253,10,49,4,200,0,0,0,0,0,0,0,0,0,0,0,0,0,0,0,0,0,0,1
15,129,15,14,1,37,32,253,10,196,0,0,0,0,0,0,0,0,0,0,0,0,0,0,0,0,0,0,0,0,1
15,193,15,14,1,37,47,253,10,139,0,0,0,0,0,0,0,0,0,0,0,0,0,0,0,0,0,0,0,0,1
1,3,15,10,13,66,0,253,0,0,0,0,0,0,0,0,0,0,0,0,0,0,0,0,0,0,0,0,0,0,1
1,129,1,15,15,0,16,253,49,4,230,0,0,0,0,0,0,0,0,0,0,0,0,0,0,0,0,0,0,0,1
1,129,1,15,15,0,17,253,49,4,231,0,0,0,0,0,0,0,0,0,0,0,0,0,0,0,0,0,0,0,1
1,129,1,15,15,0,17,253,49,4,231,0,0,0,0,0,0,0,0,0,0,0,0,0,0,0,0,0,0,0,1
1,129,1,15,15,0,17,253,49,4,231,0,0,0,0,0,0,0,0,0,0,0,0,0,0,0,0,0,0,0,1
15,193,1,13,1,21,31,253,139,0,0,0,0,0,0,0,0,0,0,0,0,0,0,0,0,0,0,0,0,0,1
1,3,1,10,10,75,0,253,0,0,0,0,0,0,0,0,0,0,0,0,0,0,0,0,0,0,0,0,0,0,1
1,65,12,12,15,49,4,253,0,0,0,0,0,0,0,0,0,0,0,0,0,0,0,0,0,0,0,0,0,0,1
1,65,12,12,15,49,4,253,0,0,0,0,0,0,0,0,0,0,0,0,0,0,0,0,0,0,0,0,0,0,1
1,65,12,12,15,49,4,253,0,0,0,0,0,0,0,0,0,0,0,0,0,0,0,0,0,0,0,0,0,0,1
1,69,2,20,15,32,0,253,64,0,0,0,0,49,4,186,0,0,0,0,0,0,0,0,0,0,0,0,0,0,1
1,69,2,20,15,32,0,253,49,13,0,0,0,49,4,198,0,0,0,0,0,0,0,0,0,0,0,0,0,0,1
1,69,2,20,15,32,0,253,49,18,0,0,0,49,4,217,0,0,0,0,0,0,0,0,0,0,0,0,0,0,1
1,69,2,20,15,32,0,253,49,9,0,0,0,49,4,194,0,0,0,0,0,0,0,0,0,0,0,0,0,0,1
1,69,2,20,15,32,0,253,49,16,0,0,0,49,4,219,0,0,0,0,0,0,0,0,0,0,0,0,0,0,1
1,69,2,20,15,32,0,253,49,10,0,0,0,49,4,193,0,0,0,0,0,0,0,0,0,0,0,0,0,0,1
1,65,13,13,13,32,2,253,171,0,0,0,0,0,0,0,0,0,0,0,0,0,0,0,0,0,0,0,0,0,1
13,3,13,11,1,125,231,253,0,0,0,0,0,0,0,0,0,0,0,0,0,0,0,0,0,0,0,0,0,0,1
13,65,1,14,1,32,3,253,85,82,0,0,0,0,0,0,0,0,0,0,0,0,0,0,0,0,0,0,0,0,1
1,3,1,11,13,66,33,253,0,0,0,0,0,0,0,0,0,0,0,0,0,0,0,0,0,0,0,0,0,0,1
10,65,2,33,1,86,1,253,13,1,0,50,2,33,68,0,0,0,0,0,0,0,0,0,0,7,90,124,110,0,1
1,3,2,11,10,107,150,253,0,0,0,0,0,0,0,0,0,0,0,0,0,0,0,0,0,0,0,0,0,0,1
10,65,3,33,1,86,1,253,13,2,0,50,2,33,68,0,0,0,20,0,0,0,0,0,0,25,170,57,218,0,1
1,3,3,11,10,92,166,253,0,0,0,0,0,0,0,0,0,0,0,0,0,0,0,0,0,0,0,0,0,0,1
10,65,4,29,1,86,1,253,13,1,0,50,2,33,50,0,0,0,0,0,0,202,252,212,221,0,0,0,0,0,1
1,3,4,11,10,217,54,253,0,0,0,0,0,0,0,0,0,0,0,0,0,0,0,0,0,0,0,0,0,0,1
10,65,5,29,1,86,1,253,13,2,0,50,2,33,50,0,0,0,0,0,0,207,99,1,43,0,0,0,0,0,1
1,3,5,11,10,238,6,253,0,0,0,0,0,0,0,0,0,0,0,0,0,0,0,0,0,0,0,0,0,0,1
1,65,13,13,10,32,2,253,59,0,0,0,0,0,0,0,0,0,0,0,0,0,0,0,0,0,0,0,0,0,1
10,3,13,11,1,26,51,253,0,0,0,0,0,0,0,0,0,0,0,0,0,0,0,0,0,0,0,0,0,0,1
10,65,6,14,1,32,3,253,90,11,0,0,0,0,0,0,0,0,0,0,0,0,0,0,0,0,0,0,0,0,1
1,3,6,11,10,183,86,253,0,0,0,0,0,0,0,0,0,0,0,0,0,0,0,0,0,0,0,0,0,0,1
1,65,7,17,16,86,1,253,2,77,38,245,42,0,0,0,0,0,0,0,0,0,0,0,0,0,0,0,0,0,1
16,3,7,11,1,159,6,253,0,0,0,0,0,0,0,0,0,0,0,0,0,0,0,0,0,0,0,0,0,0,1
16,65,14,18,1,86,1,253,3,0,140,88,211,178,0,0,0,0,0,0,0,0,0,0,0,0,0,0,0,0,1
1,3,14,11,16,173,140,253,0,0,0,0,0,0,0,0,0,0,0,0,0,0,0,0,0,0,0,0,0,0,1
1,65,10,17,9,86,1,253,2,77,38,183,174,0,0,0,0,0,0,0,0,0,0,0,0,0,0,0,0,0,1
9,3,10,11,1,113,113,253,0,0,0,0,0,0,0,0,0,0,0,0,0,0,0,0,0,0,0,0,0,0,1
9,65,5,18,1,86,1,253,3,0,140,88,7,187,0,0,0,0,0,0,0,0,0,0,0,0,0,0,0,0,1
1,3,5,11,9,222,101,253,0,0,0,0,0,0,0,0,0,0,0,0,0,0,0,0,0,0,0,0,0,0,1
1,65,14,13,13,32,2,253,121,0,0,0,0,0,0,0,0,0,0,0,0,0,0,0,0,0,0,0,0,0,1
13,3,14,11,1,36,183,253,0,0,0,0,0,0,0,0,0,0,0,0,0,0,0,0,0,0,0,0,0,0,1
13,65,2,14,1,32,3,253,155,178,0,0,0,0,0,0,0,0,0,0,0,0,0,0,0,0,0,0,0,0,1
1,3,2,11,13,27,113,253,0,0,0,0,0,0,0,0,0,0,0,0,0,0,0,0,0,0,0,0,0,0,1
7,3,14,10,1,73,0,253,0,0,0,0,0,0,0,0,0,0,0,0,0,0,0,0,0,0,0,0,0,0,1
1,3,1,10,7,70,0,253,0,0,0,0,0,0,0,0,0,0,0,0,0,0,0,0,0,0,0,0,0,0,1
1,65,14,13,10,32,2,253,233,0,0,0,0,0,0,0,0,0,0,0,0,0,0,0,0,0,0,0,0,0,1
10,3,14,11,1,67,99,253,0,0,0,0,0,0,0,0,0,0,0,0,0,0,0,0,0,0,0,0,0,0,1
10,65,7,14,1,32,3,253,31,171,0,0,0,0,0,0,0,0,0,0,0,0,0,0,0,0,0,0,0,0,1
1,3,7,11,10,128,102,253,0,0,0,0,0,0,0,0,0,0,0,0,0,0,0,0,0,0,0,0,0,0,1
1,65,8,17,16,86,1,253,2,77,38,109,126,0,0,0,0,0,0,0,0,0,0,0,0,0,0,0,0,0,1
16,3,8,11,1,179,55,253,0,0,0,0,0,0,0,0,0,0,0,0,0,0,0,0,0,0,0,0,0,0,1
16,65,15,18,1,86,1,253,3,0,140,88,188,247,0,0,0,0,0,0,0,0,0,0,0,0,0,0,0,0,1
1,3,15,11,16,154,188,253,0,0,0,0,0,0,0,0,0,0,0,0,0,0,0,0,0,0,0,0,0,0,1
1,65,12,17,9,86,1,253,2,77,38,237,38,0,0,0,0,0,0,0,0,0,0,0,0,0,0,0,0,0,1
9,3,12,11,1,195,209,253,0,0,0,0,0,0,0,0,0,0,0,0,0,0,0,0,0,0,0,0,0,0,1
9,65,6,18,1,86,1,253,3,0,140,88,182,116,0,0,0,0,0,0,0,0,0,0,0,0,0,0,0,0,1
1,3,6,11,9,135,53,253,0,0,0,0,0,0,0,0,0,0,0,0,0,0,0,0,0,0,0,0,0,0,1
1,65,15,13,13,32,2,253,40,0,0,0,0,0,0,0,0,0,0,0,0,0,0,0,0,0,0,0,0,0,1
13,3,15,11,1,19,135,253,0,0,0,0,0,0,0,0,0,0,0,0,0,0,0,0,0,0,0,0,0,0,1
13,65,3,14,1,32,3,253,222,18,0,0,0,0,0,0,0,0,0,0,0,0,0,0,0,0,0,0,0,0,1
1,3,3,11,13,44,65,253,0,0,0,0,0,0,0,0,0,0,0,0,0,0,0,0,0,0,0,0,0,0,1
11,65,1,12,1,132,7,253,0,0,0,0,0,0,0,0,0,0,0,0,0,0,0,0,0,0,0,0,0,0,1
1,3,1,10,11,74,0,253,0,0,0,0,0,0,0,0,0,0,0,0,0,0,0,0,0,0,0,0,0,0,1
1,65,15,12,11,132,8,253,0,0,0,0,0,0,0,0,0,0,0,0,0,0,0,0,0,0,0,0,0,0,1
11,3,15,10,1,68,0,253,0,0,0,0,0,0,0,0,0,0,0,0,0,0,0,0,0,0,0,0,0,0,1
12,65,1,12,1,132,7,253,0,0,0,0,0,0,0,0,0,0,0,0,0,0,0,0,0,0,0,0,0,0,1
1,3,1,10,12,77,0,253,0,0,0,0,0,0,0,0,0,0,0,0,0,0,0,0,0,0,0,0,0,0,1
1,65,15,13,10,32,2,253,184,0,0,0,0,0,0,0,0,0,0,0,0,0,0,0,0,0,0,0,0,0,1
10,3,15,11,1,116,83,253,0,0,0,0,0,0,0,0,0,0,0,0,0,0,0,0,0,0,0,0,0,0,1
10,65,8,14,1,32,3,253,218,168,0,0,0,0,0,0,0,0,0,0,0,0,0,0,0,0,0,0,0,0,1
1,3,8,11,10,172,87,253,0,0,0,0,0,0,0,0,0,0,0,0,0,0,0,0,0,0,0,0,0,0,1
1,65,1,12,12,132,8,253,0,0,0,0,0,0,0,0,0,0,0,0,0,0,0,0,0,0,0,0,0,0,1
12,3,1,10,1,77,0,253,0,0,0,0,0,0,0,0,0,0,0,0,0,0,0,0,0,0,0,0,0,0,1
1,65,9,17,16,86,1,253,2,77,38,134,93,0,0,0,0,0,0,0,0,0,0,0,0,0,0,0,0,0,1
16,3,9,11,1,132,7,253,0,0,0,0,0,0,0,0,0,0,0,0,0,0,0,0,0,0,0,0,0,0,1
16,65,1,18,1,86,1,253,3,0,140,88,133,3,0,0,0,0,0,0,0,0,0,0,0,0,0,0,0,0,1
1,3,1,11,16,129,189,253,0,0,0,0,0,0,0,0,0,0,0,0,0,0,0,0,0,0,0,0,0,0,1
1,65,13,17,9,86,1,253,2,77,38,6,5,0,0,0,0,0,0,0,0,0,0,0,0,0,0,0,0,0,1
9,3,13,11,1,244,225,253,0,0,0,0,0,0,0,0,0,0,0,0,0,0,0,0,0,0,0,0,0,0,1
9,65,7,18,1,86,1,253,3,0,140,88,217,49,0,0,0,0,0,0,0,0,0,0,0,0,0,0,0,0,1
1,3,7,11,9,176,5,253,0,0,0,0,0,0,0,0,0,0,0,0,0,0,0,0,0,0,0,0,0,0,1
1,65,1,13,13,32,2,253,128,0,0,0,0,0,0,0,0,0,0,0,0,0,0,0,0,0,0,0,0,0,1
13,3,1,11,1,8,134,253,0,0,0,0,0,0,0,0,0,0,0,0,0,0,0,0,0,0,0,0,0,0,1
13,65,4,14,1,32,3,253,22,83,0,0,0,0,0,0,0,0,0,0,0,0,0,0,0,0,0,0,0,0,1
1,3,4,11,13,169,209,253,0,0,0,0,0,0,0,0,0,0,0,0,0,0,0,0,0,0,0,0,0,0,1
1,65,1,13,10,32,2,253,16,0,0,0,0,0,0,0,0,0,0,0,0,0,0,0,0,0,0,0,0,0,1
10,3,1,11,1,111,82,253,0,0,0,0,0,0,0,0,0,0,0,0,0,0,0,0,0,0,0,0,0,0,1
10,65,9,14,1,32,3,253,159,8,0,0,0,0,0,0,0,0,0,0,0,0,0,0,0,0,0,0,0,0,1
1,3,9,11,10,155,103,253,0,0,0,0,0,0,0,0,0,0,0,0,0,0,0,0,0,0,0,0,0,0,1
17,65,1,17,1,49,5,253,42,2,129,221,184,0,0,0,0,0,0,0,0,0,0,0,0,0,0,0,0,0,1
1,3,1,11,17,145,156,253,0,0,0,0,0,0,0,0,0,0,0,0,0,0,0,0,0,0,0,0,0,0,1
17,65,2,16,1,49,5,253,1,25,231,216,0,0,0,0,0,0,0,0,0,0,0,0,0,0,0,0,0,0,1
1,3,2,11,17,200,204,253,0,0,0,0,0,0,0,0,0,0,0,0,0,0,0,0,0,0,0,0,0,0,1
17,65,3,17,1,49,5,253,10,0,0,151,186,0,0,0,0,0,0,0,0,0,0,0,0,0,0,0,0,0,1
1,3,3,11,17,255,252,253,0,0,0,0,0,0,0,0,0,0,0,0,0,0,0,0,0,0,0,0,0,0,1
17,65,4,16,1,49,5,253,1,0,188,105,0,0,0,0,0,0,0,0,0,0,0,0,0,0,0,0,0,0,1
1,3,4,11,17,122,108,253,0,0,0,0,0,0,0,0,0,0,0,0,0,0,0,0,0,0,0,0,0,0,1
17,65,5,13,1,132,7,253,131,0,0,0,0,0,0,0,0,0,0,0,0,0,0,0,0,0,0,0,0,0,1
1,3,5,11,17,77,92,253,0,0,0,0,0,0,0,0,0,0,0,0,0,0,0,0,0,0,0,0,0,0,1
1,65,3,13,17,132,8,253,241,0,0,0,0,0,0,0,0,0,0,0,0,0,0,0,0,0,0,0,0,0,1
17,3,3,11,1,233,151,253,0,0,0,0,0,0,0,0,0,0,0,0,0,0,0,0,0,0,0,0,0,0,1
1,65,11,17,16,86,1,253,2,77,38,64,58,0,0,0,0,0,0,0,0,0,0,0,0,0,0,0,0,0,1
16,3,11,11,1,234,103,253,0,0,0,0,0,0,0,0,0,0,0,0,0,0,0,0,0,0,0,0,0,0,1
16,65,2,18,1,86,1,253,3,0,140,88,52,204,0,0,0,0,0,0,0,0,0,0,0,0,0,0,0,0,1
1,3,2,11,16,216,237,253,0,0,0,0,0,0,0,0,0,0,0,0,0,0,0,0,0,0,0,0,0,0,1
1,65,15,17,9,86,1,253,2,77,38,192,98,0,0,0,0,0,0,0,0,0,0,0,0,0,0,0,0,0,1
9,3,15,11,1,154,129,253,0,0,0,0,0,0,0,0,0,0,0,0,0,0,0,0,0,0,0,0,0,0,1
9,65,8,18,1,86,1,253,3,0,140,88,143,128,0,0,0,0,0,0,0,0,0,0,0,0,0,0,0,0,1
1,3,8,11,9,156,52,253,0,0,0,0,0,0,0,0,0,0,0,0,0,0,0,0,0,0,0,0,0,0,1
1,65,3,13,13,32,2,253,3,0,0,0,0,0,0,0,0,0,0,0,0,0,0,0,0,0,0,0,0,0,1
13,3,3,11,1,102,230,253,0,0,0,0,0,0,0,0,0,0,0,0,0,0,0,0,0,0,0,0,0,0,1
13,65,5,14,1,32,3,253,83,243,0,0,0,0,0,0,0,0,0,0,0,0,0,0,0,0,0,0,0,0,1
1,3,5,11,13,158,225,253,0,0,0,0,0,0,0,0,0,0,0,0,0,0,0,0,0,0,0,0,0,0,1
10,65,10,33,1,86,1,253,13,1,0,50,2,33,68,0,0,0,0,0,0,0,0,0,0,7,90,113,140,0,1
1,3,10,11,10,194,55,253,0,0,0,0,0,0,0,0,0,0,0,0,0,0,0,0,0,0,0,0,0,0,1
10,65,11,33,1,86,1,253,13,2,0,50,2,33,68,0,0,0,20,0,0,0,0,0,0,25,170,52,56,0,1
1,3,11,11,10,245,7,253,0,0,0,0,0,0,0,0,0,0,0,0,0,0,0,0,0,0,0,0,0,0,1
10,65,12,29,1,86,1,253,13,1,0,50,2,33,50,0,0,0,0,0,0,202,252,27,171,0,0,0,0,0,1
1,3,12,11,10,112,151,253,0,0,0,0,0,0,0,0,0,0,0,0,0,0,0,0,0,0,0,0,0,0,1
10,65,13,29,1,86,1,253,13,2,0,50,2,33,50,0,0,0,0,0,0,207,99,206,93,0,0,0,0,0,1
1,3,13,11,10,71,167,253,0,0,0,0,0,0,0,0,0,0,0,0,0,0,0,0,0,0,0,0,0,0,1
1,65,6,13,10,32,2,253,196,0,0,0,0,0,0,0,0,0,0,0,0,0,0,0,0,0,0,0,0,0,1
10,3,6,11,1,234,194,253,0,0,0,0,0,0,0,0,0,0,0,0,0,0,0,0,0,0,0,0,0,0,1
10,65,14,14,1,32,3,253,87,73,0,0,0,0,0,0,0,0,0,0,0,0,0,0,0,0,0,0,0,0,1
1,3,14,11,10,30,247,253,0,0,0,0,0,0,0,0,0,0,0,0,0,0,0,0,0,0,0,0,0,0,1
1,65,15,17,16,86,1,253,2,77,38,220,213,0,0,0,0,0,0,0,0,0,0,0,0,0,0,0,0,0,1
16,3,15,11,1,54,167,253,0,0,0,0,0,0,0,0,0,0,0,0,0,0,0,0,0,0,0,0,0,0,1
16,65,3,18,1,86,1,253,3,0,140,88,91,137,0,0,0,0,0,0,0,0,0,0,0,0,0,0,0,0,1
1,3,3,11,16,239,221,253,0,0,0,0,0,0,0,0,0,0,0,0,0,0,0,0,0,0,0,0,0,0,1
1,65,4,17,9,86,1,253,2,77,38,196,217,0,0,0,0,0,0,0,0,0,0,0,0,0,0,0,0,0,1
9,3,4,11,1,106,112,253,0,0,0,0,0,0,0,0,0,0,0,0,0,0,0,0,0,0,0,0,0,0,1
9,65,9,18,1,86,1,253,3,0,140,88,224,197,0,0,0,0,0,0,0,0,0,0,0,0,0,0,0,0,1
1,3,9,11,9,171,4,253,0,0,0,0,0,0,0,0,0,0,0,0,0,0,0,0,0,0,0,0,0,0,1
1,65,7,13,13,32,2,253,5,0,0,0,0,0,0,0,0,0,0,0,0,0,0,0,0,0,0,0,0,0,1
13,3,7,11,1,186,38,253,0,0,0,0,0,0,0,0,0,0,0,0,0,0,0,0,0,0,0,0,0,0,1
13,65,6,14,1,32,3,253,157,19,0,0,0,0,0,0,0,0,0,0,0,0,0,0,0,0,0,0,0,0,1
1,3,6,11,13,199,177,253,0,0,0,0,0,0,0,0,0,0,0,0,0,0,0,0,0,0,0,0,0,0,1
7,3,3,10,1,68,0,253,0,0,0,0,0,0,0,0,0,0,0,0,0,0,0,0,0,0,0,0,0,0,1
1,3,1,10,7,70,0,253,0,0,0,0,0,0,0,0,0,0,0,0,0,0,0,0,0,0,0,0,0,0,1
1,65,6,13,10,32,2,253,196,0,0,0,0,0,0,0,0,0,0,0,0,0,0,0,0,0,0,0,0,0,1
10,3,6,11,1,234,194,253,0,0,0,0,0,0,0,0,0,0,0,0,0,0,0,0,0,0,0,0,0,0,1
10,65,15,14,1,32,3,253,18,233,0,0,0,0,0,0,0,0,0,0,0,0,0,0,0,0,0,0,0,0,1
1,3,15,11,10,41,199,253,0,0,0,0,0,0,0,0,0,0,0,0,0,0,0,0,0,0,0,0,0,0,1
1,65,15,17,16,86,1,253,2,77,38,220,213,0,0,0,0,0,0,0,0,0,0,0,0,0,0,0,0,0,1
16,3,15,11,1,54,167,253,0,0,0,0,0,0,0,0,0,0,0,0,0,0,0,0,0,0,0,0,0,0,1
16,65,4,18,1,86,1,253,3,0,140,88,71,115,0,0,0,0,0,0,0,0,0,0,0,0,0,0,0,0,1
1,3,4,11,16,106,77,253,0,0,0,0,0,0,0,0,0,0,0,0,0,0,0,0,0,0,0,0,0,0,1
1,65,4,17,9,86,1,32,249,77,38,196,217,0,0,0,0,0,0,0,0,0,0,0,0,0,0,0,0,0,1
9,3,4,11,1,106,112,0,249,0,0,0,0,0,0,0,0,0,0,0,0,0,0,0,0,0,0,0,0,0,1
9,65,10,18,1,86,1,32,249,0,140,88,81,10,0,0,0,0,0,0,0,0,0,0,0,0,0,0,0,0,1
1,3,10,11,9,242,84,0,249,0,0,0,0,0,0,0,0,0,0,0,0,0,0,0,0,0,0,0,0,0,1
1,65,7,13,13,32,2,114,249,0,0,0,0,0,0,0,0,0,0,0,0,0,0,0,0,0,0,0,0,0,1
13,3,7,11,1,186,38,0,249,0,0,0,0,0,0,0,0,0,0,0,0,0,0,0,0,0,0,0,0,0,1
13,65,7,14,1,32,3,0,249,179,0,0,0,0,0,0,0,0,0,0,0,0,0,0,0,0,0,0,0,0,1
1,3,7,11,13,240,129,0,249,0,0,0,0,0,0,0,0,0,0,0,0,0,0,0,0,0,0,0,0,0,1
1,65,7,13,10,32,2,247,249,0,0,0,0,0,0,0,0,0,0,0,0,0,0,0,0,0,0,0,0,0,1
10,3,7,11,1,221,242,0,249,0,0,0,0,0,0,0,0,0,0,0,0,0,0,0,0,0,0,0,0,0,1
10,65,1,14,1,32,3,0,249,74,0,0,0,0,0,0,0,0,0,0,0,0,0,0,0,0,0,0,0,0,1
1,3,1,11,10,50,198,0,249,0,0,0,0,0,0,0,0,0,0,0,0,0,0,0,0,0,0,0,0,0,1
1,65,2,17,16,86,1,32,249,77,38,130,230,0,0,0,0,0,0,0,0,0,0,0,0,0,0,0,0,0,1
16,3,2,11,1,116,246,0,249,0,0,0,0,0,0,0,0,0,0,0,0,0,0,0,0,0,0,0,0,0,1
16,65,5,18,1,86,1,32,249,0,140,88,40,54,0,0,0,0,0,0,0,0,0,0,0,0,0,0,0,0,1
1,3,5,11,16,93,125,0,249,0,0,0,0,0,0,0,0,0,0,0,0,0,0,0,0,0,0,0,0,0,1
1,65,5,17,9,86,1,32,249,77,38,47,250,0,0,0,0,0,0,0,0,0,0,0,0,0,0,0,0,0,1
9,3,5,11,1,93,64,0,249,0,0,0,0,0,0,0,0,0,0,0,0,0,0,0,0,0,0,0,0,0,1
9,65,11,18,1,86,1,32,249,0,140,88,62,79,0,0,0,0,0,0,0,0,0,0,0,0,0,0,0,0,1
1,3,11,11,9,197,100,0,249,0,0,0,0,0,0,0,0,0,0,0,0,0,0,0,0,0,0,0,0,0,1
1,65,8,13,13,32,2,23,249,0,0,0,0,0,0,0,0,0,0,0,0,0,0,0,0,0,0,0,0,0,1
13,3,8,11,1,150,23,0,249,0,0,0,0,0,0,0,0,0,0,0,0,0,0,0,0,0,0,0,0,0,1
13,65,8,14,1,32,3,0,249,176,0,0,0,0,0,0,0,0,0,0,0,0,0,0,0,0,0,0,0,0,1
1,3,8,11,13,220,176,0,249,0,0,0,0,0,0,0,0,0,0,0,0,0,0,0,0,0,0,0,0,0,1
11,65,1,12,1,132,7,141,249,0,0,0,0,0,0,0,0,0,0,0,0,0,0,0,0,0,0,0,0,0,1
1,3,1,10,11,74,0,0,249,0,0,0,0,0,0,0,0,0,0,0,0,0,0,0,0,0,0,0,0,0,1
1,65,4,12,11,132,8,135,249,0,0,0,0,0,0,0,0,0,0,0,0,0,0,0,0,0,0,0,0,0,1
11,3,4,10,1,79,0,0,249,0,0,0,0,0,0,0,0,0,0,0,0,0,0,0,0,0,0,0,0,0,1
12,65,1,12,1,132,7,138,249,0,0,0,0,0,0,0,0,0,0,0,0,0,0,0,0,0,0,0,0,0,1
1,3,1,10,12,77,0,0,249,0,0,0,0,0,0,0,0,0,0,0,0,0,0,0,0,0,0,0,0,0,1
1,65,5,12,12,132,8,129,249,0,0,0,0,0,0,0,0,0,0,0,0,0,0,0,0,0,0,0,0,0,1
12,3,5,10,1,73,0,0,249,0,0,0,0,0,0,0,0,0,0,0,0,0,0,0,0,0,0,0,0,0,1
17,65,1,17,1,49,5,1,249,2,124,227,10,0,0,0,0,0,0,0,0,0,0,0,0,0,0,0,0,0,1
1,3,1,11,17,145,156,0,249,0,0,0,0,0,0,0,0,0,0,0,0,0,0,0,0,0,0,0,0,0,1
17,65,2,16,1,49,5,5,249,24,247,249,0,0,0,0,0,0,0,0,0,0,0,0,0,0,0,0,0,0,1
1,3,2,11,17,200,204,0,249,0,0,0,0,0,0,0,0,0,0,0,0,0,0,0,0,0,0,0,0,0,1
17,65,3,17,1,49,5,3,249,0,0,151,186,0,0,0,0,0,0,0,0,0,0,0,0,0,0,0,0,0,1
1,3,3,11,17,255,252,0,249,0,0,0,0,0,0,0,0,0,0,0,0,0,0,0,0,0,0,0,0,0,1
17,65,4,16,1,49,5,27,249,0,188,105,0,0,0,0,0,0,0,0,0,0,0,0,0,0,0,0,0,0,1
1,3,4,11,17,122,108,0,249,0,0,0,0,0,0,0,0,0,0,0,0,0,0,0,0,0,0,0,0,0,1
17,65,5,13,1,132,7,245,249,0,0,0,0,0,0,0,0,0,0,0,0,0,0,0,0,0,0,0,0,0,1
1,3,5,11,17,77,92,0,249,0,0,0,0,0,0,0,0,0,0,0,0,0,0,0,0,0,0,0,0,0,1
1,65,7,13,17,132,8,52,249,0,0,0,0,0,0,0,0,0,0,0,0,0,0,0,0,0,0,0,0,0,1
17,3,7,11,1,53,87,0,249,0,0,0,0,0,0,0,0,0,0,0,0,0,0,0,0,0,0,0,0,0,1
1,65,9,13,10,32,2,56,249,0,0,0,0,0,0,0,0,0,0,0,0,0,0,0,0,0,0,0,0,0,1
10,3,9,11,1,198,243,0,249,0,0,0,0,0,0,0,0,0,0,0,0,0,0,0,0,0,0,0,0,0,1
10,65,2,14,1,32,3,0,249,170,0,0,0,0,0,0,0,0,0,0,0,0,0,0,0,0,0,0,0,0,1
1,3,2,11,10,107,150,0,249,0,0,0,0,0,0,0,0,0,0,0,0,0,0,0,0,0,0,0,0,0,1
1,65,4,17,16,86,1,32,249,77,38,216,110,0,0,0,0,0,0,0,0,0,0,0,0,0,0,0,0,0,1
16,3,4,11,1,198,86,0,249,0,0,0,0,0,0,0,0,0,0,0,0,0,0,0,0,0,0,0,0,0,1
16,65,6,18,1,86,1,32,249,0,140,88,153,249,0,0,0,0,0,0,0,0,0,0,0,0,0,0,0,0,1
1,3,6,11,16,4,45,0,249,0,0,0,0,0,0,0,0,0,0,0,0,0,0,0,0,0,0,0,0,0,1
1,65,7,17,9,86,1,32,249,77,38,233,157,0,0,0,0,0,0,0,0,0,0,0,0,0,0,0,0,0,1
9,3,7,11,1,51,32,0,249,0,0,0,0,0,0,0,0,0,0,0,0,0,0,0,0,0,0,0,0,0,1
9,65,12,18,1,86,1,32,249,0,140,88,34,181,0,0,0,0,0,0,0,0,0,0,0,0,0,0,0,0,1
1,3,12,11,9,64,244,0,249,0,0,0,0,0,0,0,0,0,0,0,0,0,0,0,0,0,0,0,0,0,1
1,65,6,12,8,37,2,45,249,0,0,0,0,0,0,0,0,0,0,0,0,0,0,0,0,0,0,0,0,0,1
1,65,6,12,8,37,2,45,249,0,0,0,0,0,0,0,0,0,0,0,0,0,0,0,0,0,0,0,0,0,1
1,65,6,12,8,37,2,45,249,0,0,0,0,0,0,0,0,0,0,0,0,0,0,0,0,0,0,0,0,0,1
1,65,7,12,8,37,2,44,249,0,0,0,0,0,0,0,0,0,0,0,0,0,0,0,0,0,0,0,0,0,1
8,3,7,10,1,79,0,0,249,0,0,0,0,0,0,0,0,0,0,0,0,0,0,0,0,0,0,0,0,0,1
8,65,65,13,1,37,3,0,249,0,0,0,0,0,0,0,0,0,0,0,0,0,0,0,0,0,0,0,0,0,1
1,3,1,10,8,73,0,0,249,0,0,0,0,0,0,0,0,0,0,0,0,0,0,0,0,0,0,0,0,0,1
1,65,10,13,13,32,2,83,249,0,0,0,0,0,0,0,0,0,0,0,0,0,0,0,0,0,0,0,0,0,1
13,3,10,11,1,248,119,0,249,0,0,0,0,0,0,0,0,0,0,0,0,0,0,0,0,0,0,0,0,0,1
13,65,9,14,1,32,3,0,249,16,0,0,0,0,0,0,0,0,0,0,0,0,0,0,0,0,0,0,0,0,1
1,3,9,11,13,235,128,0,249,0,0,0,0,0,0,0,0,0,0,0,0,0,0,0,0,0,0,0,0,0,1
10,65,3,33,1,86,1,96,249,1,0,50,2,33,68,0,0,0,0,0,0,0,0,0,0,7,90,57,218,0,1
1,3,3,11,10,92,166,0,249,0,0,0,0,0,0,0,0,0,0,0,0,0,0,0,0,0,0,0,0,0,1
10,65,4,33,1,86,1,96,249,2,0,50,2,33,68,0,0,0,21,0,0,0,0,0,0,161,203,241,247,0,1
1,3,4,11,10,217,54,0,249,0,0,0,0,0,0,0,0,0,0,0,0,0,0,0,0,0,0,0,0,0,1
10,65,5,29,1,86,1,96,249,1,0,50,2,33,50,0,0,0,0,0,0,202,252,1,43,0,0,0,0,0,1
1,3,5,11,10,238,6,0,249,0,0,0,0,0,0,0,0,0,0,0,0,0,0,0,0,0,0,0,0,0,1
10,65,6,29,1,86,1,96,249,2,0,50,2,33,50,0,0,0,0,0,0,207,99,111,16,0,0,0,0,0,1
1,3,6,11,10,183,86,0,249,0,0,0,0,0,0,0,0,0,0,0,0,0,0,0,0,0,0,0,0,0,1
1,65,13,13,10,32,2,177,249,0,0,0,0,0,0,0,0,0,0,0,0,0,0,0,0,0,0,0,0,0,1
10,3,13,11,1,26,51,0,249,0,0,0,0,0,0,0,0,0,0,0,0,0,0,0,0,0,0,0,0,0,1
10,65,7,14,1,32,3,0,249,171,0,0,0,0,0,0,0,0,0,0,0,0,0,0,0,0,0,0,0,0,1
1,3,7,11,10,128,102,0,249,0,0,0,0,0,0,0,0,0,0,0,0,0,0,0,0,0,0,0,0,0,1
1,65,8,12,15,49,4,54,249,0,0,0,0,0,0,0,0,0,0,0,0,0,0,0,0,0,0,0,0,0,1
1,65,8,12,15,49,4,54,249,0,0,0,0,0,0,0,0,0,0,0,0,0,0,0,0,0,0,0,0,0,1
1,65,8,12,15,49,4,54,249,0,0,0,0,0,0,0,0,0,0,0,0,0,0,0,0,0,0,0,0,0,1
1,129,3,16,15,0,32,16,249,49,4,220,0,0,0,0,0,0,0,0,0,0,0,0,0,0,0,0,0,0,1
1,129,3,16,15,0,33,16,249,49,4,221,0,0,0,0,0,0,0,0,0,0,0,0,0,0,0,0,0,0,1
1,129,3,16,15,0,34,16,249,49,4,222,0,0,0,0,0,0,0,0,0,0,0,0,0,0,0,0,0,0,1
1,129,3,16,15,0,34,16,249,49,4,222,0,0,0,0,0,0,0,0,0,0,0,0,0,0,0,0,0,0,1
1,129,3,16,15,0,34,16,249,49,4,222,0,0,0,0,0,0,0,0,0,0,0,0,0,0,0,0,0,0,1
15,129,3,14,1,37,32,16,249,210,0,0,0,0,0,0,0,0,0,0,0,0,0,0,0,0,0,0,0,0,1
15,193,3,14,1,37,47,16,249,157,0,0,0,0,0,0,0,0,0,0,0,0,0,0,0,0,0,0,0,0,1
1,3,3,10,16,83,0,0,249,0,0,0,0,0,0,0,0,0,0,0,0,0,0,0,0,0,0,0,0,0,1
1,129,4,16,15,0,32,16,249,49,4,223,0,0,0,0,0,0,0,0,0,0,0,0,0,0,0,0,0,0,1
1,129,4,16,15,0,33,16,249,49,4,222,0,0,0,0,0,0,0,0,0,0,0,0,0,0,0,0,0,0,1
1,129,4,16,15,0,34,16,249,49,4,221,0,0,0,0,0,0,0,0,0,0,0,0,0,0,0,0,0,0,1
1,129,4,16,15,0,34,16,249,49,4,221,0,0,0,0,0,0,0,0,0,0,0,0,0,0,0,0,0,0,1
1,129,4,16,15,0,34,16,249,49,4,221,0,0,0,0,0,0,0,0,0,0,0,0,0,0,0,0,0,0,1
15,129,4,14,1,37,32,16,249,209,0,0,0,0,0,0,0,0,0,0,0,0,0,0,0,0,0,0,0,0,1
15,193,4,14,1,37,47,16,249,158,0,0,0,0,0,0,0,0,0,0,0,0,0,0,0,0,0,0,0,0,1
1,3,4,10,16,84,0,0,249,0,0,0,0,0,0,0,0,0,0,0,0,0,0,0,0,0,0,0,0,0,1
1,129,5,15,15,0,16,13,249,4,229,0,0,0,0,0,0,0,0,0,0,0,0,0,0,0,0,0,0,0,1
1,129,5,15,15,0,17,13,249,4,228,0,0,0,0,0,0,0,0,0,0,0,0,0,0,0,0,0,0,0,1
1,129,5,15,15,0,17,13,249,4,228,0,0,0,0,0,0,0,0,0,0,0,0,0,0,0,0,0,0,0,1
1,129,5,15,15,0,17,13,249,4,228,0,0,0,0,0,0,0,0,0,0,0,0,0,0,0,0,0,0,0,1
15,193,5,13,1,21,31,13,249,0,0,0,0,0,0,0,0,0,0,0,0,0,0,0,0,0,0,0,0,0,1
1,3,5,10,13,72,0,0,249,0,0,0,0,0,0,0,0,0,0,0,0,0,0,0,0,0,0,0,0,0,1
1,129,6,16,15,0,32,13,249,49,4,195,0,0,0,0,0,0,0,0,0,0,0,0,0,0,0,0,0,0,1
1,129,6,16,15,0,33,13,249,49,4,194,0,0,0,0,0,0,0,0,0,0,0,0,0,0,0,0,0,0,1
1,129,6,16,15,0,34,13,249,49,4,193,0,0,0,0,0,0,0,0,0,0,0,0,0,0,0,0,0,0,1
1,129,6,16,15,0,34,13,249,49,4,193,0,0,0,0,0,0,0,0,0,0,0,0,0,0,0,0,0,0,1
1,129,6,16,15,0,34,13,249,49,4,193,0,0,0,0,0,0,0,0,0,0,0,0,0,0,0,0,0,0,1
15,129,6,14,1,37,32,13,249,205,0,0,0,0,0,0,0,0,0,0,0,0,0,0,0,0,0,0,0,0,1
15,193,6,14,1,37,47,13,249,130,0,0,0,0,0,0,0,0,0,0,0,0,0,0,0,0,0,0,0,0,1
1,3,6,10,13,75,0,0,249,0,0,0,0,0,0,0,0,0,0,0,0,0,0,0,0,0,0,0,0,0,1
1,129,7,15,15,0,16,10,249,4,224,0,0,0,0,0,0,0,0,0,0,0,0,0,0,0,0,0,0,0,1
1,129,7,15,15,0,17,10,249,4,225,0,0,0,0,0,0,0,0,0,0,0,0,0,0,0,0,0,0,0,1
1,129,7,15,15,0,17,10,249,4,225,0,0,0,0,0,0,0,0,0,0,0,0,0,0,0,0,0,0,0,1
1,129,7,15,15,0,17,10,249,4,225,0,0,0,0,0,0,0,0,0,0,0,0,0,0,0,0,0,0,0,1
15,193,7,13,1,21,31,10,249,0,0,0,0,0,0,0,0,0,0,0,0,0,0,0,0,0,0,0,0,0,1
1,3,7,10,10,77,0,0,249,0,0,0,0,0,0,0,0,0,0,0,0,0,0,0,0,0,0,0,0,0,1
1,65,9,12,15,49,4,55,249,0,0,0,0,0,0,0,0,0,0,0,0,0,0,0,0,0,0,0,0,0,1
1,65,9,12,15,49,4,55,249,0,0,0,0,0,0,0,0,0,0,0,0,0,0,0,0,0,0,0,0,0,1
1,65,9,12,15,49,4,55,249,0,0,0,0,0,0,0,0,0,0,0,0,0,0,0,0,0,0,0,0,0,1
1,69,8,20,15,32,0,250,249,0,0,0,0,49,4,176,0,0,0,0,0,0,0,0,0,0,0,0,0,0,1
1,69,8,20,15,32,0,250,249,18,0,0,0,49,4,211,0,0,0,0,0,0,0,0,0,0,0,0,0,0,1
1,69,8,20,15,32,0,250,249,13,0,0,0,49,4,204,0,0,0,0,0,0,0,0,0,0,0,0,0,0,1
1,69,8,20,15,32,0,250,249,16,0,0,0,49,4,209,0,0,0,0,0,0,0,0,0,0,0,0,0,0,1
1,69,8,20,15,32,0,250,249,10,0,0,0,49,4,203,0,0,0,0,0,0,0,0,0,0,0,0,0,0,1
1,69,8,20,15,32,0,250,249,9,0,0,0,49,4,200,0,0,0,0,0,0,0,0,0,0,0,0,0,0,1
1,65,8,17,16,86,1,32,249,77,38,109,126,0,0,0,0,0,0,0,0,0,0,0,0,0,0,0,0,0,1
16,3,8,11,1,179,55,0,249,0,0,0,0,0,0,0,0,0,0,0,0,0,0,0,0,0,0,0,0,0,1
16,65,7,18,1,86,1,32,249,0,140,88,246,188,0,0,0,0,0,0,0,0,0,0,0,0,0,0,0,0,1
1,3,7,11,16,51,29,0,249,0,0,0,0,0,0,0,0,0,0,0,0,0,0,0,0,0,0,0,0,0,1
1,65,11,17,9,86,1,32,249,77,38,92,141,0,0,0,0,0,0,0,0,0,0,0,0,0,0,0,0,0,1
9,3,11,11,1,70,65,0,249,0,0,0,0,0,0,0,0,0,0,0,0,0,0,0,0,0,0,0,0,0,1
9,65,13,18,1,86,1,32,249,0,140,88,77,240,0,0,0,0,0,0,0,0,0,0,0,0,0,0,0,0,1
1,3,13,11,9,119,196,0,249,0,0,0,0,0,0,0,0,0,0,0,0,0,0,0,0,0,0,0,0,0,1
1,65,14,13,13,32,2,218,249,0,0,0,0,0,0,0,0,0,0,0,0,0,0,0,0,0,0,0,0,0,1
13,3,14,11,1,36,183,0,249,0,0,0,0,0,0,0,0,0,0,0,0,0,0,0,0,0,0,0,0,0,1
13,65,10,14,1,32,3,0,249,240,0,0,0,0,0,0,0,0,0,0,0,0,0,0,0,0,0,0,0,0,1
1,3,10,11,13,178,208,0,249,0,0,0,0,0,0,0,0,0,0,0,0,0,0,0,0,0,0,0,0,0,1
7,3,11,10,1,76,0,0,249,0,0,0,0,0,0,0,0,0,0,0,0,0,0,0,0,0,0,0,0,0,1
1,3,1,10,7,70,0,0,249,0,0,0,0,0,0,0,0,0,0,0,0,0,0,0,0,0,0,0,0,0,1
1,65,1,13,10,32,2,58,249,0,0,0,0,0,0,0,0,0,0,0,0,0,0,0,0,0,0,0,0,0,1
10,3,1,11,1,111,82,0,249,0,0,0,0,0,0,0,0,0,0,0,0,0,0,0,0,0,0,0,0,0,1
10,65,8,14,1,32,3,0,249,168,0,0,0,0,0,0,0,0,0,0,0,0,0,0,0,0,0,0,0,0,1
1,3,8,11,10,172,87,0,249,0,0,0,0,0,0,0,0,0,0,0,0,0,0,0,0,0,0,0,0,0,1
1,65,11,17,16,86,1,32,249,77,38,64,58,0,0,0,0,0,0,0,0,0,0,0,0,0,0,0,0,0,1
16,3,11,11,1,234,103,0,249,0,0,0,0,0,0,0,0,0,0,0,0,0,0,0,0,0,0,0,0,0,1
16,65,8,18,1,86,1,32,249,0,140,88,160,13,0,0,0,0,0,0,0,0,0,0,0,0,0,0,0,0,1
1,3,8,11,16,31,44,0,249,0,0,0,0,0,0,0,0,0,0,0,0,0,0,0,0,0,0,0,0,0,1
1,65,14,17,9,86,1,32,249,77,38,43,65,0,0,0,0,0,0,0,0,0,0,0,0,0,0,0,0,0,1
9,3,14,11,1,173,177,0,249,0,0,0,0,0,0,0,0,0,0,0,0,0,0,0,0,0,0,0,0,0,1
9,65,14,18,1,86,1,32,249,0,140,88,252,63,0,0,0,0,0,0,0,0,0,0,0,0,0,0,0,0,1
1,3,14,11,9,46,148,0,249,0,0,0,0,0,0,0,0,0,0,0,0,0,0,0,0,0,0,0,0,0,1
1,65,2,13,13,32,2,81,249,0,0,0,0,0,0,0,0,0,0,0,0,0,0,0,0,0,0,0,0,0,1
13,3,2,11,1,81,214,0,249,0,0,0,0,0,0,0,0,0,0,0,0,0,0,0,0,0,0,0,0,0,1
13,65,11,14,1,32,3,0,249,80,0,0,0,0,0,0,0,0,0,0,0,0,0,0,0,0,0,0,0,0,1
1,3,11,11,13,133,224,0,249,0,0,0,0,0,0,0,0,0,0,0,0,0,0,0,0,0,0,0,0,0,1
1,65,13,13,10,32,2,177,249,0,0,0,0,0,0,0,0,0,0,0,0,0,0,0,0,0,0,0,0,0,1
10,3,13,11,1,26,51,0,249,0,0,0,0,0,0,0,0,0,0,0,0,0,0,0,0,0,0,0,0,0,1
10,65,9,14,1,32,3,0,249,8,0,0,0,0,0,0,0,0,0,0,0,0,0,0,0,0,0,0,0,0,1
1,3,9,11,10,155,103,0,249,0,0,0,0,0,0,0,0,0,0,0,0,0,0,0,0,0,0,0,0,0,1
1,65,8,17,16,86,1,32,249,77,38,109,126,0,0,0,0,0,0,0,0,0,0,0,0,0,0,0,0,0,1
16,3,8,11,1,179,55,0,249,0,0,0,0,0,0,0,0,0,0,0,0,0,0,0,0,0,0,0,0,0,1
16,65,9,18,1,86,1,32,249,0,140,88,207,72,0,0,0,0,0,0,0,0,0,0,0,0,0,0,0,0,1
1,3,9,11,16,40,28,0,249,0,0,0,0,0,0,0,0,0,0,0,0,0,0,0,0,0,0,0,0,0,1
1,65,11,17,9,86,1,32,249,77,38,92,141,0,0,0,0,0,0,0,0,0,0,0,0,0,0,0,0,0,1
9,3,11,11,1,70,65,0,249,0,0,0,0,0,0,0,0,0,0,0,0,0,0,0,0,0,0,0,0,0,1
9,65,15,18,1,86,1,32,249,0,140,88,147,122,0,0,0,0,0,0,0,0,0,0,0,0,0,0,0,0,1
1,3,15,11,9,25,164,0,249,0,0,0,0,0,0,0,0,0,0,0,0,0,0,0,0,0,0,0,0,0,1
1,65,14,13,13,32,2,218,249,0,0,0,0,0,0,0,0,0,0,0,0,0,0,0,0,0,0,0,0,0,1
13,3,14,11,1,36,183,0,249,0,0,0,0,0,0,0,0,0,0,0,0,0,0,0,0,0,0,0,0,0,1
13,65,12,14,1,32,3,0,249,17,0,0,0,0,0,0,0,0,0,0,0,0,0,0,0,0,0,0,0,0,1
1,3,12,11,13,0,112,0,249,0,0,0,0,0,0,0,0,0,0,0,0,0,0,0,0,0,0,0,0,0,1
17,65,1,17,1,49,5,1,249,2,117,114,35,0,0,0,0,0,0,0,0,0,0,0,0,0,0,0,0,0,1
1,3,1,11,17,145,156,0,249,0,0,0,0,0,0,0,0,0,0,0,0,0,0,0,0,0,0,0,0,0,1
17,65,2,16,1,49,5,5,249,26,215,187,0,0,0,0,0,0,0,0,0,0,0,0,0,0,0,0,0,0,1
1,3,2,11,17,200,204,0,249,0,0,0,0,0,0,0,0,0,0,0,0,0,0,0,0,0,0,0,0,0,1
17,65,3,17,1,49,5,3,249,0,0,151,186,0,0,0,0,0,0,0,0,0,0,0,0,0,0,0,0,0,1
1,3,3,11,17,255,252,0,249,0,0,0,0,0,0,0,0,0,0,0,0,0,0,0,0,0,0,0,0,0,1
17,65,4,16,1,49,5,27,249,0,188,105,0,0,0,0,0,0,0,0,0,0,0,0,0,0,0,0,0,0,1
1,3,4,11,17,122,108,0,249,0,0,0,0,0,0,0,0,0,0,0,0,0,0,0,0,0,0,0,0,0,1
17,65,5,13,1,132,7,245,249,0,0,0,0,0,0,0,0,0,0,0,0,0,0,0,0,0,0,0,0,0,1
1,3,5,11,17,77,92,0,249,0,0,0,0,0,0,0,0,0,0,0,0,0,0,0,0,0,0,0,0,0,1
1,65,11,13,17,132,8,191,249,0,0,0,0,0,0,0,0,0,0,0,0,0,0,0,0,0,0,0,0,0,1
17,3,11,11,1,64,54,0,249,0,0,0,0,0,0,0,0,0,0,0,0,0,0,0,0,0,0,0,0,0,1
1,65,15,13,10,32,2,245,249,0,0,0,0,0,0,0,0,0,0,0,0,0,0,0,0,0,0,0,0,0,1
10,3,15,11,1,116,83,0,249,0,0,0,0,0,0,0,0,0,0,0,0,0,0,0,0,0,0,0,0,0,1
10,65,10,14,1,32,3,0,249,232,0,0,0,0,0,0,0,0,0,0,0,0,0,0,0,0,0,0,0,0,1
1,3,10,11,10,194,55,0,249,0,0,0,0,0,0,0,0,0,0,0,0,0,0,0,0,0,0,0,0,0,1
1,65,10,17,16,86,1,32,249,77,38,171,25,0,0,0,0,0,0,0,0,0,0,0,0,0,0,0,0,0,1
16,3,10,11,1,221,87,0,249,0,0,0,0,0,0,0,0,0,0,0,0,0,0,0,0,0,0,0,0,0,1
16,65,10,18,1,86,1,32,249,0,140,88,126,135,0,0,0,0,0,0,0,0,0,0,0,0,0,0,0,0,1
1,3,10,11,16,113,76,0,249,0,0,0,0,0,0,0,0,0,0,0,0,0,0,0,0,0,0,0,0,0,1
1,65,13,17,9,86,1,32,249,77,38,6,5,0,0,0,0,0,0,0,0,0,0,0,0,0,0,0,0,0,1
9,3,13,11,1,244,225,0,249,0,0,0,0,0,0,0,0,0,0,0,0,0,0,0,0,0,0,0,0,0,1
9,65,1,18,1,86,1,32,249,0,140,88,170,142,0,0,0,0,0,0,0,0,0,0,0,0,0,0,0,0,1
1,3,1,11,9,2,165,0,249,0,0,0,0,0,0,0,0,0,0,0,0,0,0,0,0,0,0,0,0,0,1
11,65,1,12,1,132,7,141,249,0,0,0,0,0,0,0,0,0,0,0,0,0,0,0,0,0,0,0,0,0,1
1,3,1,10,11,74,0,0,249,0,0,0,0,0,0,0,0,0,0,0,0,0,0,0,0,0,0,0,0,0,1
1,65,12,12,11,132,8,143,249,0,0,0,0,0,0,0,0,0,0,0,0,0,0,0,0,0,0,0,0,0,1
11,3,12,10,1,71,0,0,249,0,0,0,0,0,0,0,0,0,0,0,0,0,0,0,0,0,0,0,0,0,1
12,65,1,12,1,132,7,138,249,0,0,0,0,0,0,0,0,0,0,0,0,0,0,0,0,0,0,0,0,0,1
1,3,1,10,12,77,0,0,249,0,0,0,0,0,0,0,0,0,0,0,0,0,0,0,0,0,0,0,0,0,1
1,65,13,12,12,132,8,137,249,0,0,0,0,0,0,0,0,0,0,0,0,0,0,0,0,0,0,0,0,0,1
12,3,13,10,1,65,0,0,249,0,0,0,0,0,0,0,0,0,0,0,0,0,0,0,0,0,0,0,0,0,1
1,65,1,13,13,32,2,191,249,0,0,0,0,0,0,0,0,0,0,0,0,0,0,0,0,0,0,0,0,0,1
13,3,1,11,1,8,134,0,249,0,0,0,0,0,0,0,0,0,0,0,0,0,0,0,0,0,0,0,0,0,1
13,65,13,14,1,32,3,0,249,177,0,0,0,0,0,0,0,0,0,0,0,0,0,0,0,0,0,0,0,0,1
1,3,13,11,13,55,64,0,249,0,0,0,0,0,0,0,0,0,0,0,0,0,0,0,0,0,0,0,0,0,1
10,65,11,33,1,86,1,96,249,1,0,50,2,33,68,0,0,0,0,0,0,0,0,0,0,7,90,52,56,0,1
1,3,11,11,10,245,7,0,249,0,0,0,0,0,0,0,0,0,0,0,0,0,0,0,0,0,0,0,0,0,1
10,65,12,33,1,86,1,96,249,2,0,50,2,33,68,0,0,0,22,0,0,0,0,0,0,121,73,252,21,0,1
1,3,12,11,10,112,151,0,249,0,0,0,0,0,0,0,0,0,0,0,0,0,0,0,0,0,0,0,0,0,1
10,65,13,29,1,86,1,96,249,1,0,50,2,33,50,0,0,0,0,0,0,202,252,206,93,0,0,0,0,0,1
1,3,13,11,10,71,167,0,249,0,0,0,0,0,0,0,0,0,0,0,0,0,0,0,0,0,0,0,0,0,1
10,65,14,29,1,86,1,96,249,2,0,50,2,33,50,0,0,0,0,0,0,207,99,160,102,0,0,0,0,0,1
1,3,14,11,10,30,247,0,249,0,0,0,0,0,0,0,0,0,0,0,0,0,0,0,0,0,0,0,0,0,1
1,65,1,13,10,32,2,58,249,0,0,0,0,0,0,0,0,0,0,0,0,0,0,0,0,0,0,0,0,0,1
10,3,1,11,1,111,82,0,249,0,0,0,0,0,0,0,0,0,0,0,0,0,0,0,0,0,0,0,0,0,1
10,65,15,14,1,32,3,0,249,233,0,0,0,0,0,0,0,0,0,0,0,0,0,0,0,0,0,0,0,0,1
1,3,15,11,10,41,199,0,249,0,0,0,0,0,0,0,0,0,0,0,0,0,0,0,0,0,0,0,0,0,1
1,65,11,17,16,86,1,32,249,77,38,64,58,0,0,0,0,0,0,0,0,0,0,0,0,0,0,0,0,0,1
16,3,11,11,1,234,103,0,249,0,0,0,0,0,0,0,0,0,0,0,0,0,0,0,0,0,0,0,0,0,1
16,65,11,18,1,86,1,32,249,0,140,88,17,194,0,0,0,0,0,0,0,0,0,0,0,0,0,0,0,0,1
1,3,11,11,16,70,124,0,249,0,0,0,0,0,0,0,0,0,0,0,0,0,0,0,0,0,0,0,0,0,1
1,65,14,17,9,86,1,32,249,77,38,43,65,0,0,0,0,0,0,0,0,0,0,0,0,0,0,0,0,0,1
9,3,14,11,1,173,177,0,249,0,0,0,0,0,0,0,0,0,0,0,0,0,0,0,0,0,0,0,0,0,1
9,65,2,18,1,86,1,32,249,0,140,88,27,65,0,0,0,0,0,0,0,0,0,0,0,0,0,0,0,0,1
1,3,2,11,9,91,245,0,249,0,0,0,0,0,0,0,0,0,0,0,0,0,0,0,0,0,0,0,0,0,1
1,65,2,13,13,32,2,81,249,0,0,0,0,0,0,0,0,0,0,0,0,0,0,0,0,0,0,0,0,0,1
13,3,2,11,1,81,214,0,249,0,0,0,0,0,0,0,0,0,0,0,0,0,0,0,0,0,0,0,0,0,1
13,65,14,14,1,32,3,0,249,81,0,0,0,0,0,0,0,0,0,0,0,0,0,0,0,0,0,0,0,0,1
1,3,14,11,13,110,16,0,249,0,0,0,0,0,0,0,0,0,0,0,0,0,0,0,0,0,0,0,0,0,1
7,3,15,10,1,72,0,0,249,0,0,0,0,0,0,0,0,0,0,0,0,0,0,0,0,0,0,0,0,0,1
1,3,1,10,7,70,0,0,249,0,0,0,0,0,0,0,0,0,0,0,0,0,0,0,0,0,0,0,0,0,1
1,65,2,13,10,32,2,212,249,0,0,0,0,0,0,0,0,0,0,0,0,0,0,0,0,0,0,0,0,0,1
10,3,2,11,1,54,2,0,249,0,0,0,0,0,0,0,0,0,0,0,0,0,0,0,0,0,0,0,0,0,1
10,65,1,14,1,32,3,0,249,74,0,0,0,0,0,0,0,0,0,0,0,0,0,0,0,0,0,0,0,0,1
1,3,1,11,10,50,198,0,249,0,0,0,0,0,0,0,0,0,0,0,0,0,0,0,0,0,0,0,0,0,1
1,65,12,17,16,86,1,32,249,77,38,241,145,0,0,0,0,0,0,0,0,0,0,0,0,0,0,0,0,0,1
16,3,12,11,1,111,247,0,249,0,0,0,0,0,0,0,0,0,0,0,0,0,0,0,0,0,0,0,0,0,1
16,65,12,18,1,86,1,32,249,0,140,88,13,56,0,0,0,0,0,0,0,0,0,0,0,0,0,0,0,0,1
1,3,12,11,16,195,236,0,249,0,0,0,0,0,0,0,0,0,0,0,0,0,0,0,0,0,0,0,0,0,1
1,65,3,17,9,86,1,32,249,77,38,117,114,0,0,0,0,0,0,0,0,0,0,0,0,0,0,0,0,0,1
9,3,3,11,1,239,224,0,249,0,0,0,0,0,0,0,0,0,0,0,0,0,0,0,0,0,0,0,0,0,1
9,65,3,18,1,86,1,32,249,0,140,88,116,4,0,0,0,0,0,0,0,0,0,0,0,0,0,0,0,0,1
1,3,3,11,9,108,197,0,249,0,0,0,0,0,0,0,0,0,0,0,0,0,0,0,0,0,0,0,0,0,1
1,65,6,13,13,32,2,216,249,0,0,0,0,0,0,0,0,0,0,0,0,0,0,0,0,0,0,0,0,0,1
13,3,6,11,1,141,22,0,249,0,0,0,0,0,0,0,0,0,0,0,0,0,0,0,0,0,0,0,0,0,1
13,65,15,14,1,32,3,0,249,241,0,0,0,0,0,0,0,0,0,0,0,0,0,0,0,0,0,0,0,0,1
1,3,15,11,13,89,32,0,249,0,0,0,0,0,0,0,0,0,0,0,0,0,0,0,0,0,0,0,0,0,1
1,65,6,13,10,32,2,93,249,0,0,0,0,0,0,0,0,0,0,0,0,0,0,0,0,0,0,0,0,0,1
10,3,6,11,1,234,194,0,249,0,0,0,0,0,0,0,0,0,0,0,0,0,0,0,0,0,0,0,0,0,1
10,65,2,14,1,32,3,0,249,170,0,0,0,0,0,0,0,0,0,0,0,0,0,0,0,0,0,0,0,0,1
1,3,2,11,10,107,150,0,249,0,0,0,0,0,0,0,0,0,0,0,0,0,0,0,0,0,0,0,0,0,1
1,65,1,17,16,86,1,32,249,77,38,175,162,0,0,0,0,0,0,0,0,0,0,0,0,0,0,0,0,0,1
16,3,1,11,1,45,166,0,249,0,0,0,0,0,0,0,0,0,0,0,0,0,0,0,0,0,0,0,0,0,1
16,65,13,18,1,86,1,32,249,0,140,88,98,125,0,0,0,0,0,0,0,0,0,0,0,0,0,0,0,0,1
1,3,13,11,16,244,220,0,249,0,0,0,0,0,0,0,0,0,0,0,0,0,0,0,0,0,0,0,0,0,1
1,65,4,17,9,86,1,32,249,77,38,196,217,0,0,0,0,0,0,0,0,0,0,0,0,0,0,0,0,0,1
9,3,4,11,1,106,112,0,249,0,0,0,0,0,0,0,0,0,0,0,0,0,0,0,0,0,0,0,0,0,1
9,65,4,18,1,86,1,32,249,0,140,88,104,254,0,0,0,0,0,0,0,0,0,0,0,0,0,0,0,0,1
1,3,4,11,9,233,85,0,249,0,0,0,0,0,0,0,0,0,0,0,0,0,0,0,0,0,0,0,0,0,1
1,65,7,13,13,32,2,114,249,0,0,0,0,0,0,0,0,0,0,0,0,0,0,0,0,0,0,0,0,0,1
13,3,7,11,1,186,38,0,249,0,0,0,0,0,0,0,0,0,0,0,0,0,0,0,0,0,0,0,0,0,1
13,65,1,14,1,32,3,0,249,82,0,0,0,0,0,0,0,0,0,0,0,0,0,0,0,0,0,0,0,0,1
1,3,1,11,13,66,33,0,249,0,0,0,0,0,0,0,0,0,0,0,0,0,0,0,0,0,0,0,0,0,1
17,65,1,17,1,49,5,1,249,2,112,34,134,0,0,0,0,0,0,0,0,0,0,0,0,0,0,0,0,0,1
1,3,1,11,17,145,156,0,249,0,0,0,0,0,0,0,0,0,0,0,0,0,0,0,0,0,0,0,0,0,1
17,65,2,16,1,49,5,5,249,27,199,154,0,0,0,0,0,0,0,0,0,0,0,0,0,0,0,0,0,0,1
1,3,2,11,17,200,204,0,249,0,0,0,0,0,0,0,0,0,0,0,0,0,0,0,0,0,0,0,0,0,1
17,65,3,17,1,49,5,3,249,0,0,151,186,0,0,0,0,0,0,0,0,0,0,0,0,0,0,0,0,0,1
1,3,3,11,17,255,252,0,249,0,0,0,0,0,0,0,0,0,0,0,0,0,0,0,0,0,0,0,0,0,1
17,65,4,16,1,49,5,27,249,0,188,105,0,0,0,0,0,0,0,0,0,0,0,0,0,0,0,0,0,0,1
1,3,4,11,17,122,108,0,249,0,0,0,0,0,0,0,0,0,0,0,0,0,0,0,0,0,0,0,0,0,1
17,65,5,13,1,132,7,245,249,0,0,0,0,0,0,0,0,0,0,0,0,0,0,0,0,0,0,0,0,0,1
1,3,5,11,17,77,92,0,249,0,0,0,0,0,0,0,0,0,0,0,0,0,0,0,0,0,0,0,0,0,1
1,65,1,13,17,132,8,249,249,0,0,0,0,0,0,0,0,0,0,0,0,0,0,0,0,0,0,0,0,0,1
17,3,1,11,1,135,247,0,249,0,0,0,0,0,0,0,0,0,0,0,0,0,0,0,0,0,0,0,0,0,1
1,65,8,13,10,32,2,146,249,0,0,0,0,0,0,0,0,0,0,0,0,0,0,0,0,0,0,0,0,0,1
10,3,8,11,1,241,195,0,249,0,0,0,0,0,0,0,0,0,0,0,0,0,0,0,0,0,0,0,0,0,1
10,65,3,14,1,32,3,0,249,10,0,0,0,0,0,0,0,0,0,0,0,0,0,0,0,0,0,0,0,0,1
1,3,3,11,10,92,166,0,249,0,0,0,0,0,0,0,0,0,0,0,0,0,0,0,0,0,0,0,0,0,1
1,65,3,17,16,86,1,32,249,77,38,105,197,0,0,0,0,0,0,0,0,0,0,0,0,0,0,0,0,0,1
16,3,3,11,1,67,198,0,249,0,0,0,0,0,0,0,0,0,0,0,0,0,0,0,0,0,0,0,0,0,1
16,65,14,18,1,86,1,32,249,0,140,88,211,178,0,0,0,0,0,0,0,0,0,0,0,0,0,0,0,0,1
1,3,14,11,16,173,140,0,249,0,0,0,0,0,0,0,0,0,0,0,0,0,0,0,0,0,0,0,0,0,1
1,65,6,17,9,86,1,32,249,77,38,2,190,0,0,0,0,0,0,0,0,0,0,0,0,0,0,0,0,0,1
9,3,6,11,1,4,16,0,249,0,0,0,0,0,0,0,0,0,0,0,0,0,0,0,0,0,0,0,0,0,1
9,65,5,18,1,86,1,32,249,0,140,88,7,187,0,0,0,0,0,0,0,0,0,0,0,0,0,0,0,0,1
1,3,5,11,9,222,101,0,249,0,0,0,0,0,0,0,0,0,0,0,0,0,0,0,0,0,0,0,0,0,1
1,65,9,13,13,32,2,189,249,0,0,0,0,0,0,0,0,0,0,0,0,0,0,0,0,0,0,0,0,0,1
13,3,9,11,1,161,39,0,249,0,0,0,0,0,0,0,0,0,0,0,0,0,0,0,0,0,0,0,0,0,1
13,65,2,14,1,32,3,0,249,178,0,0,0,0,0,0,0,0,0,0,0,0,0,0,0,0,0,0,0,0,1
1,3,2,11,13,255,255,255,255,255,255,255,255,255,255,255,0,0,0,0,0,0,0,0,0,0,0,0,0,0,1
1,65,1,12,8,255,255,255,255,255,255,255,255,255,255,255,0,0,0,0,0,0,0,0,0,0,0,0,0,0,1
1,65,1,12,8,255,255,255,255,255,255,255,255,255,255,255,0,0,0,0,0,0,0,0,0,0,0,0,0,0,1
1,65,1,12,8,255,255,255,255,255,255,255,255,255,255,255,0,0,0,0,0,0,0,0,0,0,0,0,0,0,1
1,65,2,12,8,255,255,255,255,255,255,255,255,255,255,255,0,0,0,0,0,0,0,0,0,0,0,0,0,0,1
8,3,2,10,1,255,255,255,255,255,255,255,255,255,255,255,0,0,0,0,0,0,0,0,0,0,0,0,0,0,1
8,65,65,13,1,255,255,255,255,255,255,255,255,255,255,255,0,0,0,0,0,0,0,0,0,0,0,0,0,0,1
1,3,1,10,8,255,255,255,255,255,255,255,255,255,255,255,0,0,0,0,0,0,0,0,0,0,0,0,0,0,1
10,65,4,33,1,255,255,255,255,255,255,255,255,255,255,255,0,0,0,0,0,0,0,0,0,7,90,241,247,0,1
1,3,4,11,10,255,255,255,255,255,255,255,255,255,255,255,0,0,0,0,0,0,0,0,0,0,0,0,0,0,1
10,65,5,33,1,255,255,255,255,255,255,255,255,255,255,255,0,0,23,0,0,0,0,0,0,193,40,180,67,0,1
1,3,5,11,10,255,255,255,255,255,255,255,255,255,255,255,0,0,0,0,0,0,0,0,0,0,0,0,0,0,1
10,65,6,29,1,255,255,255,255,255,255,255,255,255,255,255,0,0,0,0,0,202,252,111,16,0,0,0,0,0,1
1,3,6,11,10,255,255,255,255,255,255,255,255,255,255,255,0,0,0,0,0,0,0,0,0,0,0,0,0,0,1
10,65,7,29,1,255,255,255,255,255,255,255,255,255,255,255,0,0,0,0,0,207,99,186,230,0,0,0,0,0,1
1,3,7,11,10,255,255,255,255,255,255,255,255,255,255,255,0,0,0,0,0,0,0,0,0,0,0,0,0,0,1
1,65,3,11,6,255,255,255,255,255,255,255,255,255,255,255,0,0,0,0,0,0,0,0,0,0,0,0,0,0,1
1,65,3,11,6,255,255,255,255,255,255,255,255,255,255,255,0,0,0,0,0,0,0,0,0,0,0,0,0,0,1
1,65,3,11,6,255,255,255,255,255,255,255,255,255,255,255,0,0,0,0,0,0,0,0,0,0,0,0,0,0,1
1,65,4,11,6,255,255,255,255,255,255,255,255,255,255,255,0,0,0,0,0,0,0,0,0,0,0,0,0,0,1
1,65,4,11,6,255,255,255,255,255,255,255,255,255,255,255,0,0,0,0,0,0,0,0,0,0,0,0,0,0,1
1,65,4,11,6,255,255,255,255,255,255,255,255,255,255,255,0,0,0,0,0,0,0,0,0,0,0,0,0,0,1
1,65,5,11,6,255,255,255,255,255,255,255,255,255,255,255,0,0,0,0,0,0,0,0,0,0,0,0,0,0,1
1,65,5,11,6,255,255,255,255,255,255,255,255,255,255,255,0,0,0,0,0,0,0,0,0,0,0,0,0,0,1
1,65,5,11,6,255,255,255,255,255,255,255,255,255,255,255,0,0,0,0,0,0,0,0,0,0,0,0,0,0,1
1,65,6,11,6,255,255,255,255,255,255,255,255,255,255,255,0,0,0,0,0,0,0,0,0,0,0,0,0,0,1
1,65,6,11,6,255,255,255,255,255,255,255,255,255,255,255,0,0,0,0,0,0,0,0,0,0,0,0,0,0,1
1,65,6,11,6,255,255,255,255,255,255,255,255,255,255,255,0,0,0,0,0,0,0,0,0,0,0,0,0,0,1
1,65,9,13,10,255,255,255,255,255,255,255,255,255,255,255,0,0,0,0,0,0,0,0,0,0,0,0,0,0,1
10,3,9,11,1,255,255,255,255,255,255,255,255,255,255,255,0,0,0,0,0,0,0,0,0,0,0,0,0,0,1
10,65,8,14,1,255,255,255,255,255,255,255,255,255,255,255,0,0,0,0,0,0,0,0,0,0,0,0,0,0,1
1,3,8,11,10,255,255,255,255,255,255,255,255,255,255,255,0,0,0,0,0,0,0,0,0,0,0,0,0,0,1
11,65,1,12,1,255,255,255,255,255,255,255,255,255,255,255,0,0,0,0,0,0,0,0,0,0,0,0,0,0,1
1,3,1,10,11,255,255,255,255,255,255,255,255,255,255,255,0,0,0,0,0,0,0,0,0,0,0,0,0,0,1
1,65,7,12,11,255,255,255,255,255,255,255,255,255,255,255,0,0,0,0,0,0,0,0,0,0,0,0,0,0,1
11,3,7,10,1,255,255,255,255,255,255,255,255,255,255,255,0,0,0,0,0,0,0,0,0,0,0,0,0,0,1
12,65,1,12,1,255,255,255,255,255,255,255,255,255,255,255,0,0,0,0,0,0,0,0,0,0,0,0,0,0,1
1,3,1,10,12,255,255,255,255,255,255,255,255,255,255,255,0,0,0,0,0,0,0,0,0,0,0,0,0,0,1
1,65,8,12,12,255,255,255,255,255,255,255,255,255,255,255,0,0,0,0,0,0,0,0,0,0,0,0,0,0,1
12,3,8,10,1,255,255,255,255,255,255,255,255,255,255,255,0,0,0,0,0,0,0,0,0,0,0,0,0,0,1
1,3,1,10,7,255,255,255,255,255,255,255,255,255,255,255,0,0,0,0,0,0,0,0,0,0,0,0,0,0,1
1,3,2,10,7,255,255,255,255,255,255,255,255,255,255,255,0,0,0,0,0,0,0,0,0,0,0,0,0,0,1
1,65,4,17,16,255,255,255,255,255,255,255,255,255,255,255,0,0,0,0,0,0,0,0,0,0,0,0,0,0,1
16,3,4,11,1,255,255,255,255,255,255,255,255,255,255,255,0,0,0,0,0,0,0,0,0,0,0,0,0,0,1
16,65,15,18,1,255,255,255,255,255,255,255,255,255,255,255,0,0,0,0,0,0,0,0,0,0,0,0,0,0,1
1,3,15,11,16,255,255,255,255,255,255,255,255,255,255,255,0,0,0,0,0,0,0,0,0,0,0,0,0,0,1
1,65,7,17,9,255,255,255,255,255,255,255,255,255,255,255,0,0,0,0,0,0,0,0,0,0,0,0,0,0,1
9,3,7,11,1,255,255,255,255,255,255,255,255,255,255,255,0,0,0,0,0,0,0,0,0,0,0,0,0,0,1
9,65,6,18,1,255,255,255,255,255,255,255,255,255,255,255,0,0,0,0,0,0,0,0,0,0,0,0,0,0,1
1,3,6,11,9,255,255,255,255,255,255,255,255,255,255,255,0,0,0,0,0,0,0,0,0,0,0,0,0,0,1
1,65,10,13,13,255,255,255,255,255,255,255,255,255,255,255,0,0,0,0,0,0,0,0,0,0,0,0,0,0,1
13,3,10,11,1,255,255,255,255,255,255,255,255,255,255,255,0,0,0,0,0,0,0,0,0,0,0,0,0,0,1
13,65,3,14,1,255,255,255,255,255,255,255,255,255,255,255,0,0,0,0,0,0,0,0,0,0,0,0,0,0,1
1,3,3,11,13,255,255,255,255,255,255,255,255,255,255,255,0,0,0,0,0,0,0,0,0,0,0,0,0,0,1
1,65,10,13,10,255,255,255,255,255,255,255,255,255,255,255,0,0,0,0,0,0,0,0,0,0,0,0,0,0,1
10,3,10,11,1,255,255,255,255,255,255,255,255,255,255,255,0,0,0,0,0,0,0,0,0,0,0,0,0,0,1
10,65,9,14,1,255,255,255,255,255,255,255,255,255,255,255,0,0,0,0,0,0,0,0,0,0,0,0,0,0,1
1,3,9,11,10,255,255,255,255,255,255,255,255,255,255,255,0,0,0,0,0,0,0,0,0,0,0,0,0,0,1
1,65,5,17,16,255,255,255,255,255,255,255,255,255,255,255,0,0,0,0,0,0,0,0,0,0,0,0,0,0,1
16,3,5,11,1,255,255,255,255,255,255,255,255,255,255,255,0,0,0,0,0,0,0,0,0,0,0,0,0,0,1
16,65,1,18,1,255,255,255,255,255,255,255,255,255,255,255,0,0,0,0,0,0,0,0,0,0,0,0,0,0,1
1,3,1,11,16,255,255,255,255,255,255,255,255,255,255,255,0,0,0,0,0,0,0,0,0,0,0,0,0,0,1
1,65,8,17,9,255,255,255,255,255,255,255,255,255,255,255,0,0,0,0,0,0,0,0,0,0,0,0,0,0,1
9,3,8,11,1,255,255,255,255,255,255,255,255,255,255,255,0,0,0,0,0,0,0,0,0,0,0,0,0,0,1
9,65,7,18,1,255,255,255,255,255,255,255,255,255,255,255,0,0,0,0,0,0,0,0,0,0,0,0,0,0,1
1,3,7,11,9,255,255,255,255,255,255,255,255,255,255,255,0,0,0,0,0,0,0,0,0,0,0,0,0,0,1
1,65,11,13,13,255,255,255,255,255,255,255,255,255,255,255,0,0,0,0,0,0,0,0,0,0,0,0,0,0,1
13,3,11,11,1,255,255,255,255,255,255,255,255,255,255,255,0,0,0,0,0,0,0,0,0,0,0,0,0,0,1
13,65,4,14,1,255,255,255,255,255,255,255,255,255,255,255,0,0,0,0,0,0,0,0,0,0,0,0,0,0,1
1,3,4,11,13,255,255,255,255,255,255,255,255,255,255,255,0,0,0,0,0,0,0,0,0,0,0,0,0,0,1
1,65,9,12,15,255,255,255,255,255,255,255,255,255,255,255,0,0,0,0,0,0,0,0,0,0,0,0,0,0,1
1,65,9,12,15,255,255,255,255,255,255,255,255,255,255,255,0,0,0,0,0,0,0,0,0,0,0,0,0,0,1
1,65,9,12,15,255,255,255,255,255,255,255,255,255,255,255,0,0,0,0,0,0,0,0,0,0,0,0,0,0,1
1,129,9,16,15,255,255,255,255,255,255,255,255,255,255,255,0,0,0,0,0,0,0,0,0,0,0,0,0,0,1
1,129,9,16,15,255,255,255,255,255,255,255,255,255,255,255,0,0,0,0,0,0,0,0,0,0,0,0,0,0,1
1,129,9,16,15,255,255,255,255,255,255,255,255,255,255,255,0,0,0,0,0,0,0,0,0,0,0,0,0,0,1
1,129,9,16,15,255,255,255,255,255,255,255,255,255,255,255,0,0,0,0,0,0,0,0,0,0,0,0,0,0,1
1,129,9,16,15,255,255,255,255,255,255,255,255,255,255,255,0,0,0,0,0,0,0,0,0,0,0,0,0,0,1
15,129,9,14,1,255,255,255,255,255,255,255,255,255,255,255,0,0,0,0,0,0,0,0,0,0,0,0,0,0,1
15,193,9,14,1,255,255,255,255,255,255,255,255,255,255,255,0,0,0,0,0,0,0,0,0,0,0,0,0,0,1
1,3,9,10,16,255,255,255,255,255,255,255,255,255,255,255,0,0,0,0,0,0,0,0,0,0,0,0,0,0,1
1,129,10,16,15,255,255,255,255,255,255,255,255,255,255,255,0,0,0,0,0,0,0,0,0,0,0,0,0,0,1
1,129,10,16,15,255,255,255,255,255,255,255,255,255,255,255,0,0,0,0,0,0,0,0,0,0,0,0,0,0,1
1,129,10,16,15,255,255,255,255,255,255,255,255,255,255,255,0,0,0,0,0,0,0,0,0,0,0,0,0,0,1
1,129,10,16,15,255,255,255,255,255,255,255,255,255,255,255,0,0,0,0,0,0,0,0,0,0,0,0,0,0,1
1,129,10,16,15,255,255,255,255,255,255,255,255,255,255,255,0,0,0,0,0,0,0,0,0,0,0,0,0,0,1
15,129,10,14,1,255,255,255,255,255,255,255,255,255,255,255,0,0,0,0,0,0,0,0,0,0,0,0,0,0,1
15,193,10,14,1,255,255,255,255,255,255,255,255,255,255,255,0,0,0,0,0,0,0,0,0,0,0,0,0,0,1
1,3,10,10,16,255,255,255,255,255,255,255,255,255,255,255,0,0,0,0,0,0,0,0,0,0,0,0,0,0,1
1,129,11,15,15,255,255,255,255,255,255,255,255,255,255,255,0,0,0,0,0,0,0,0,0,0,0,0,0,0,1
1,129,11,15,15,255,255,255,255,255,255,255,255,255,255,255,0,0,0,0,0,0,0,0,0,0,0,0,0,0,1
1,129,11,15,15,255,255,255,255,255,255,255,255,255,255,255,0,0,0,0,0,0,0,0,0,0,0,0,0,0,1
1,129,11,15,15,255,255,255,255,255,255,255,255,255,255,255,0,0,0,0,0,0,0,0,0,0,0,0,0,0,1
15,193,11,13,1,255,255,255,255,255,255,255,255,255,255,255,0,0,0,0,0,0,0,0,0,0,0,0,0,0,1
1,3,11,10,13,255,255,255,255,255,255,255,255,255,255,255,0,0,0,0,0,0,0,0,0,0,0,0,0,0,1
1,129,12,16,15,255,255,255,255,255,255,255,255,255,255,255,0,0,0,0,0,0,0,0,0,0,0,0,0,0,1
1,129,12,16,15,255,255,255,255,255,255,255,255,255,255,255,0,0,0,0,0,0,0,0,0,0,0,0,0,0,1
1,129,12,16,15,255,255,255,255,255,255,255,255,255,255,255,0,0,0,0,0,0,0,0,0,0,0,0,0,0,1
1,129,12,16,15,255,255,255,255,255,255,255,255,255,255,255,0,0,0,0,0,0,0,0,0,0,0,0,0,0,1
1,129,12,16,15,255,255,255,255,255,255,255,255,255,255,255,0,0,0,0,0,0,0,0,0,0,0,0,0,0,1
15,129,12,14,1,255,255,255,255,255,255,255,255,255,255,255,0,0,0,0,0,0,0,0,0,0,0,0,0,0,1
15,193,12,14,1,255,255,255,255,255,255,255,255,255,255,255,0,0,0,0,0,0,0,0,0,0,0,0,0,0,1
1,3,12,10,13,255,255,255,255,255,255,255,255,255,255,255,0,0,0,0,0,0,0,0,0,0,0,0,0,0,1
1,129,13,15,15,255,255,255,255,255,255,255,255,255,255,255,0,0,0,0,0,0,0,0,0,0,0,0,0,0,1
1,129,13,15,15,255,255,255,255,255,255,255,255,255,255,255,0,0,0,0,0,0,0,0,0,0,0,0,0,0,1
1,129,13,15,15,255,255,255,255,255,255,255,255,255,255,255,0,0,0,0,0,0,0,0,0,0,0,0,0,0,1
1,129,13,15,15,255,255,255,255,255,255,255,255,255,255,255,0,0,0,0,0,0,0,0,0,0,0,0,0,0,1
15,193,13,13,1,255,255,255,255,255,255,255,255,255,255,255,0,0,0,0,0,0,0,0,0,0,0,0,0,0,1
1,3,13,10,10,255,255,255,255,255,255,255,255,255,255,255,0,0,0,0,0,0,0,0,0,0,0,0,0,0,1
1,65,10,12,15,255,255,255,255,255,255,255,255,255,255,255,0,0,0,0,0,0,0,0,0,0,0,0,0,0,1
1,65,10,12,15,255,255,255,255,255,255,255,255,255,255,255,0,0,0,0,0,0,0,0,0,0,0,0,0,0,1
1,65,10,12,15,255,255,255,255,255,255,255,255,255,255,255,0,0,0,0,0,0,0,0,0,0,0,0,0,0,1
1,69,14,20,15,255,255,255,255,255,255,255,255,255,255,255,0,0,0,0,0,0,0,0,0,0,0,0,0,0,1
1,69,14,20,15,255,255,255,255,255,255,255,255,255,255,255,0,0,0,0,0,0,0,0,0,0,0,0,0,0,1
1,69,14,20,15,255,255,255,255,255,255,255,255,255,255,255,0,0,0,0,0,0,0,0,0,0,0,0,0,0,1
1,69,14,20,15,255,255,255,255,255,255,255,255,255,255,255,0,0,0,0,0,0,0,0,0,0,0,0,0,0,1
1,69,14,20,15,255,255,255,255,255,255,255,255,255,255,255,0,0,0,0,0,0,0,0,0,0,0,0,0,0,1
1,69,14,20,15,255,255,255,255,255,255,255,255,255,255,255,0,0,0,0,0,0,0,0,0,0,0,0,0,0,1
1,65,11,13,10,255,255,255,255,255,255,255,255,255,255,255,0,0,0,0,0,0,0,0,0,0,0,0,0,0,1
10,3,11,11,1,255,255,255,255,255,255,255,255,255,255,255,0,0,0,0,0,0,0,0,0,0,0,0,0,0,1
10,65,10,14,1,255,255,255,255,255,255,255,255,255,255,255,0,0,0,0,0,0,0,0,0,0,0,0,0,0,1
1,3,10,11,10,255,255,255,255,255,255,255,255,255,255,255,0,0,0,0,0,0,0,0,0,0,0,0,0,0,1
1,65,9,17,16,255,255,255,255,255,255,255,255,255,255,255,0,0,0,0,0,0,0,0,0,0,0,0,0,0,1
16,3,9,11,1,255,255,255,255,255,255,255,255,255,255,255,0,0,0,0,0,0,0,0,0,0,0,0,0,0,1
16,65,2,18,1,255,255,255,255,255,255,255,255,255,255,255,0,0,0,0,0,0,0,0,0,0,0,0,0,0,1
1,3,2,11,16,255,255,255,255,255,255,255,255,255,255,255,0,0,0,0,0,0,0,0,0,0,0,0,0,0,1
1,65,12,17,9,255,255,255,255,255,255,255,255,255,255,255,0,0,0,0,0,0,0,0,0,0,0,0,0,0,1
9,3,12,11,1,255,255,255,255,255,255,255,255,255,255,255,0,0,0,0,0,0,0,0,0,0,0,0,0,0,1
9,65,8,18,1,255,255,255,255,255,255,255,255,255,255,255,0,0,0,0,0,0,0,0,0,0,0,0,0,0,1
1,3,8,11,9,255,255,255,255,255,255,255,255,255,255,255,0,0,0,0,0,0,0,0,0,0,0,0,0,0,1
1,65,15,13,13,255,255,255,255,255,255,255,255,255,255,255,0,0,0,0,0,0,0,0,0,0,0,0,0,0,1
13,3,15,11,1,255,255,255,255,255,255,255,255,255,255,255,0,0,0,0,0,0,0,0,0,0,0,0,0,0,1
13,65,5,14,1,255,255,255,255,255,255,255,255,255,255,255,0,0,0,0,0,0,0,0,0,0,0,0,0,0,1
1,3,5,11,13,255,255,255,255,255,255,255,255,255,255,255,0,0,0,0,0,0,0,0,0,0,0,0,0,0,1
17,65,1,17,1,255,255,255,255,255,255,255,255,255,255,255,0,0,0,0,0,0,0,0,0,0,0,0,0,0,1
1,3,1,11,17,255,255,255,255,255,255,255,255,255,255,255,0,0,0,0,0,0,0,0,0,0,0,0,0,0,1
17,65,2,16,1,255,255,255,255,255,255,255,255,255,255,255,0,0,0,0,0,0,0,0,0,0,0,0,0,0,1
1,3,2,11,17,255,255,255,255,255,255,255,255,255,255,255,0,0,0,0,0,0,0,0,0,0,0,0,0,0,1
17,65,3,14,1,255,255,255,255,255,255,255,255,255,255,255,0,0,0,0,0,0,0,0,0,0,0,0,0,0,1
1,3,3,11,17,255,255,255,255,255,255,255,255,255,255,255,0,0,0,0,0,0,0,0,0,0,0,0,0,0,1
17,65,4,17,1,255,255,255,255,255,255,255,255,255,255,255,0,0,0,0,0,0,0,0,0,0,0,0,0,0,1
1,3,4,11,17,255,255,255,255,255,255,255,255,255,255,255,0,0,0,0,0,0,0,0,0,0,0,0,0,0,1
17,65,5,16,1,255,255,255,255,255,255,255,255,255,255,255,0,0,0,0,0,0,0,0,0,0,0,0,0,0,1
1,3,5,11,17,255,255,255,255,255,255,255,255,255,255,255,0,0,0,0,0,0,0,0,0,0,0,0,0,0,1
17,65,6,13,1,255,255,255,255,255,255,255,255,255,255,255,0,0,0,0,0,0,0,0,0,0,0,0,0,0,1
1,3,6,11,17,255,255,255,255,255,255,255,255,255,255,255,0,0,0,0,0,0,0,0,0,0,0,0,0,0,1
1,65,13,13,17,255,255,255,255,255,255,255,255,255,255,255,0,0,0,0,0,0,0,0,0,0,0,0,0,0,1
17,3,13,11,1,255,255,255,255,255,255,255,255,255,255,255,0,0,0,0,0,0,0,0,0,0,0,0,0,0,1
1,65,1,13,10,255,255,255,255,255,255,255,255,255,255,255,0,0,0,0,0,0,0,0,0,0,0,0,0,0,1
10,3,1,11,1,255,255,255,255,255,255,255,255,255,255,255,0,0,0,0,0,0,0,0,0,0,0,0,0,0,1
10,65,11,14,1,255,255,255,255,255,255,255,255,255,255,255,0,0,0,0,0,0,0,0,0,0,0,0,0,0,1
1,3,11,11,10,255,255,255,255,255,255,255,255,255,255,255,0,0,0,0,0,0,0,0,0,0,0,0,0,0,1
1,65,11,17,16,255,255,255,255,255,255,255,255,255,255,255,0,0,0,0,0,0,0,0,0,0,0,0,0,0,1
16,3,11,11,1,255,255,255,255,255,255,255,255,255,255,255,0,0,0,0,0,0,0,0,0,0,0,0,0,0,1
16,65,3,18,1,255,255,255,255,255,255,255,255,255,255,255,0,0,0,0,0,0,0,0,0,0,0,0,0,0,1
1,3,3,11,16,255,255,255,255,255,255,255,255,255,255,255,0,0,0,0,0,0,0,0,0,0,0,0,0,0,1
1,65,14,17,9,255,255,255,255,255,255,255,255,255,255,255,0,0,0,0,0,0,0,0,0,0,0,0,0,0,1
9,3,14,11,1,255,255,255,255,255,255,255,255,255,255,255,0,0,0,0,0,0,0,0,0,0,0,0,0,0,1
9,65,9,18,1,255,255,255,255,255,255,255,255,255,255,255,0,0,0,0,0,0,0,0,0,0,0,0,0,0,1
1,3,9,11,9,255,255,255,255,255,255,255,255,255,255,255,0,0,0,0,0,0,0,0,0,0,0,0,0,0,1
1,65,3,13,13,255,255,255,255,255,255,255,255,255,255,255,0,0,0,0,0,0,0,0,0,0,0,0,0,0,1
13,3,3,11,1,255,255,255,255,255,255,255,255,255,255,255,0,0,0,0,0,0,0,0,0,0,0,0,0,0,1
13,65,6,14,1,255,255,255,255,255,255,255,255,255,255,255,0,0,0,0,0,0,0,0,0,0,0,0,0,0,1
1,3,6,11,13,255,255,255,255,255,255,255,255,255,255,255,0,0,0,0,0,0,0,0,0,0,0,0,0,0,1
10,65,12,33,1,255,255,255,255,255,255,255,255,255,255,255,0,0,0,0,0,0,0,0,0,7,90,252,21,0,1
1,3,12,11,10,255,255,255,255,255,255,255,255,255,255,255,0,0,0,0,0,0,0,0,0,0,0,0,0,0,1
10,65,13,33,1,255,255,255,255,255,255,255,255,255,255,255,0,0,24,0,0,0,0,0,0,75,193,185,161,0,1
1,3,13,11,10,255,255,255,255,255,255,255,255,255,255,255,0,0,0,0,0,0,0,0,0,0,0,0,0,0,1
10,65,14,29,1,255,255,255,255,255,255,255,255,255,255,255,0,0,0,0,0,202,252,160,102,0,0,0,0,0,1
1,3,14,11,10,255,255,255,255,255,255,255,255,255,255,255,0,0,0,0,0,0,0,0,0,0,0,0,0,0,1
10,65,15,29,1,255,255,255,255,255,255,255,255,255,255,255,0,0,0,0,0,207,99,117,144,0,0,0,0,0,1
1,3,15,11,10,255,255,255,255,255,255,255,255,255,255,255,0,0,0,0,0,0,0,0,0,0,0,0,0,0,1
1,65,2,13,10,255,255,255,255,255,255,255,255,255,255,255,0,0,0,0,0,0,0,0,0,0,0,0,0,0,1
10,3,2,11,1,255,255,255,255,255,255,255,255,255,255,255,0,0,0,0,0,0,0,0,0,0,0,0,0,0,1
10,65,1,14,1,255,255,255,255,255,255,255,255,255,255,255,0,0,0,0,0,0,0,0,0,0,0,0,0,0,1
1,3,1,11,10,255,255,255,255,255,255,255,255,255,255,255,0,0,0,0,0,0,0,0,0,0,0,0,0,0,1
7,3,12,10,1,255,255,255,255,255,255,255,255,255,255,255,0,0,0,0,0,0,0,0,0,0,0,0,0,0,1
1,3,1,10,7,255,255,255,255,255,255,255,255,255,255,255,0,0,0,0,0,0,0,0,0,0,0,0,0,0,1
1,65,12,17,16,255,255,255,255,255,255,255,255,255,255,255,0,0,0,0,0,0,0,0,0,0,0,0,0,0,1
16,3,12,11,1,255,255,255,255,255,255,255,255,255,255,255,0,0,0,0,0,0,0,0,0,0,0,0,0,0,1
16,65,4,18,1,255,255,255,255,255,255,255,255,255,255,255,0,0,0,0,0,0,0,0,0,0,0,0,0,0,1
1,3,4,11,16,255,255,255,255,255,255,255,255,255,255,255,0,0,0,0,0,0,0,0,0,0,0,0,0,0,1
1,65,15,17,9,255,255,255,255,255,255,255,255,255,255,255,0,0,0,0,0,0,0,0,0,0,0,0,0,0,1
9,3,15,11,1,255,255,255,255,255,255,255,255,255,255,255,0,0,0,0,0,0,0,0,0,0,0,0,0,0,1
9,65,10,18,1,255,255,255,255,255,255,255,255,255,255,255,0,0,0,0,0,0,0,0,0,0,0,0,0,0,1
1,3,10,11,9,255,255,255,255,255,255,255,255,255,255,255,0,0,0,0,0,0,0,0,0,0,0,0,0,0,1
1,65,4,13,13,255,255,255,255,255,255,255,255,255,255,255,0,0,0,0,0,0,0,0,0,0,0,0,0,0,1
13,3,4,11,1,255,255,255,255,255,255,255,255,255,255,255,0,0,0,0,0,0,0,0,0,0,0,0,0,0,1
13,65,7,14,1,255,255,255,255,255,255,255,255,255,255,255,0,0,0,0,0,0,0,0,0,0,0,0,0,0,1
1,3,7,11,13,255,255,255,255,255,255,255,255,255,255,255,0,0,0,0,0,0,0,0,0,0,0,0,0,0,1
11,65,1,12,1,255,255,255,255,255,255,255,255,255,255,255,0,0,0,0,0,0,0,0,0,0,0,0,0,0,1
1,3,1,10,11,255,255,255,255,255,255,255,255,255,255,255,0,0,0,0,0,0,0,0,0,0,0,0,0,0,1
1,65,13,12,11,255,255,255,255,255,255,255,255,255,255,255,0,0,0,0,0,0,0,0,0,0,0,0,0,0,1
11,3,13,10,1,255,255,255,255,255,255,255,255,255,255,255,0,0,0,0,0,0,0,0,0,0,0,0,0,0,1
12,65,1,12,1,255,255,255,255,255,255,255,255,255,255,255,0,0,0,0,0,0,0,0,0,0,0,0,0,0,1
1,3,1,10,12,255,255,255,255,255,255,255,255,255,255,255,0,0,0,0,0,0,0,0,0,0,0,0,0,0,1
1,65,14,12,12,255,255,255,255,255,255,255,255,255,255,255,0,0,0,0,0,0,0,0,0,0,0,0,0,0,1
12,3,14,10,1,255,255,255,255,255,255,255,255,255,255,255,0,0,0,0,0,0,0,0,0,0,0,0,0,0,1
1,65,3,13,10,255,255,255,255,255,255,255,255,255,255,255,0,0,0,0,0,0,0,0,0,0,0,0,0,0,1
10,3,3,11,1,255,255,255,255,255,255,255,255,255,255,255,0,0,0,0,0,0,0,0,0,0,0,0,0,0,1
10,65,2,14,1,255,255,255,255,255,255,255,255,255,255,255,0,0,0,0,0,0,0,0,0,0,0,0,0,0,1
1,3,2,11,10,255,255,255,255,255,255,255,255,255,255,255,0,0,0,0,0,0,0,0,0,0,0,0,0,0,1
1,65,13,17,16,255,255,255,255,255,255,255,255,255,255,255,0,0,0,0,0,0,0,0,0,0,0,0,0,0,1
16,3,13,11,1,255,255,255,255,255,255,255,255,255,255,255,0,0,0,0,0,0,0,0,0,0,0,0,0,0,1
16,65,5,18,1,255,255,255,255,255,255,255,255,255,255,255,0,0,0,0,0,0,0,0,0,0,0,0,0,0,1
1,3,5,11,16,255,255,255,255,255,255,255,255,255,255,255,0,0,0,0,0,0,0,0,0,0,0,0,0,0,1
1,65,1,17,9,255,255,255,255,255,255,255,255,255,255,255,0,0,0,0,0,0,0,0,0,0,0,0,0,0,1
9,3,1,11,1,255,255,255,255,255,255,255,255,255,255,255,0,0,0,0,0,0,0,0,0,0,0,0,0,0,1
9,65,11,18,1,255,255,255,255,255,255,255,255,255,255,255,0,0,0,0,0,0,0,0,0,0,0,0,0,0,1
1,3,11,11,9,255,255,255,255,255,255,255,255,255,255,255,0,0,0,0,0,0,0,0,0,0,0,0,0,0,1
1,65,5,13,13,255,255,255,255,255,255,255,255,255,255,255,0,0,0,0,0,0,0,0,0,0,0,0,0,0,1
13,3,5,11,1,255,255,255,255,255,255,255,255,255,255,255,0,0,0,0,0,0,0,0,0,0,0,0,0,0,1
13,65,8,14,1,255,255,255,255,255,255,255,255,255,255,255,0,0,0,0,0,0,0,0,0,0,0,0,0,0,1
1,3,8,11,13,255,255,255,255,255,255,255,255,255,255,255,0,0,0,0,0,0,0,0,0,0,0,0,0,0,1
1,65,6,13,10,255,255,255,255,255,255,255,255,255,255,255,0,0,0,0,0,0,0,0,0,0,0,0,0,0,1
10,3,6,11,1,255,255,255,255,255,255,255,255,255,255,255,0,0,0,0,0,0,0,0,0,0,0,0,0,0,1
10,65,3,14,1,255,255,255,255,255,255,255,255,255,255,255,0,0,0,0,0,0,0,0,0,0,0,0,0,0,1
1,3,3,11,10,255,255,255,255,255,255,255,255,255,255,255,0,0,0,0,0,0,0,0,0,0,0,0,0,0,1
1,65,1,17,16,255,255,255,255,255,255,255,255,255,255,255,0,0,0,0,0,0,0,0,0,0,0,0,0,0,1
16,3,1,11,1,255,255,255,255,255,255,255,255,255,255,255,0,0,0,0,0,0,0,0,0,0,0,0,0,0,1
16,65,6,18,1,255,255,255,255,255,255,255,255,255,255,255,0,0,0,0,0,0,0,0,0,0,0,0,0,0,1
1,3,6,11,16,255,255,255,255,255,255,255,255,255,255,255,0,0,0,0,0,0,0,0,0,0,0,0,0,0,1
1,65,4,17,9,255,255,255,255,255,255,255,255,255,255,255,0,0,0,0,0,0,0,0,0,0,0,0,0,0,1
9,3,4,11,1,255,255,255,255,255,255,255,255,255,255,255,0,0,0,0,0,0,0,0,0,0,0,0,0,0,1
9,65,12,18,1,255,255,255,255,255,255,255,255,255,255,255,0,0,0,0,0,0,0,0,0,0,0,0,0,0,1
1,3,12,11,9,255,255,255,255,255,255,255,255,255,255,255,0,0,0,0,0,0,0,0,0,0,0,0,0,0,1
1,65,8,13,13,255,255,255,255,255,255,255,255,255,255,255,0,0,0,0,0,0,0,0,0,0,0,0,0,0,1
13,3,8,11,1,255,255,255,255,255,255,255,255,255,255,255,0,0,0,0,0,0,0,0,0,0,0,0,0,0,1
13,65,9,14,1,255,255,255,255,255,255,255,255,255,255,255,0,0,0,0,0,0,0,0,0,0,0,0,0,0,1
1,3,9,11,13,255,255,255,255,255,255,255,255,255,255,255,0,0,0,0,0,0,0,0,0,0,0,0,0,0,1
17,65,1,17,1,255,255,255,255,255,255,255,255,255,255,255,0,0,0,0,0,0,0,0,0,0,0,0,0,0,1
1,3,1,11,17,255,255,255,255,255,255,255,255,255,255,255,0,0,0,0,0,0,0,0,0,0,0,0,0,0,1
17,65,2,16,1,255,255,255,255,255,255,255,255,255,255,255,0,0,0,0,0,0,0,0,0,0,0,0,0,0,1
1,3,2,11,17,255,255,255,255,255,255,255,255,255,255,255,0,0,0,0,0,0,0,0,0,0,0,0,0,0,1
17,65,3,17,1,255,255,255,255,255,255,255,255,255,255,255,0,0,0,0,0,0,0,0,0,0,0,0,0,0,1
1,3,3,11,17,255,255,255,255,255,255,255,255,255,255,255,0,0,0,0,0,0,0,0,0,0,0,0,0,0,1
17,65,4,16,1,255,255,255,255,255,255,255,255,255,255,255,0,0,0,0,0,0,0,0,0,0,0,0,0,0,1
1,3,4,11,17,255,255,255,255,255,255,255,255,255,255,255,0,0,0,0,0,0,0,0,0,0,0,0,0,0,1
17,65,5,13,1,255,255,255,255,255,255,255,255,255,255,255,0,0,0,0,0,0,0,0,0,0,0,0,0,0,1
1,3,5,11,17,255,255,255,255,255,255,255,255,255,255,255,0,0,0,0,0,0,0,0,0,0,0,0,0,0,1
1,65,3,13,17,255,255,255,255,255,255,255,255,255,255,255,0,0,0,0,0,0,0,0,0,0,0,0,0,0,1
17,3,3,11,1,255,255,255,255,255,255,255,255,255,255,255,0,0,0,0,0,0,0,0,0,0,0,0,0,0,1
1,65,12,13,10,255,255,255,255,255,255,255,255,255,255,255,0,0,0,0,0,0,0,0,0,0,0,0,0,0,1
10,3,12,11,1,255,255,255,255,255,255,255,255,255,255,255,0,0,0,0,0,0,0,0,0,0,0,0,0,0,1
10,65,4,14,1,255,255,255,255,255,255,255,255,255,255,255,0,0,0,0,0,0,0,0,0,0,0,0,0,0,1
1,3,4,11,10,255,255,255,255,255,255,255,255,255,255,255,0,0,0,0,0,0,0,0,0,0,0,0,0,0,1
1,65,7,17,16,255,255,255,255,255,255,255,255,255,255,255,0,0,0,0,0,0,0,0,0,0,0,0,0,0,1
16,3,7,11,1,255,255,255,255,255,255,255,255,255,255,255,0,0,0,0,0,0,0,0,0,0,0,0,0,0,1
16,65,7,18,1,255,255,255,255,255,255,255,255,255,255,255,0,0,0,0,0,0,0,0,0,0,0,0,0,0,1
1,3,7,11,16,255,255,255,255,255,255,255,255,255,255,255,0,0,0,0,0,0,0,0,0,0,0,0,0,0,1
1,65,10,17,9,255,255,255,255,255,255,255,255,255,255,255,0,0,0,0,0,0,0,0,0,0,0,0,0,0,1
9,3,10,11,1,255,255,255,255,255,255,255,255,255,255,255,0,0,0,0,0,0,0,0,0,0,0,0,0,0,1
9,65,13,18,1,255,255,255,255,255,255,255,255,255,255,255,0,0,0,0,0,0,0,0,0,0,0,0,0,0,1
1,3,13,11,9,255,255,255,255,255,255,255,255,255,255,255,0,0,0,0,0,0,0,0,0,0,0,0,0,0,1
1,65,14,13,13,255,255,255,255,255,255,255,255,255,255,255,0,0,0,0,0,0,0,0,0,0,0,0,0,0,1
13,3,14,11,1,255,255,255,255,255,255,255,255,255,255,255,0,0,0,0,0,0,0,0,0,0,0,0,0,0,1
13,65,10,14,1,255,255,255,255,255,255,255,255,255,255,255,0,0,0,0,0,0,0,0,0,0,0,0,0,0,1
1,3,10,11,13,255,255,255,255,255,255,255,255,255,255,255,0,0,0,0,0,0,0,0,0,0,0,0,0,0,1
10,65,5,33,1,255,255,255,255,255,255,255,255,255,255,255,0,0,0,0,0,0,0,0,0,7,90,180,67,0,1
1,3,5,11,10,255,255,255,255,255,255,255,255,255,255,255,0,0,0,0,0,0,0,0,0,0,0,0,0,0,1
1,65,15,12,8,255,255,255,255,255,255,255,255,255,255,255,0,0,0,0,0,0,0,0,0,0,0,0,0,0,1
1,65,15,12,8,255,255,255,255,255,255,255,255,255,255,255,0,0,0,0,0,0,0,0,0,0,0,0,0,0,1
1,65,15,12,8,255,255,255,255,255,255,255,255,255,255,255,0,0,0,0,0,0,0,0,0,0,0,0,0,0,1
1,65,1,12,8,255,255,255,255,255,255,255,255,255,255,255,0,0,0,0,0,0,0,0,0,0,0,0,0,0,1
8,3,1,10,1,255,255,255,255,255,255,255,255,255,255,255,0,0,0,0,0,0,0,0,0,0,0,0,0,0,1
8,65,65,13,1,255,255,255,255,255,255,255,255,255,255,255,0,0,0,0,0,0,0,0,0,0,0,0,0,0,1
1,3,1,10,8,255,255,255,255,255,255,255,255,255,255,255,0,0,0,0,0,0,0,0,0,0,0,0,0,0,1
10,65,6,33,1,255,255,255,255,255,255,255,255,255,255,255,0,0,24,0,0,0,0,0,0,75,193,122,159,0,1
1,3,6,11,10,255,255,255,255,255,255,255,255,255,255,255,0,0,0,0,0,0,0,0,0,0,0,0,0,0,1
10,65,7,29,1,255,255,255,255,255,255,255,255,255,255,255,0,0,0,0,0,202,252,186,230,0,0,0,0,0,1
1,3,7,11,10,255,255,255,255,255,255,255,255,255,255,255,0,0,0,0,0,0,0,0,0,0,0,0,0,0,1
10,65,8,29,1,255,255,255,255,255,255,255,255,255,255,255,0,0,0,0,0,207,99,124,16,0,0,0,0,0,1
1,3,8,11,10,255,255,255,255,255,255,255,255,255,255,255,0,0,0,0,0,0,0,0,0,0,0,0,0,0,1
1,65,15,13,10,255,255,255,255,255,255,255,255,255,255,255,0,0,0,0,0,0,0,0,0,0,0,0,0,0,1
10,3,15,11,1,255,255,255,255,255,255,255,255,255,255,255,0,0,0,0,0,0,0,0,0,0,0,0,0,0,1
10,65,9,14,1,255,255,255,255,255,255,255,255,255,255,255,0,0,0,0,0,0,0,0,0,0,0,0,0,0,1
1,3,9,11,10,255,255,255,255,255,255,255,255,255,255,255,0,0,0,0,0,0,0,0,0,0,0,0,0,0,1
7,3,3,10,1,255,255,255,255,255,255,255,255,255,255,255,0,0,0,0,0,0,0,0,0,0,0,0,0,0,1
1,3,1,10,7,255,255,255,255,255,255,255,255,255,255,255,0,0,0,0,0,0,0,0,0,0,0,0,0,0,1
1,65,10,17,16,255,255,255,255,255,255,255,255,255,255,255,0,0,0,0,0,0,0,0,0,0,0,0,0,0,1
16,3,10,11,1,255,255,255,255,255,255,255,255,255,255,255,0,0,0,0,0,0,0,0,0,0,0,0,0,0,1
16,65,8,18,1,255,255,255,255,255,255,255,255,255,255,255,0,0,0,0,0,0,0,0,0,0,0,0,0,0,1
1,3,8,11,16,255,255,255,255,255,255,255,255,255,255,255,0,0,0,0,0,0,0,0,0,0,0,0,0,0,1
1,65,13,17,9,255,255,255,255,255,255,255,255,255,255,255,0,0,0,0,0,0,0,0,0,0,0,0,0,0,1
9,3,13,11,1,255,255,255,255,255,255,255,255,255,255,255,0,0,0,0,0,0,0,0,0,0,0,0,0,0,1
9,65,14,18,1,255,255,255,255,255,255,255,255,255,255,255,0,0,0,0,0,0,0,0,0,0,0,0,0,0,1
1,3,14,11,9,255,255,255,255,255,255,255,255,255,255,255,0,0,0,0,0,0,0,0,0,0,0,0,0,0,1
1,65,2,13,13,255,255,255,255,255,255,255,255,255,255,255,0,0,0,0,0,0,0,0,0,0,0,0,0,0,1
13,3,2,11,1,255,255,255,255,255,255,255,255,255,255,255,0,0,0,0,0,0,0,0,0,0,0,0,0,0,1
13,65,11,14,1,255,255,255,255,255,255,255,255,255,255,255,0,0,0,0,0,0,0,0,0,0,0,0,0,0,1
1,3,11,11,13,255,255,255,255,255,255,255,255,255,255,255,0,0,0,0,0,0,0,0,0,0,0,0,0,0,1
1,65,2,13,10,255,255,255,255,255,255,255,255,255,255,255,0,0,0,0,0,0,0,0,0,0,0,0,0,0,1
10,3,2,11,1,255,255,255,255,255,255,255,255,255,255,255,0,0,0,0,0,0,0,0,0,0,0,0,0,0,1
10,65,10,14,1,255,255,255,255,255,255,255,255,255,255,255,0,0,0,0,0,0,0,0,0,0,0,0,0,0,1
1,3,10,11,10,255,255,255,255,255,255,255,255,255,255,255,0,0,0,0,0,0,0,0,0,0,0,0,0,0,1
1,65,12,17,16,255,255,255,255,255,255,255,255,255,255,255,0,0,0,0,0,0,0,0,0,0,0,0,0,0,1
16,3,12,11,1,255,255,255,255,255,255,255,255,255,255,255,0,0,0,0,0,0,0,0,0,0,0,0,0,0,1
16,65,9,18,1,255,255,255,255,255,255,255,255,255,255,255,0,0,0,0,0,0,0,0,0,0,0,0,0,0,1
1,3,9,11,16,255,255,255,255,255,255,255,255,255,255,255,0,0,0,0,0,0,0,0,0,0,0,0,0,0,1
1,65,15,17,9,255,255,255,255,255,255,255,255,255,255,255,0,0,0,0,0,0,0,0,0,0,0,0,0,0,1
9,3,15,11,1,255,255,255,255,255,255,255,255,255,255,255,0,0,0,0,0,0,0,0,0,0,0,0,0,0,1
9,65,15,18,1,255,255,255,255,255,255,255,255,255,255,255,0,0,0,0,0,0,0,0,0,0,0,0,0,0,1
1,3,15,11,9,255,255,255,255,255,255,255,255,255,255,255,0,0,0,0,0,0,0,0,0,0,0,0,0,0,1
1,65,4,13,13,255,255,255,255,255,255,255,255,255,255,255,0,0,0,0,0,0,0,0,0,0,0,0,0,0,1
13,3,4,11,1,255,255,255,255,255,255,255,255,255,255,255,0,0,0,0,0,0,0,0,0,0,0,0,0,0,1
13,65,12,14,1,255,255,255,255,255,255,255,255,255,255,255,0,0,0,0,0,0,0,0,0,0,0,0,0,0,1
1,3,12,11,13,255,255,255,255,255,255,255,255,255,255,255,0,0,0,0,0,0,0,0,0,0,0,0,0,0,1
11,65,1,12,1,255,255,255,255,255,255,255,255,255,255,255,0,0,0,0,0,0,0,0,0,0,0,0,0,0,1
1,3,1,10,11,255,255,255,255,255,255,255,255,255,255,255,0,0,0,0,0,0,0,0,0,0,0,0,0,0,1
1,65,4,12,11,255,255,255,255,255,255,255,255,255,255,255,0,0,0,0,0,0,0,0,0,0,0,0,0,0,1
11,3,4,10,1,255,255,255,255,255,255,255,255,255,255,255,0,0,0,0,0,0,0,0,0,0,0,0,0,0,1
12,65,1,12,1,255,255,255,255,255,255,255,255,255,255,255,0,0,0,0,0,0,0,0,0,0,0,0,0,0,1
1,3,1,10,12,255,255,255,255,255,255,255,255,255,255,255,0,0,0,0,0,0,0,0,0,0,0,0,0,0,1
1,65,5,12,12,255,255,255,255,255,255,255,255,255,255,255,0,0,0,0,0,0,0,0,0,0,0,0,0,0,1
12,3,5,10,1,255,255,255,255,255,255,255,255,255,255,255,0,0,0,0,0,0,0,0,0,0,0,0,0,0,1
1,65,5,13,10,255,255,255,255,255,255,255,255,255,255,255,0,0,0,0,0,0,0,0,0,0,0,0,0,0,1
10,3,5,11,1,255,255,255,255,255,255,255,255,255,255,255,0,0,0,0,0,0,0,0,0,0,0,0,0,0,1
10,65,11,14,1,255,255,255,255,255,255,255,255,255,255,255,0,0,0,0,0,0,0,0,0,0,0,0,0,0,1
1,3,11,11,10,255,255,255,255,255,255,255,255,255,255,255,0,0,0,0,0,0,0,0,0,0,0,0,0,0,1
1,65,15,17,16,255,255,255,255,255,255,255,255,255,255,255,0,0,0,0,0,0,0,0,0,0,0,0,0,0,1
16,3,15,11,1,255,255,255,255,255,255,255,255,255,255,255,0,0,0,0,0,0,0,0,0,0,0,0,0,0,1
16,65,10,18,1,255,255,255,255,255,255,255,255,255,255,255,0,0,0,0,0,0,0,0,0,0,0,0,0,0,1
1,3,10,11,16,255,255,255,255,255,255,255,255,255,255,255,0,0,0,0,0,0,0,0,0,0,0,0,0,0,1
1,65,3,17,9,255,255,255,255,255,255,255,255,255,255,255,0,0,0,0,0,0,0,0,0,0,0,0,0,0,1
9,3,3,11,1,255,255,255,255,255,255,255,255,255,255,255,0,0,0,0,0,0,0,0,0,0,0,0,0,0,1
9,65,1,18,1,255,255,255,255,255,255,255,255,255,255,255,0,0,0,0,0,0,0,0,0,0,0,0,0,0,1
1,3,1,11,9,255,255,255,255,255,255,255,255,255,255,255,0,0,0,0,0,0,0,0,0,0,0,0,0,0,1
1,65,7,13,13,255,255,255,255,255,255,255,255,255,255,255,0,0,0,0,0,0,0,0,0,0,0,0,0,0,1
13,3,7,11,1,255,255,255,255,255,255,255,255,255,255,255,0,0,0,0,0,0,0,0,0,0,0,0,0,0,1
13,65,13,14,1,255,255,255,255,255,255,255,255,255,255,255,0,0,0,0,0,0,0,0,0,0,0,0,0,0,1
1,3,13,11,13,255,255,255,255,255,255,255,255,255,255,255,0,0,0,0,0,0,0,0,0,0,0,0,0,0,1
17,65,1,17,1,255,255,255,255,255,255,255,255,255,255,255,0,0,0,0,0,0,0,0,0,0,0,0,0,0,1
1,3,1,11,17,255,255,255,255,255,255,255,255,255,255,255,0,0,0,0,0,0,0,0,0,0,0,0,0,0,1
17,65,2,16,1,255,255,255,255,255,255,255,255,255,255,255,0,0,0,0,0,0,0,0,0,0,0,0,0,0,1
1,3,2,11,17,255,255,255,255,255,255,255,255,255,255,255,0,0,0,0,0,0,0,0,0,0,0,0,0,0,1
17,65,3,17,1,255,255,255,255,255,255,255,255,255,255,255,0,0,0,0,0,0,0,0,0,0,0,0,0,0,1
1,3,3,11,17,255,255,255,255,255,255,255,255,255,255,255,0,0,0,0,0,0,0,0,0,0,0,0,0,0,1
17,65,4,16,1,255,255,255,255,255,255,255,255,255,255,255,0,0,0,0,0,0,0,0,0,0,0,0,0,0,1
1,3,4,11,17,255,255,255,255,255,255,255,255,255,255,255,0,0,0,0,0,0,0,0,0,0,0,0,0,0,1
17,65,5,13,1,255,255,255,255,255,255,255,255,255,255,255,0,0,0,0,0,0,0,0,0,0,0,0,0,0,1
1,3,5,11,17,255,255,255,255,255,255,255,255,255,255,255,0,0,0,0,0,0,0,0,0,0,0,0,0,0,1
1,65,15,13,17,255,255,255,255,255,255,255,255,255,255,255,0,0,0,0,0,0,0,0,0,0,0,0,0,0,1
17,3,15,11,1,255,255,255,255,255,255,255,255,255,255,255,0,0,0,0,0,0,0,0,0,0,0,0,0,0,1
1,65,8,13,10,255,255,255,255,255,255,255,255,255,255,255,0,0,0,0,0,0,0,0,0,0,0,0,0,0,1
10,3,8,11,1,255,255,255,255,255,255,255,255,255,255,255,0,0,0,0,0,0,0,0,0,0,0,0,0,0,1
10,65,12,14,1,255,255,255,255,255,255,255,255,255,255,255,0,0,0,0,0,0,0,0,0,0,0,0,0,0,1
1,3,12,11,10,255,255,255,255,255,255,255,255,255,255,255,0,0,0,0,0,0,0,0,0,0,0,0,0,0,1
1,65,3,17,16,255,255,255,255,255,255,255,255,255,255,255,0,0,0,0,0,0,0,0,0,0,0,0,0,0,1
16,3,3,11,1,255,255,255,255,255,255,255,255,255,255,255,0,0,0,0,0,0,0,0,0,0,0,0,0,0,1
16,65,11,18,1,255,255,255,255,255,255,255,255,255,255,255,0,0,0,0,0,0,0,0,0,0,0,0,0,0,1
1,3,11,11,16,255,255,255,255,255,255,255,255,255,255,255,0,0,0,0,0,0,0,0,0,0,0,0,0,0,1
1,65,6,17,9,255,255,255,255,255,255,255,255,255,255,255,0,0,0,0,0,0,0,0,0,0,0,0,0,0,1
9,3,6,11,1,255,255,255,255,255,255,255,255,255,255,255,0,0,0,0,0,0,0,0,0,0,0,0,0,0,1
9,65,2,18,1,255,255,255,255,255,255,255,255,255,255,255,0,0,0,0,0,0,0,0,0,0,0,0,0,0,1
1,3,2,11,9,255,255,255,255,255,255,255,255,255,255,255,0,0,0,0,0,0,0,0,0,0,0,0,0,0,1
1,65,10,13,13,255,255,255,255,255,255,255,255,255,255,255,0,0,0,0,0,0,0,0,0,0,0,0,0,0,1
13,3,10,11,1,255,255,255,255,255,255,255,255,255,255,255,0,0,0,0,0,0,0,0,0,0,0,0,0,0,1
13,65,14,14,1,255,255,255,255,255,255,255,255,255,255,255,0,0,0,0,0,0,0,0,0,0,0,0,0,0,1
1,3,14,11,13,255,255,255,255,255,255,255,255,255,255,255,0,0,0,0,0,0,0,0,0,0,0,0,0,0,1
1,65,6,12,15,255,255,255,255,255,255,255,255,255,255,255,0,0,0,0,0,0,0,0,0,0,0,0,0,0,1
1,65,6,12,15,255,255,255,255,255,255,255,255,255,255,255,0,0,0,0,0,0,0,0,0,0,0,0,0,0,1
1,65,6,12,15,255,255,255,255,255,255,255,255,255,255,255,0,0,0,0,0,0,0,0,0,0,0,0,0,0,1
1,129,15,16,15,255,255,255,255,255,255,255,255,255,255,255,0,0,0,0,0,0,0,0,0,0,0,0,0,0,1
1,129,15,16,15,255,255,255,255,255,255,255,255,255,255,255,0,0,0,0,0,0,0,0,0,0,0,0,0,0,1
1,129,15,16,15,255,255,255,255,255,255,255,255,255,255,255,0,0,0,0,0,0,0,0,0,0,0,0,0,0,1
1,129,15,16,15,255,255,255,255,255,255,255,255,255,255,255,0,0,0,0,0,0,0,0,0,0,0,0,0,0,1
1,129,15,16,15,255,255,255,255,255,255,255,255,255,255,255,0,0,0,0,0,0,0,0,0,0,0,0,0,0,1
15,129,15,14,1,255,255,255,255,255,255,255,255,255,255,255,0,0,0,0,0,0,0,0,0,0,0,0,0,0,1
15,193,15,14,1,255,255,255,255,255,255,255,255,255,255,255,0,0,0,0,0,0,0,0,0,0,0,0,0,0,1
1,3,15,10,16,255,255,255,255,255,255,255,255,255,255,255,0,0,0,0,0,0,0,0,0,0,0,0,0,0,1
1,129,1,16,15,255,255,255,255,255,255,255,255,255,255,255,0,0,0,0,0,0,0,0,0,0,0,0,0,0,1
1,129,1,16,15,255,255,255,255,255,255,255,255,255,255,255,0,0,0,0,0,0,0,0,0,0,0,0,0,0,1
1,129,1,16,15,255,255,255,255,255,255,255,255,255,255,255,0,0,0,0,0,0,0,0,0,0,0,0,0,0,1
1,129,1,16,15,255,255,255,255,255,255,255,255,255,255,255,0,0,0,0,0,0,0,0,0,0,0,0,0,0,1
1,129,1,16,15,255,255,255,255,255,255,255,255,255,255,255,0,0,0,0,0,0,0,0,0,0,0,0,0,0,1
15,129,1,14,1,255,255,255,255,255,255,255,255,255,255,255,0,0,0,0,0,0,0,0,0,0,0,0,0,0,1
15,193,1,14,1,255,255,255,255,255,255,255,255,255,255,255,0,0,0,0,0,0,0,0,0,0,0,0,0,0,1
1,3,1,10,16,255,255,255,255,255,255,255,255,255,255,255,0,0,0,0,0,0,0,0,0,0,0,0,0,0,1
1,129,2,15,15,255,255,255,255,255,255,255,255,255,255,255,0,0,0,0,0,0,0,0,0,0,0,0,0,0,1
1,129,2,15,15,255,255,255,255,255,255,255,255,255,255,255,0,0,0,0,0,0,0,0,0,0,0,0,0,0,1
1,129,2,15,15,255,255,255,255,255,255,255,255,255,255,255,0,0,0,0,0,0,0,0,0,0,0,0,0,0,1
1,129,2,15,15,255,255,255,255,255,255,255,255,255,255,255,0,0,0,0,0,0,0,0,0,0,0,0,0,0,1
15,193,2,13,1,255,255,255,255,255,255,255,255,255,255,255,0,0,0,0,0,0,0,0,0,0,0,0,0,0,1
1,3,2,10,13,255,255,255,255,255,255,255,255,255,255,255,0,0,0,0,0,0,0,0,0,0,0,0,0,0,1
1,129,3,16,15,255,255,255,255,255,255,255,255,255,255,255,0,0,0,0,0,0,0,0,0,0,0,0,0,0,1
1,129,3,16,15,255,255,255,255,255,255,255,255,255,255,255,0,0,0,0,0,0,0,0,0,0,0,0,0,0,1
1,129,3,16,15,255,255,255,255,255,255,255,255,255,255,255,0,0,0,0,0,0,0,0,0,0,0,0,0,0,1
1,129,3,16,15,255,255,255,255,255,255,255,255,255,255,255,0,0,0,0,0,0,0,0,0,0,0,0,0,0,1
1,129,3,16,15,255,255,255,255,255,255,255,255,255,255,255,0,0,0,0,0,0,0,0,0,0,0,0,0,0,1
15,129,3,14,1,255,255,255,255,255,255,255,255,255,255,255,0,0,0,0,0,0,0,0,0,0,0,0,0,0,1
15,193,3,14,1,255,255,255,255,255,255,255,255,255,255,255,0,0,0,0,0,0,0,0,0,0,0,0,0,0,1
1,3,3,10,13,255,255,255,255,255,255,255,255,255,255,255,0,0,0,0,0,0,0,0,0,0,0,0,0,0,1
1,129,4,15,15,255,255,255,255,255,255,255,255,255,255,255,0,0,0,0,0,0,0,0,0,0,0,0,0,0,1
1,129,4,15,15,255,255,255,255,255,255,255,255,255,255,255,0,0,0,0,0,0,0,0,0,0,0,0,0,0,1
1,129,4,15,15,255,255,255,255,255,255,255,255,255,255,255,0,0,0,0,0,0,0,0,0,0,0,0,0,0,1
1,129,4,15,15,255,255,255,255,255,255,255,255,255,255,255,0,0,0,0,0,0,0,0,0,0,0,0,0,0,1
15,193,4,13,1,255,255,255,255,255,255,255,255,255,255,255,0,0,0,0,0,0,0,0,0,0,0,0,0,0,1
1,3,4,10,10,255,255,255,255,255,255,255,255,255,255,255,0,0,0,0,0,0,0,0,0,0,0,0,0,0,1
1,65,7,12,15,255,255,255,255,255,255,255,255,255,255,255,0,0,0,0,0,0,0,0,0,0,0,0,0,0,1
1,65,7,12,15,255,255,255,255,255,255,255,255,255,255,255,0,0,0,0,0,0,0,0,0,0,0,0,0,0,1
1,65,7,12,15,255,255,255,255,255,255,255,255,255,255,255,0,0,0,0,0,0,0,0,0,0,0,0,0,0,1
1,69,5,20,15,255,255,255,255,255,255,255,255,255,255,255,0,0,0,0,0,0,0,0,0,0,0,0,0,0,1
1,69,5,20,15,255,255,255,255,255,255,255,255,255,255,255,0,0,0,0,0,0,0,0,0,0,0,0,0,0,1
1,69,5,20,15,255,255,255,255,255,255,255,255,255,255,255,0,0,0,0,0,0,0,0,0,0,0,0,0,0,1
1,69,5,20,15,255,255,255,255,255,255,255,255,255,255,255,0,0,0,0,0,0,0,0,0,0,0,0,0,0,1
1,69,5,20,15,255,255,255,255,255,255,255,255,255,255,255,0,0,0,0,0,0,0,0,0,0,0,0,0,0,1
1,69,5,20,15,255,255,255,255,255,255,255,255,255,255,255,0,0,0,0,0,0,0,0,0,0,0,0,0,0,1
10,65,13,33,1,255,255,255,255,255,255,255,255,255,255,255,0,0,0,0,0,0,0,0,0,7,90,185,161,0,1
1,3,13,11,10,255,255,255,255,255,255,255,255,255,255,255,0,0,0,0,0,0,0,0,0,0,0,0,0,0,1
10,65,14,33,1,255,255,255,255,255,255,255,255,255,255,255,0,0,25,0,0,0,0,0,0,243,160,119,125,0,1
1,3,14,11,10,255,255,255,255,255,255,255,255,255,255,255,0,0,0,0,0,0,0,0,0,0,0,0,0,0,1
10,65,15,29,1,255,255,255,255,255,255,255,255,255,255,255,0,0,0,0,0,202,252,117,144,0,0,0,0,0,1
1,3,15,11,10,255,255,255,255,255,255,255,255,255,255,255,0,0,0,0,0,0,0,0,0,0,0,0,0,0,1
10,65,1,29,1,255,255,255,255,255,255,255,255,255,255,255,0,0,0,0,0,207,99,102,144,0,0,0,0,0,1
1,3,1,11,10,255,255,255,255,255,255,255,255,255,255,255,0,0,0,0,0,0,0,0,0,0,0,0,0,0,1
1,65,14,13,10,255,255,255,255,255,255,255,255,255,255,255,0,0,0,0,0,0,0,0,0,0,0,0,0,0,1
10,3,14,11,1,255,255,255,255,255,255,255,255,255,255,255,0,0,0,0,0,0,0,0,0,0,0,0,0,0,1
10,65,2,14,1,255,255,255,255,255,255,255,255,255,255,255,0,0,0,0,0,0,0,0,0,0,0,0,0,0,1
1,3,2,11,10,255,255,255,255,255,255,255,255,255,255,255,0,0,0,0,0,0,0,0,0,0,0,0,0,0,1
7,3,9,10,1,255,255,255,255,255,255,255,255,255,255,255,0,0,0,0,0,0,0,0,0,0,0,0,0,0,1
1,3,1,10,7,255,255,255,255,255,255,255,255,255,255,255,0,0,0,0,0,0,0,0,0,0,0,0,0,0,1
1,65,8,17,16,255,255,255,255,255,255,255,255,255,255,255,0,0,0,0,0,0,0,0,0,0,0,0,0,0,1
16,3,8,11,1,255,255,255,255,255,255,255,255,255,255,255,0,0,0,0,0,0,0,0,0,0,0,0,0,0,1
16,65,12,18,1,255,255,255,255,255,255,255,255,255,255,255,0,0,0,0,0,0,0,0,0,0,0,0,0,0,1
1,3,12,11,16,255,255,255,255,255,255,255,255,255,255,255,0,0,0,0,0,0,0,0,0,0,0,0,0,0,1
1,65,11,17,9,255,255,255,255,255,255,255,255,255,255,255,0,0,0,0,0,0,0,0,0,0,0,0,0,0,1
9,3,11,11,1,255,255,255,255,255,255,255,255,255,255,255,0,0,0,0,0,0,0,0,0,0,0,0,0,0,1
9,65,3,18,1,255,255,255,255,255,255,255,255,255,255,255,0,0,0,0,0,0,0,0,0,0,0,0,0,0,1
1,3,3,11,9,255,255,255,255,255,255,255,255,255,255,255,0,0,0,0,0,0,0,0,0,0,0,0,0,0,1
1,65,15,13,13,255,255,255,255,255,255,255,255,255,255,255,0,0,0,0,0,0,0,0,0,0,0,0,0,0,1
13,3,15,11,1,255,255,255,255,255,255,255,255,255,255,255,0,0,0,0,0,0,0,0,0,0,0,0,0,0,1
13,65,15,14,1,255,255,255,255,255,255,255,255,255,255,255,0,0,0,0,0,0,0,0,0,0,0,0,0,0,1
1,3,15,11,13,255,255,255,255,255,255,255,255,255,255,255,0,0,0,0,0,0,0,0,0,0,0,0,0,0,1
1,65,2,13,10,255,255,255,255,255,255,255,255,255,255,255,0,0,0,0,0,0,0,0,0,0,0,0,0,0,1
10,3,2,11,1,255,255,255,255,255,255,255,255,255,255,255,0,0,0,0,0,0,0,0,0,0,0,0,0,0,1
10,65,3,14,1,255,255,255,255,255,255,255,255,255,255,255,0,0,0,0,0,0,0,0,0,0,0,0,0,0,1
1,3,3,11,10,255,255,255,255,255,255,255,255,255,255,255,0,0,0,0,0,0,0,0,0,0,0,0,0,0,1
1,65,11,17,16,255,255,255,255,255,255,255,255,255,255,255,0,0,0,0,0,0,0,0,0,0,0,0,0,0,1
16,3,11,11,1,255,255,255,255,255,255,255,255,255,255,255,0,0,0,0,0,0,0,0,0,0,0,0,0,0,1
16,65,13,18,1,255,255,255,255,255,255,255,255,255,255,255,0,0,0,0,0,0,0,0,0,0,0,0,0,0,1
1,3,13,11,16,255,255,255,255,255,255,255,255,255,255,255,0,0,0,0,0,0,0,0,0,0,0,0,0,0,1
1,65,14,17,9,255,255,255,255,255,255,255,255,255,255,255,0,0,0,0,0,0,0,0,0,0,0,0,0,0,1
9,3,14,11,1,255,255,255,255,255,255,255,255,255,255,255,0,0,0,0,0,0,0,0,0,0,0,0,0,0,1
9,65,4,18,1,255,255,255,255,255,255,255,255,255,255,255,0,0,0,0,0,0,0,0,0,0,0,0,0,0,1
1,3,4,11,9,255,255,255,255,255,255,255,255,255,255,255,0,0,0,0,0,0,0,0,0,0,0,0,0,0,1
1,65,3,13,13,255,255,255,255,255,255,255,255,255,255,255,0,0,0,0,0,0,0,0,0,0,0,0,0,0,1
13,3,3,11,1,255,255,255,255,255,255,255,255,255,255,255,0,0,0,0,0,0,0,0,0,0,0,0,0,0,1
13,65,1,14,1,255,255,255,255,255,255,255,255,255,255,255,0,0,0,0,0,0,0,0,0,0,0,0,0,0,1
1,3,1,11,13,255,255,255,255,255,255,255,255,255,255,255,0,0,0,0,0,0,0,0,0,0,0,0,0,0,1
1,65,5,13,10,255,255,255,255,255,255,255,255,255,255,255,0,0,0,0,0,0,0,0,0,0,0,0,0,0,1
10,3,5,11,1,255,255,255,255,255,255,255,255,255,255,255,0,0,0,0,0,0,0,0,0,0,0,0,0,0,1
10,65,4,14,1,255,255,255,255,255,255,255,255,255,255,255,0,0,0,0,0,0,0,0,0,0,0,0,0,0,1
1,3,4,11,10,255,255,255,255,255,255,255,255,255,255,255,0,0,0,0,0,0,0,0,0,0,0,0,0,0,1
11,65,1,12,1,255,255,255,255,255,255,255,255,255,255,255,0,0,0,0,0,0,0,0,0,0,0,0,0,0,1
1,3,1,10,11,255,255,255,255,255,255,255,255,255,255,255,0,0,0,0,0,0,0,0,0,0,0,0,0,0,1
1,65,10,12,11,255,255,255,255,255,255,255,255,255,255,255,0,0,0,0,0,0,0,0,0,0,0,0,0,0,1
11,3,10,10,1,255,255,255,255,255,255,255,255,255,255,255,0,0,0,0,0,0,0,0,0,0,0,0,0,0,1
12,65,1,12,1,255,255,255,255,255,255,255,255,255,255,255,0,0,0,0,0,0,0,0,0,0,0,0,0,0,1
1,3,1,10,12,255,255,255,255,255,255,255,255,255,255,255,0,0,0,0,0,0,0,0,0,0,0,0,0,0,1
1,65,11,12,12,255,255,255,255,255,255,255,255,255,255,255,0,0,0,0,0,0,0,0,0,0,0,0,0,0,1
12,3,11,10,1,255,255,255,255,255,255,255,255,255,255,255,0,0,0,0,0,0,0,0,0,0,0,0,0,0,1
1,65,14,17,16,255,255,255,255,255,255,255,255,255,255,255,0,0,0,0,0,0,0,0,0,0,0,0,0,0,1
16,3,14,11,1,255,255,255,255,255,255,255,255,255,255,255,0,0,0,0,0,0,0,0,0,0,0,0,0,0,1
16,65,14,18,1,255,255,255,255,255,255,255,255,255,255,255,0,0,0,0,0,0,0,0,0,0,0,0,0,0,1
1,3,14,11,16,255,255,255,255,255,255,255,255,255,255,255,0,0,0,0,0,0,0,0,0,0,0,0,0,0,1
1,65,2,17,9,255,255,255,255,255,255,255,255,255,255,255,0,0,0,0,0,0,0,0,0,0,0,0,0,0,1
9,3,2,11,1,255,255,255,255,255,255,255,255,255,255,255,0,0,0,0,0,0,0,0,0,0,0,0,0,0,1
9,65,5,18,1,255,255,255,255,255,255,255,255,255,255,255,0,0,0,0,0,0,0,0,0,0,0,0,0,0,1
1,3,5,11,9,255,255,255,255,255,255,255,255,255,255,255,0,0,0,0,0,0,0,0,0,0,0,0,0,0,1
1,65,6,13,13,255,255,255,255,255,255,255,255,255,255,255,0,0,0,0,0,0,0,0,0,0,0,0,0,0,1
13,3,6,11,1,255,255,255,255,255,255,255,255,255,255,255,0,0,0,0,0,0,0,0,0,0,0,0,0,0,1
13,65,2,14,1,255,255,255,255,255,255,255,255,255,255,255,0,0,0,0,0,0,0,0,0,0,0,0,0,0,1
1,3,2,11,13,255,255,255,255,255,255,255,255,255,255,255,0,0,0,0,0,0,0,0,0,0,0,0,0,0,1
17,65,1,17,1,255,255,255,255,255,255,255,255,255,255,255,0,0,0,0,0,0,0,0,0,0,0,0,0,0,1
1,3,1,11,17,255,255,255,255,255,255,255,255,255,255,255,0,0,0,0,0,0,0,0,0,0,0,0,0,0,1
17,65,2,16,1,255,255,255,255,255,255,255,255,255,255,255,0,0,0,0,0,0,0,0,0,0,0,0,0,0,1
1,3,2,11,17,255,255,255,255,255,255,255,255,255,255,255,0,0,0,0,0,0,0,0,0,0,0,0,0,0,1
17,65,3,17,1,255,255,255,255,255,255,255,255,255,255,255,0,0,0,0,0,0,0,0,0,0,0,0,0,0,1
1,3,3,11,17,255,255,255,255,255,255,255,255,255,255,255,0,0,0,0,0,0,0,0,0,0,0,0,0,0,1
17,65,4,16,1,255,255,255,255,255,255,255,255,255,255,255,0,0,0,0,0,0,0,0,0,0,0,0,0,0,1
1,3,4,11,17,255,255,255,255,255,255,255,255,255,255,255,0,0,0,0,0,0,0,0,0,0,0,0,0,0,1
17,65,5,13,1,255,255,255,255,255,255,255,255,255,255,255,0,0,0,0,0,0,0,0,0,0,0,0,0,0,1
1,3,5,11,17,255,255,255,255,255,255,255,255,255,255,255,0,0,0,0,0,0,0,0,0,0,0,0,0,0,1
1,65,12,13,17,255,255,255,255,255,255,255,255,255,255,255,0,0,0,0,0,0,0,0,0,0,0,0,0,0,1
17,3,12,11,1,255,255,255,255,255,255,255,255,255,255,255,0,0,0,0,0,0,0,0,0,0,0,0,0,0,1
1,65,7,13,10,255,255,255,255,255,255,255,255,255,255,255,0,0,0,0,0,0,0,0,0,0,0,0,0,0,1
10,3,7,11,1,255,255,255,255,255,255,255,255,255,255,255,0,0,0,0,0,0,0,0,0,0,0,0,0,0,1
10,65,5,14,1,255,255,255,255,255,255,255,255,255,255,255,0,0,0,0,0,0,0,0,0,0,0,0,0,0,1
1,3,5,11,10,255,255,255,255,255,255,255,255,255,255,255,0,0,0,0,0,0,0,0,0,0,0,0,0,0,1
1,65,1,17,16,255,255,255,255,255,255,255,255,255,255,255,0,0,0,0,0,0,0,0,0,0,0,0,0,0,1
16,3,1,11,1,255,255,255,255,255,255,255,255,255,255,255,0,0,0,0,0,0,0,0,0,0,0,0,0,0,1
16,65,15,18,1,255,255,255,255,255,255,255,255,255,255,255,0,0,0,0,0,0,0,0,0,0,0,0,0,0,1
1,3,15,11,16,255,255,255,255,255,255,255,255,255,255,255,0,0,0,0,0,0,0,0,0,0,0,0,0,0,1
1,65,4,17,9,255,255,255,255,255,255,255,255,255,255,255,0,0,0,0,0,0,0,0,0,0,0,0,0,0,1
9,3,4,11,1,255,255,255,255,255,255,255,255,255,255,255,0,0,0,0,0,0,0,0,0,0,0,0,0,0,1
9,65,6,18,1,255,255,255,255,255,255,255,255,255,255,255,0,0,0,0,0,0,0,0,0,0,0,0,0,0,1
1,3,6,11,9,255,255,255,255,255,255,255,255,255,255,255,0,0,0,0,0,0,0,0,0,0,0,0,0,0,1
1,65,8,13,13,255,255,255,255,255,255,255,255,255,255,255,0,0,0,0,0,0,0,0,0,0,0,0,0,0,1
13,3,8,11,1,255,255,255,255,255,255,255,255,255,255,255,0,0,0,0,0,0,0,0,0,0,0,0,0,0,1
13,65,3,14,1,255,255,255,255,255,255,255,255,255,255,255,0,0,0,0,0,0,0,0,0,0,0,0,0,0,1
1,3,3,11,13,255,255,255,255,255,255,255,255,255,255,255,0,0,0,0,0,0,0,0,0,0,0,0,0,0,1
10,65,6,33,1,255,255,255,255,255,255,255,255,255,255,255,0,0,0,0,0,0,0,0,0,7,90,122,159,0,1
1,3,6,11,10,255,255,255,255,255,255,255,255,255,255,255,0,0,0,0,0,0,0,0,0,0,0,0,0,0,1
10,65,7,33,1,255,255,255,255,255,255,255,255,255,255,255,0,0,26,0,0,0,0,0,0,43,34,63,43,0,1
1,3,7,11,10,255,255,255,255,255,255,255,255,255,255,255,0,0,0,0,0,0,0,0,0,0,0,0,0,0,1
1,65,12,12,8,255,255,255,255,255,255,255,255,255,255,255,0,0,0,0,0,0,0,0,0,0,0,0,0,0,1
1,65,12,12,8,255,255,255,255,255,255,255,255,255,255,255,0,0,0,0,0,0,0,0,0,0,0,0,0,0,1
1,65,12,12,8,255,255,255,255,255,255,255,255,255,255,255,0,0,0,0,0,0,0,0,0,0,0,0,0,0,1
1,65,13,12,8,255,255,255,255,255,255,255,255,255,255,255,0,0,0,0,0,0,0,0,0,0,0,0,0,0,1
8,3,13,10,1,255,255,255,255,255,255,255,255,255,255,255,0,0,0,0,0,0,0,0,0,0,0,0,0,0,1
8,65,65,13,1,255,255,255,255,255,255,255,255,255,255,255,0,0,0,0,0,0,0,0,0,0,0,0,0,0,1
1,3,1,10,8,255,255,255,255,255,255,255,255,255,255,255,0,0,0,0,0,0,0,0,0,0,0,0,0,0,1
10,65,8,29,1,255,255,255,255,255,255,255,255,255,255,255,0,0,0,0,0,202,252,124,16,0,0,0,0,0,1
1,3,8,11,10,255,255,255,255,255,255,255,255,255,255,255,0,0,0,0,0,0,0,0,0,0,0,0,0,0,1
10,65,9,29,1,255,255,255,255,255,255,255,255,255,255,255,0,0,0,0,0,202,252,169,230,0,0,0,0,0,1
1,3,9,11,10,255,255,255,255,255,255,255,255,255,255,255,0,0,0,0,0,0,0,0,0,0,0,0,0,0,1
10,65,10,29,1,255,255,255,255,255,255,255,255,255,255,255,0,0,0,0,0,207,99,199,221,0,0,0,0,0,1
1,3,10,11,10,255,255,255,255,255,255,255,255,255,255,255,0,0,0,0,0,0,0,0,0,0,0,0,0,0,1
1,65,7,13,10,255,255,255,255,255,255,255,255,255,255,255,0,0,0,0,0,0,0,0,0,0,0,0,0,0,1
10,3,7,11,1,255,255,255,255,255,255,255,255,255,255,255,0,0,0,0,0,0,0,0,0,0,0,0,0,0,1
10,65,11,14,1,255,255,255,255,255,255,255,255,255,255,255,0,0,0,0,0,0,0,0,0,0,0,0,0,0,1
1,3,11,11,10,255,255,255,255,255,255,255,255,255,255,255,0,0,0,0,0,0,0,0,0,0,0,0,0,0,1
7,3,15,10,1,255,255,255,255,255,255,255,255,255,255,255,0,0,0,0,0,0,0,0,0,0,0,0,0,0,1
1,3,1,10,7,255,255,255,255,255,255,255,255,255,255,255,0,0,0,0,0,0,0,0,0,0,0,0,0,0,1
1,65,1,17,16,255,255,255,255,255,255,255,255,255,255,255,0,0,0,0,0,0,0,0,0,0,0,0,0,0,1
16,3,1,11,1,255,255,255,255,255,255,255,255,255,255,255,0,0,0,0,0,0,0,0,0,0,0,0,0,0,1
16,65,1,18,1,255,255,255,255,255,255,255,255,255,255,255,0,0,0,0,0,0,0,0,0,0,0,0,0,0,1
1,3,1,11,16,255,255,255,255,255,255,255,255,255,255,255,0,0,0,0,0,0,0,0,0,0,0,0,0,0,1
1,65,4,17,9,255,255,255,255,255,255,255,255,255,255,255,0,0,0,0,0,0,0,0,0,0,0,0,0,0,1
9,3,4,11,1,255,255,255,255,255,255,255,255,255,255,255,0,0,0,0,0,0,0,0,0,0,0,0,0,0,1
9,65,7,18,1,255,255,255,255,255,255,255,255,255,255,255,0,0,0,0,0,0,0,0,0,0,0,0,0,0,1
1,3,7,11,9,255,255,255,255,255,255,255,255,255,255,255,0,0,0,0,0,0,0,0,0,0,0,0,0,0,1
1,3,7,11,16,255,255,255,255,255,255,255,255,255,255,255,0,0,0,0,0,0,0,0,0,0,0,0,0,0,1
1,3,6,10,16,255,255,255,255,255,255,255,255,255,255,255,0,0,0,0,0,0,0,0,0,0,0,0,0,0,1
1,3,8,11,16,255,255,255,255,255,255,255,255,255,255,255,0,0,0,0,0,0,0,0,0,0,0,0,0,0,1
1,3,7,10,16,255,255,255,255,255,255,255,255,255,255,255,0,0,0,0,0,0,0,0,0,0,0,0,0,0,1
1,3,9,11,13,255,255,255,255,255,255,255,255,255,255,255,0,0,0,0,0,0,0,0,0,0,0,0,0,0,1
1,3,8,10,13,255,255,255,255,255,255,255,255,255,255,255,0,0,0,0,0,0,0,0,0,0,0,0,0,0,1
1,3,10,11,13,255,255,255,255,255,255,255,255,255,255,255,0,0,0,0,0,0,0,0,0,0,0,0,0,0,1
1,3,9,10,13,255,255,255,255,255,255,255,255,255,255,255,0,0,0,0,0,0,0,0,0,0,0,0,0,0,1
1,3,11,11,10,255,255,255,255,255,255,255,255,255,255,255,0,0,0,0,0,0,0,0,0,0,0,0,0,0,1
1,3,10,10,10,255,255,255,255,255,255,255,255,255,255,255,0,0,0,0,0,0,0,0,0,0,0,0,0,0,1
1,65,13,13,13,255,255,255,255,255,255,255,255,255,255,255,0,0,0,0,0,0,0,0,0,0,0,0,0,0,1
13,3,13,11,1,255,255,255,255,255,255,255,255,255,255,255,0,0,0,0,0,0,0,0,0,0,0,0,0,0,1
13,65,4,14,1,255,255,255,255,255,255,255,255,255,255,255,0,0,0,0,0,0,0,0,0,0,0,0,0,0,1
1,3,4,11,13,255,255,255,255,255,255,255,255,255,255,255,0,0,0,0,0,0,0,0,0,0,0,0,0,0,1
1,65,15,13,10,255,255,255,255,255,255,255,255,255,255,255,0,0,0,0,0,0,0,0,0,0,0,0,0,0,1
10,3,15,11,1,255,255,255,255,255,255,255,255,255,255,255,0,0,0,0,0,0,0,0,0,0,0,0,0,0,1
10,65,12,14,1,255,255,255,255,255,255,255,255,255,255,255,0,0,0,0,0,0,0,0,0,0,0,0,0,0,1
1,3,12,11,10,255,255,255,255,255,255,255,255,255,255,255,0,0,0,0,0,0,0,0,0,0,0,0,0,0,1
1,65,9,17,16,255,255,255,255,255,255,255,255,255,255,255,0,0,0,0,0,0,0,0,0,0,0,0,0,0,1
16,3,9,11,1,255,255,255,255,255,255,255,255,255,255,255,0,0,0,0,0,0,0,0,0,0,0,0,0,0,1
16,65,2,18,1,255,255,255,255,255,255,255,255,255,255,255,0,0,0,0,0,0,0,0,0,0,0,0,0,0,1
1,3,2,11,16,255,255,255,255,255,255,255,255,255,255,255,0,0,0,0,0,0,0,0,0,0,0,0,0,0,1
1,65,12,17,9,255,255,255,255,255,255,255,255,255,255,255,0,0,0,0,0,0,0,0,0,0,0,0,0,0,1
9,3,12,11,1,255,255,255,255,255,255,255,255,255,255,255,0,0,0,0,0,0,0,0,0,0,0,0,0,0,1
9,65,8,18,1,255,255,255,255,255,255,255,255,255,255,255,0,0,0,0,0,0,0,0,0,0,0,0,0,0,1
1,3,8,11,9,255,255,255,255,255,255,255,255,255,255,255,0,0,0,0,0,0,0,0,0,0,0,0,0,0,1
1,65,1,13,13,255,255,255,255,255,255,255,255,255,255,255,0,0,0,0,0,0,0,0,0,0,0,0,0,0,1
13,3,1,11,1,255,255,255,255,255,255,255,255,255,255,255,0,0,0,0,0,0,0,0,0,0,0,0,0,0,1
13,65,5,14,1,255,255,255,255,255,255,255,255,255,255,255,0,0,0,0,0,0,0,0,0,0,0,0,0,0,1
1,3,5,11,13,255,255,255,255,255,255,255,255,255,255,255,0,0,0,0,0,0,0,0,0,0,0,0,0,0,1
1,65,3,13,10,255,255,255,255,255,255,255,255,255,255,255,0,0,0,0,0,0,0,0,0,0,0,0,0,0,1
10,3,3,11,1,255,255,255,255,255,255,255,255,255,255,255,0,0,0,0,0,0,0,0,0,0,0,0,0,0,1
10,65,13,14,1,255,255,255,255,255,255,255,255,255,255,255,0,0,0,0,0,0,0,0,0,0,0,0,0,0,1
1,3,13,11,10,255,255,255,255,255,255,255,255,255,255,255,0,0,0,0,0,0,0,0,0,0,0,0,0,0,1
1,65,12,17,16,255,255,255,255,255,255,255,255,255,255,255,0,0,0,0,0,0,0,0,0,0,0,0,0,0,1
16,3,12,11,1,255,255,255,255,255,255,255,255,255,255,255,0,0,0,0,0,0,0,0,0,0,0,0,0,0,1
16,65,3,18,1,255,255,255,255,255,255,255,255,255,255,255,0,0,0,0,0,0,0,0,0,0,0,0,0,0,1
1,3,3,11,16,255,255,255,255,255,255,255,255,255,255,255,0,0,0,0,0,0,0,0,0,0,0,0,0,0,1
1,65,1,17,9,255,255,255,255,255,255,255,255,255,255,255,0,0,0,0,0,0,0,0,0,0,0,0,0,0,1
9,3,1,11,1,255,255,255,255,255,255,255,255,255,255,255,0,0,0,0,0,0,0,0,0,0,0,0,0,0,1
9,65,9,18,1,255,255,255,255,255,255,255,255,255,255,255,0,0,0,0,0,0,0,0,0,0,0,0,0,0,1
1,3,9,11,9,255,255,255,255,255,255,255,255,255,255,255,0,0,0,0,0,0,0,0,0,0,0,0,0,0,1
1,65,4,13,13,255,255,255,255,255,255,255,255,255,255,255,0,0,0,0,0,0,0,0,0,0,0,0,0,0,1
13,3,4,11,1,255,255,255,255,255,255,255,255,255,255,255,0,0,0,0,0,0,0,0,0,0,0,0,0,0,1
13,65,6,14,1,255,255,255,255,255,255,255,255,255,255,255,0,0,0,0,0,0,0,0,0,0,0,0,0,0,1
1,3,6,11,13,255,255,255,255,255,255,255,255,255,255,255,0,0,0,0,0,0,0,0,0,0,0,0,0,0,1
17,65,1,17,1,255,255,255,255,255,255,255,255,255,255,255,0,0,0,0,0,0,0,0,0,0,0,0,0,0,1
1,3,1,11,17,255,255,255,255,255,255,255,255,255,255,255,0,0,0,0,0,0,0,0,0,0,0,0,0,0,1
17,65,2,16,1,255,255,255,255,255,255,255,255,255,255,255,0,0,0,0,0,0,0,0,0,0,0,0,0,0,1
1,3,2,11,17,255,255,255,255,255,255,255,255,255,255,255,0,0,0,0,0,0,0,0,0,0,0,0,0,0,1
17,65,3,17,1,255,255,255,255,255,255,255,255,255,255,255,0,0,0,0,0,0,0,0,0,0,0,0,0,0,1
1,3,3,11,17,255,255,255,255,255,255,255,255,255,255,255,0,0,0,0,0,0,0,0,0,0,0,0,0,0,1
17,65,4,16,1,255,255,255,255,255,255,255,255,255,255,255,0,0,0,0,0,0,0,0,0,0,0,0,0,0,1
1,3,4,11,17,255,255,255,255,255,255,255,255,255,255,255,0,0,0,0,0,0,0,0,0,0,0,0,0,0,1
17,65,5,13,1,255,255,255,255,255,255,255,255,255,255,255,0,0,0,0,0,0,0,0,0,0,0,0,0,0,1
1,3,5,11,17,255,255,255,255,255,255,255,255,255,255,255,0,0,0,0,0,0,0,0,0,0,0,0,0,0,1
1,65,7,13,17,255,255,255,255,255,255,255,255,255,255,255,0,0,0,0,0,0,0,0,0,0,0,0,0,0,1
17,3,7,11,1,255,255,255,255,255,255,255,255,255,255,255,0,0,0,0,0,0,0,0,0,0,0,0,0,0,1
11,65,1,12,1,255,255,255,255,255,255,255,255,255,255,255,0,0,0,0,0,0,0,0,0,0,0,0,0,0,1
1,3,1,10,11,255,255,255,255,255,255,255,255,255,255,255,0,0,0,0,0,0,0,0,0,0,0,0,0,0,1
1,65,1,12,11,255,255,255,255,255,255,255,255,255,255,255,0,0,0,0,0,0,0,0,0,0,0,0,0,0,1
11,3,1,10,1,255,255,255,255,255,255,255,255,255,255,255,0,0,0,0,0,0,0,0,0,0,0,0,0,0,1
12,65,1,12,1,255,255,255,255,255,255,255,255,255,255,255,0,0,0,0,0,0,0,0,0,0,0,0,0,0,1
1,3,1,10,12,255,255,255,255,255,255,255,255,255,255,255,0,0,0,0,0,0,0,0,0,0,0,0,0,0,1
1,65,2,12,12,255,255,255,255,255,255,255,255,255,255,255,0,0,0,0,0,0,0,0,0,0,0,0,0,0,1
12,3,2,10,1,255,255,255,255,255,255,255,255,255,255,255,0,0,0,0,0,0,0,0,0,0,0,0,0,0,1
1,65,7,13,10,255,255,255,255,255,255,255,255,255,255,255,0,0,0,0,0,0,0,0,0,0,0,0,0,0,1
10,3,7,11,1,255,255,255,255,255,255,255,255,255,255,255,0,0,0,0,0,0,0,0,0,0,0,0,0,0,1
10,65,14,14,1,255,255,255,255,255,255,255,255,255,255,255,0,0,0,0,0,0,0,0,0,0,0,0,0,0,1
1,3,14,11,10,255,255,255,255,255,255,255,255,255,255,255,0,0,0,0,0,0,0,0,0,0,0,0,0,0,1
1,65,1,17,16,255,255,255,255,255,255,255,255,255,255,255,0,0,0,0,0,0,0,0,0,0,0,0,0,0,1
16,3,1,11,1,255,255,255,255,255,255,255,255,255,255,255,0,0,0,0,0,0,0,0,0,0,0,0,0,0,1
16,65,4,18,1,255,255,255,255,255,255,255,255,255,255,255,0,0,0,0,0,0,0,0,0,0,0,0,0,0,1
1,3,4,11,16,255,255,255,255,255,255,255,255,255,255,255,0,0,0,0,0,0,0,0,0,0,0,0,0,0,1
1,65,5,17,9,255,255,255,255,255,255,255,255,255,255,255,0,0,0,0,0,0,0,0,0,0,0,0,0,0,1
9,3,5,11,1,255,255,255,255,255,255,255,255,255,255,255,0,0,0,0,0,0,0,0,0,0,0,0,0,0,1
9,65,10,18,1,255,255,255,255,255,255,255,255,255,255,255,0,0,0,0,0,0,0,0,0,0,0,0,0,0,1
1,3,10,11,9,255,255,255,255,255,255,255,255,255,255,255,0,0,0,0,0,0,0,0,0,0,0,0,0,0,1
1,65,8,13,13,255,255,255,255,255,255,255,255,255,255,255,0,0,0,0,0,0,0,0,0,0,0,0,0,0,1
13,3,8,11,1,255,255,255,255,255,255,255,255,255,255,255,0,0,0,0,0,0,0,0,0,0,0,0,0,0,1
13,65,7,14,1,255,255,255,255,255,255,255,255,255,255,255,0,0,0,0,0,0,0,0,0,0,0,0,0,0,1
1,3,7,11,13,255,255,255,255,255,255,255,255,255,255,255,0,0,0,0,0,0,0,0,0,0,0,0,0,0,1
10,65,15,33,1,255,255,255,255,255,255,255,255,255,255,255,0,0,0,0,0,0,0,0,0,7,90,50,201,0,1
1,3,15,11,10,255,255,255,255,255,255,255,255,255,255,255,0,0,0,0,0,0,0,0,0,0,0,0,0,0,1
10,65,1,33,1,255,255,255,255,255,255,255,255,255,255,255,0,0,27,0,0,0,0,0,0,147,67,178,178,0,1
1,3,1,11,10,255,255,255,255,255,255,255,255,255,255,255,0,0,0,0,0,0,0,0,0,0,0,0,0,0,1
10,65,2,29,1,255,255,255,255,255,255,255,255,255,255,255,0,0,0,0,0,202,252,8,171,0,0,0,0,0,1
1,3,2,11,10,255,255,255,255,255,255,255,255,255,255,255,0,0,0,0,0,0,0,0,0,0,0,0,0,0,1
10,65,3,29,1,255,255,255,255,255,255,255,255,255,255,255,0,0,0,0,0,207,99,221,93,0,0,0,0,0,1
1,3,3,11,10,255,255,255,255,255,255,255,255,255,255,255,0,0,0,0,0,0,0,0,0,0,0,0,0,0,1
1,65,10,13,10,255,255,255,255,255,255,255,255,255,255,255,0,0,0,0,0,0,0,0,0,0,0,0,0,0,1
10,3,10,11,1,255,255,255,255,255,255,255,255,255,255,255,0,0,0,0,0,0,0,0,0,0,0,0,0,0,1
10,65,4,14,1,255,255,255,255,255,255,255,255,255,255,255,0,0,0,0,0,0,0,0,0,0,0,0,0,0,1
1,3,4,11,10,255,255,255,255,255,255,255,255,255,255,255,0,0,0,0,0,0,0,0,0,0,0,0,0,0,1
7,3,4,10,1,255,255,255,255,255,255,255,255,255,255,255,0,0,0,0,0,0,0,0,0,0,0,0,0,0,1
1,3,1,10,7,255,255,255,255,255,255,255,255,255,255,255,0,0,0,0,0,0,0,0,0,0,0,0,0,0,1
1,65,4,17,16,255,255,255,255,255,255,255,255,255,255,255,0,0,0,0,0,0,0,0,0,0,0,0,0,0,1
16,65,5,18,1,255,255,255,255,255,255,255,255,255,255,255,0,0,0,0,0,0,0,0,0,0,0,0,0,0,1
1,3,5,11,16,255,255,255,255,255,255,255,255,255,255,255,0,0,0,0,0,0,0,0,0,0,0,0,0,0,1
1,65,8,17,9,255,255,255,255,255,255,255,255,255,255,255,0,0,0,0,0,0,0,0,0,0,0,0,0,0,1
9,3,8,11,1,255,255,255,255,255,255,255,255,255,255,255,0,0,0,0,0,0,0,0,0,0,0,0,0,0,1
9,65,11,18,1,255,255,255,255,255,255,255,255,255,255,255,0,0,0,0,0,0,0,0,0,0,0,0,0,0,1
1,3,11,11,9,255,255,255,255,255,255,255,255,255,255,255,0,0,0,0,0,0,0,0,0,0,0,0,0,0,1
1,65,11,13,13,255,255,255,255,255,255,255,255,255,255,255,0,0,0,0,0,0,0,0,0,0,0,0,0,0,1
13,3,11,11,1,255,255,255,255,255,255,255,255,255,255,255,0,0,0,0,0,0,0,0,0,0,0,0,0,0,1
64,65,8,14,64,32,3,0,29,176,0,0,0,0,0,0,0,0,0,0,0,0,0,0,0,0,0,0,0,0,1
64,3,8,11,64,220,176,0,0,0,0,0,0,0,0,0,0,0,0,0,0,0,0,0,0,0,0,0,0,0,1
64,65,13,13,64,32,2,177,59,0,0,0,0,0,0,0,0,0,0,0,0,0,0,0,0,0,0,0,0,0,1
64,3,13,11,64,26,51,0,0,0,0,0,0,0,0,0,0,0,0,0,0,0,0,0,0,0,0,0,0,0,1
64,65,5,14,64,32,3,0,148,235,0,0,0,0,0,0,0,0,0,0,0,0,0,0,0,0,0,0,0,0,1
64,3,5,11,64,238,6,0,0,0,0,0,0,0,0,0,0,0,0,0,0,0,0,0,0,0,0,0,0,0,1
64,65,10,17,64,86,1,32,2,77,38,171,25,0,0,0,0,0,0,0,0,0,0,0,0,0,0,0,0,0,1
64,3,10,11,64,221,87,0,0,0,0,0,0,0,0,0,0,0,0,0,0,0,0,0,0,0,0,0,0,0,1
64,65,6,18,64,86,1,32,3,0,140,88,153,249,0,0,0,0,0,0,0,0,0,0,0,0,0,0,0,0,1
64,3,6,11,64,4,45,0,0,0,0,0,0,0,0,0,0,0,0,0,0,0,0,0,0,0,0,0,0,0,1
64,65,14,17,64,86,1,32,2,77,38,43,65,0,0,0,0,0,0,0,0,0,0,0,0,0,0,0,0,0,1
64,3,14,11,64,173,177,0,0,0,0,0,0,0,0,0,0,0,0,0,0,0,0,0,0,0,0,0,0,0,1
64,65,12,18,64,86,1,32,3,0,140,88,34,181,0,0,0,0,0,0,0,0,0,0,0,0,0,0,0,0,1
64,3,12,11,64,64,244,0,0,0,0,0,0,0,0,0,0,0,0,0,0,0,0,0,0,0,0,0,0,0,1
64,65,2,13,64,32,2,81,82,0,0,0,0,0,0,0,0,0,0,0,0,0,0,0,0,0,0,0,0,0,1
64,3,2,11,64,81,214,0,0,0,0,0,0,0,0,0,0,0,0,0,0,0,0,0,0,0,0,0,0,0,1
64,65,9,14,64,32,3,0,88,16,0,0,0,0,0,0,0,0,0,0,0,0,0,0,0,0,0,0,0,0,1
64,3,9,11,64,235,128,0,0,0,0,0,0,0,0,0,0,0,0,0,0,0,0,0,0,0,0,0,0,0,1
64,65,4,13,64,32,2,25,71,0,0,0,0,0,0,0,0,0,0,0,0,0,0,0,0,0,0,0,0,0,1
64,3,4,11,64,132,162,0,0,0,0,0,0,0,0,0,0,0,0,0,0,0,0,0,0,0,0,0,0,0,1
64,65,6,14,64,32,3,0,90,11,0,0,0,0,0,0,0,0,0,0,0,0,0,0,0,0,0,0,0,0,1
64,3,6,11,64,183,86,0,0,0,0,0,0,0,0,0,0,0,0,0,0,0,0,0,0,0,0,0,0,0,1
64,65,13,17,64,86,1,32,2,77,38,26,178,0,0,0,0,0,0,0,0,0,0,0,0,0,0,0,0,0,1
64,3,13,11,64,88,199,0,0,0,0,0,0,0,0,0,0,0,0,0,0,0,0,0,0,0,0,0,0,0,1
64,65,7,18,64,86,1,32,3,0,140,88,246,188,0,0,0,0,0,0,0,0,0,0,0,0,0,0,0,0,1
64,3,7,11,64,51,29,0,0,0,0,0,0,0,0,0,0,0,0,0,0,0,0,0,0,0,0,0,0,0,1
64,65,5,12,64,49,4,59,0,0,0,0,0,0,0,0,0,0,0,0,0,0,0,0,0,0,0,0,0,0,1
64,65,5,12,64,49,4,59,0,0,0,0,0,0,0,0,0,0,0,0,0,0,0,0,0,0,0,0,0,0,1
64,65,5,12,64,49,4,59,0,0,0,0,0,0,0,0,0,0,0,0,0,0,0,0,0,0,0,0,0,0,1
64,129,12,16,64,0,32,16,13,49,4,211,0,0,0,0,0,0,0,0,0,0,0,0,0,0,0,0,0,0,1
64,129,12,16,64,0,33,16,13,49,4,210,0,0,0,0,0,0,0,0,0,0,0,0,0,0,0,0,0,0,1
64,129,12,16,64,0,34,16,13,49,4,209,0,0,0,0,0,0,0,0,0,0,0,0,0,0,0,0,0,0,1
64,129,12,16,64,0,34,16,13,49,4,209,0,0,0,0,0,0,0,0,0,0,0,0,0,0,0,0,0,0,1
64,129,12,16,64,0,34,16,13,49,4,209,0,0,0,0,0,0,0,0,0,0,0,0,0,0,0,0,0,0,1
64,129,12,14,64,37,32,16,13,221,0,0,0,0,0,0,0,0,0,0,0,0,0,0,0,0,0,0,0,0,1
64,193,12,14,64,37,47,16,13,146,0,0,0,0,0,0,0,0,0,0,0,0,0,0,0,0,0,0,0,0,1
64,3,12,10,64,92,0,0,0,0,0,0,0,0,0,0,0,0,0,0,0,0,0,0,0,0,0,0,0,0,1
64,129,13,16,64,0,32,16,9,49,4,214,0,0,0,0,0,0,0,0,0,0,0,0,0,0,0,0,0,0,1
64,129,13,16,64,0,33,16,9,49,4,215,0,0,0,0,0,0,0,0,0,0,0,0,0,0,0,0,0,0,1
64,129,13,16,64,0,34,16,9,49,4,212,0,0,0,0,0,0,0,0,0,0,0,0,0,0,0,0,0,0,1
64,129,13,16,64,0,34,16,9,49,4,212,0,0,0,0,0,0,0,0,0,0,0,0,0,0,0,0,0,0,1
64,129,13,16,64,0,34,16,9,49,4,212,0,0,0,0,0,0,0,0,0,0,0,0,0,0,0,0,0,0,1
64,129,13,14,64,37,32,16,9,216,0,0,0,0,0,0,0,0,0,0,0,0,0,0,0,0,0,0,0,0,1
64,193,13,14,64,37,47,16,9,151,0,0,0,0,0,0,0,0,0,0,0,0,0,0,0,0,0,0,0,0,1
64,3,13,10,64,93,0,0,0,0,0,0,0,0,0,0,0,0,0,0,0,0,0,0,0,0,0,0,0,0,1
64,129,14,15,64,0,16,13,49,4,238,0,0,0,0,0,0,0,0,0,0,0,0,0,0,0,0,0,0,0,1
64,129,14,15,64,0,17,13,49,4,239,0,0,0,0,0,0,0,0,0,0,0,0,0,0,0,0,0,0,0,1
64,129,14,15,64,0,17,13,49,4,239,0,0,0,0,0,0,0,0,0,0,0,0,0,0,0,0,0,0,0,1
64,129,14,15,64,0,17,13,49,4,239,0,0,0,0,0,0,0,0,0,0,0,0,0,0,0,0,0,0,0,1
64,193,14,13,64,21,31,13,131,0,0,0,0,0,0,0,0,0,0,0,0,0,0,0,0,0,0,0,0,0,1
64,3,14,10,64,67,0,0,0,0,0,0,0,0,0,0,0,0,0,0,0,0,0,0,0,0,0,0,0,0,1
64,129,15,16,64,0,32,13,10,49,4,202,0,0,0,0,0,0,0,0,0,0,0,0,0,0,0,0,0,0,1
64,129,15,16,64,0,33,13,10,49,4,203,0,0,0,0,0,0,0,0,0,0,0,0,0,0,0,0,0,0,1
64,129,15,16,64,0,34,13,10,49,4,200,0,0,0,0,0,0,0,0,0,0,0,0,0,0,0,0,0,0,1
64,129,15,16,64,0,34,13,10,49,4,200,0,0,0,0,0,0,0,0,0,0,0,0,0,0,0,0,0,0,1
64,129,15,16,64,0,34,13,10,49,4,200,0,0,0,0,0,0,0,0,0,0,0,0,0,0,0,0,0,0,1
64,129,15,14,64,37,32,13,10,196,0,0,0,0,0,0,0,0,0,0,0,0,0,0,0,0,0,0,0,0,1
64,193,15,14,64,37,47,13,10,139,0,0,0,0,0,0,0,0,0,0,0,0,0,0,0,0,0,0,0,0,1
64,3,15,10,64,66,0,0,0,0,0,0,0,0,0,0,0,0,0,0,0,0,0,0,0,0,0,0,0,0,1
64,129,1,15,64,0,16,10,49,4,230,0,0,0,0,0,0,0,0,0,0,0,0,0,0,0,0,0,0,0,1
64,129,1,15,64,0,17,10,49,4,231,0,0,0,0,0,0,0,0,0,0,0,0,0,0,0,0,0,0,0,1
64,129,1,15,64,0,17,10,49,4,231,0,0,0,0,0,0,0,0,0,0,0,0,0,0,0,0,0,0,0,1
64,129,1,15,64,0,17,10,49,4,231,0,0,0,0,0,0,0,0,0,0,0,0,0,0,0,0,0,0,0,1
64,193,1,13,64,21,31,10,139,0,0,0,0,0,0,0,0,0,0,0,0,0,0,0,0,0,0,0,0,0,1
64,3,1,10,64,75,0,0,0,0,0,0,0,0,0,0,0,0,0,0,0,0,0,0,0,0,0,0,0,0,1
64,65,6,12,64,49,4,56,0,0,0,0,0,0,0,0,0,0,0,0,0,0,0,0,0,0,0,0,0,0,1
64,65,6,12,64,49,4,56,0,0,0,0,0,0,0,0,0,0,0,0,0,0,0,0,0,0,0,0,0,0,1
64,65,6,12,64,49,4,56,0,0,0,0,0,0,0,0,0,0,0,0,0,0,0,0,0,0,0,0,0,0,1
64,69,2,20,64,32,0,250,64,0,0,0,0,49,4,186,0,0,0,0,0,0,0,0,0,0,0,0,0,0,1
64,69,2,20,64,32,0,250,49,13,0,0,0,49,4,198,0,0,0,0,0,0,0,0,0,0,0,0,0,0,1
64,69,2,20,64,32,0,250,49,10,0,0,0,49,4,193,0,0,0,0,0,0,0,0,0,0,0,0,0,0,1
64,69,2,20,64,32,0,250,49,18,0,0,0,49,4,217,0,0,0,0,0,0,0,0,0,0,0,0,0,0,1
64,69,2,20,64,32,0,250,49,9,0,0,0,49,4,194,0,0,0,0,0,0,0,0,0,0,0,0,0,0,1
64,65,2,17,64,86,1,32,2,77,38,158,81,0,0,0,0,0,0,0,0,0,0,0,0,0,0,0,0,0,1
64,3,2,11,64,216,208,0,0,0,0,0,0,0,0,0,0,0,0,0,0,0,0,0,0,0,0,0,0,0,1
64,65,13,18,64,86,1,32,3,0,140,88,77,240,0,0,0,0,0,0,0,0,0,0,0,0,0,0,0,0,1
64,3,13,11,64,119,196,0,0,0,0,0,0,0,0,0,0,0,0,0,0,0,0,0,0,0,0,0,0,0,1
64,65,1,17,64,49,5,1,42,2,108,241,59,0,0,0,0,0,0,0,0,0,0,0,0,0,0,0,0,0,1
64,3,1,11,64,145,156,0,0,0,0,0,0,0,0,0,0,0,0,0,0,0,0,0,0,0,0,0,0,0,1
64,65,2,16,64,49,5,5,1,30,151,63,0,0,0,0,0,0,0,0,0,0,0,0,0,0,0,0,0,0,1
64,3,2,11,64,200,204,0,0,0,0,0,0,0,0,0,0,0,0,0,0,0,0,0,0,0,0,0,0,0,1
64,65,3,17,64,49,5,3,10,0,0,151,186,0,0,0,0,0,0,0,0,0,0,0,0,0,0,0,0,0,1
64,3,3,11,64,255,252,0,0,0,0,0,0,0,0,0,0,0,0,0,0,0,0,0,0,0,0,0,0,0,1
64,65,4,16,64,49,5,27,1,0,188,105,0,0,0,0,0,0,0,0,0,0,0,0,0,0,0,0,0,0,1
64,3,4,11,64,122,108,0,0,0,0,0,0,0,0,0,0,0,0,0,0,0,0,0,0,0,0,0,0,0,1
64,65,5,13,64,132,7,245,131,0,0,0,0,0,0,0,0,0,0,0,0,0,0,0,0,0,0,0,0,0,1
64,3,5,11,64,77,92,0,0,0,0,0,0,0,0,0,0,0,0,0,0,0,0,0,0,0,0,0,0,0,1
64,65,5,13,64,132,8,112,116,0,0,0,0,0,0,0,0,0,0,0,0,0,0,0,0,0,0,0,0,0,1
64,3,5,11,64,91,55,0,0,0,0,0,0,0,0,0,0,0,0,0,0,0,0,0,0,0,0,0,0,0,1
64,65,6,13,64,32,2,216,84,0,0,0,0,0,0,0,0,0,0,0,0,0,0,0,0,0,0,0,0,0,1
64,3,6,11,64,141,22,0,0,0,0,0,0,0,0,0,0,0,0,0,0,0,0,0,0,0,0,0,0,0,1
64,65,10,14,64,32,3,0,150,240,0,0,0,0,0,0,0,0,0,0,0,0,0,0,0,0,0,0,0,0,1
64,3,10,11,64,178,208,0,0,0,0,0,0,0,0,0,0,0,0,0,0,0,0,0,0,0,0,0,0,0,1
64,65,8,13,64,32,2,146,108,0,0,0,0,0,0,0,0,0,0,0,0,0,0,0,0,0,0,0,0,0,1
64,3,8,11,64,241,195,0,0,0,0,0,0,0,0,0,0,0,0,0,0,0,0,0,0,0,0,0,0,0,1
64,65,7,14,64,32,3,0,31,171,0,0,0,0,0,0,0,0,0,0,0,0,0,0,0,0,0,0,0,0,1
64,3,7,11,64,128,102,0,0,0,0,0,0,0,0,0,0,0,0,0,0,0,0,0,0,0,0,0,0,0,1
64,65,2,17,64,86,1,32,2,77,38,130,230,0,0,0,0,0,0,0,0,0,0,0,0,0,0,0,0,0,1
64,3,2,11,64,116,246,0,0,0,0,0,0,0,0,0,0,0,0,0,0,0,0,0,0,0,0,0,0,0,1
64,65,8,18,64,86,1,32,3,0,140,88,160,13,0,0,0,0,0,0,0,0,0,0,0,0,0,0,0,0,1
64,3,8,11,64,31,44,0,0,0,0,0,0,0,0,0,0,0,0,0,0,0,0,0,0,0,0,0,0,0,1
64,65,6,17,64,86,1,32,2,77,38,2,190,0,0,0,0,0,0,0,0,0,0,0,0,0,0,0,0,0,1
64,3,6,11,64,4,16,0,0,0,0,0,0,0,0,0,0,0,0,0,0,0,0,0,0,0,0,0,0,0,1
64,65,14,18,64,86,1,32,3,0,140,88,252,63,0,0,0,0,0,0,0,0,0,0,0,0,0,0,0,0,1
64,3,14,11,64,46,148,0,0,0,0,0,0,0,0,0,0,0,0,0,0,0,0,0,0,0,0,0,0,0,1
64,65,9,13,64,32,2,189,173,0,0,0,0,0,0,0,0,0,0,0,0,0,0,0,0,0,0,0,0,0,1
64,3,9,11,64,161,39,0,0,0,0,0,0,0,0,0,0,0,0,0,0,0,0,0,0,0,0,0,0,0,1
64,65,11,14,64,32,3,0,211,80,0,0,0,0,0,0,0,0,0,0,0,0,0,0,0,0,0,0,0,0,1
64,3,11,11,64,133,224,0,0,0,0,0,0,0,0,0,0,0,0,0,0,0,0,0,0,0,0,0,0,0,1
64,65,1,12,64,132,7,141,0,0,0,0,0,0,0,0,0,0,0,0,0,0,0,0,0,0,0,0,0,0,1
64,3,1,10,64,74,0,0,0,0,0,0,0,0,0,0,0,0,0,0,0,0,0,0,0,0,0,0,0,0,1
64,65,7,12,64,132,8,132,0,0,0,0,0,0,0,0,0,0,0,0,0,0,0,0,0,0,0,0,0,0,1
64,3,7,10,64,76,0,0,0,0,0,0,0,0,0,0,0,0,0,0,0,0,0,0,0,0,0,0,0,0,1
64,65,1,12,64,132,7,138,0,0,0,0,0,0,0,0,0,0,0,0,0,0,0,0,0,0,0,0,0,0,1
64,3,1,10,64,77,0,0,0,0,0,0,0,0,0,0,0,0,0,0,0,0,0,0,0,0,0,0,0,0,1
64,65,8,12,64,132,8,140,0,0,0,0,0,0,0,0,0,0,0,0,0,0,0,0,0,0,0,0,0,0,1
64,3,8,10,64,68,0,0,0,0,0,0,0,0,0,0,0,0,0,0,0,0,0,0,0,0,0,0,0,0,1
64,65,8,33,64,86,1,96,13,1,0,50,2,33,68,0,0,0,0,0,0,0,0,0,0,7,90,250,228,0,1
64,3,8,11,64,172,87,0,0,0,0,0,0,0,0,0,0,0,0,0,0,0,0,0,0,0,0,0,0,0,1
64,65,9,33,64,86,1,96,13,2,0,50,2,33,68,0,0,0,28,0,0,0,0,0,0,138,7,191,80,0,1
64,3,9,11,64,155,103,0,0,0,0,0,0,0,0,0,0,0,0,0,0,0,0,0,0,0,0,0,0,0,1
64,65,10,29,64,86,1,96,13,1,0,50,2,33,50,0,0,0,0,0,0,202,252,199,221,0,0,0,0,0,1
64,3,10,11,64,194,55,0,0,0,0,0,0,0,0,0,0,0,0,0,0,0,0,0,0,0,0,0,0,0,1
64,65,11,29,64,86,1,96,13,2,0,50,2,33,50,0,0,0,0,0,0,207,99,18,43,0,0,0,0,0,1
64,3,11,11,64,245,7,0,0,0,0,0,0,0,0,0,0,0,0,0,0,0,0,0,0,0,0,0,0,0,1
64,65,9,12,64,37,2,34,0,0,0,0,0,0,0,0,0,0,0,0,0,0,0,0,0,0,0,0,0,0,1
64,65,9,12,64,37,2,34,0,0,0,0,0,0,0,0,0,0,0,0,0,0,0,0,0,0,0,0,0,0,1
64,65,9,12,64,37,2,34,0,0,0,0,0,0,0,0,0,0,0,0,0,0,0,0,0,0,0,0,0,0,1
64,65,10,12,64,37,2,33,0,0,0,0,0,0,0,0,0,0,0,0,0,0,0,0,0,0,0,0,0,0,1
64,3,10,10,64,66,0,0,0,0,0,0,0,0,0,0,0,0,0,0,0,0,0,0,0,0,0,0,0,0,1
64,65,65,13,64,37,3,0,106,0,0,0,0,0,0,0,0,0,0,0,0,0,0,0,0,0,0,0,0,0,1
64,3,1,10,64,73,0,0,0,0,0,0,0,0,0,0,0,0,0,0,0,0,0,0,0,0,0,0,0,0,1
64,65,11,13,64,32,2,124,190,0,0,0,0,0,0,0,0,0,0,0,0,0,0,0,0,0,0,0,0,0,1
64,3,11,11,64,168,147,0,0,0,0,0,0,0,0,0,0,0,0,0,0,0,0,0,0,0,0,0,0,0,1
64,65,12,14,64,32,3,0,220,9,0,0,0,0,0,0,0,0,0,0,0,0,0,0,0,0,0,0,0,0,1
64,3,12,11,64,112,151,0,0,0,0,0,0,0,0,0,0,0,0,0,0,0,0,0,0,0,0,0,0,0,1
64,3,12,10,64,75,0,0,0,0,0,0,0,0,0,0,0,0,0,0,0,0,0,0,0,0,0,0,0,0,1
64,3,1,10,64,70,0,0,0,0,0,0,0,0,0,0,0,0,0,0,0,0,0,0,0,0,0,0,0,0,1
64,65,6,17,64,86,1,32,2,77,38,30,9,0,0,0,0,0,0,0,0,0,0,0,0,0,0,0,0,0,1
64,3,6,11,64,168,54,0,0,0,0,0,0,0,0,0,0,0,0,0,0,0,0,0,0,0,0,0,0,0,1
64,65,9,18,64,86,1,32,3,0,140,88,207,72,0,0,0,0,0,0,0,0,0,0,0,0,0,0,0,0,1
64,3,9,11,64,40,28,0,0,0,0,0,0,0,0,0,0,0,0,0,0,0,0,0,0,0,0,0,0,0,1
64,65,9,17,64,86,1,32,2,77,38,154,234,0,0,0,0,0,0,0,0,0,0,0,0,0,0,0,0,0,1
64,3,9,11,64,40,33,0,0,0,0,0,0,0,0,0,0,0,0,0,0,0,0,0,0,0,0,0,0,0,1
64,65,15,18,64,86,1,32,3,0,140,88,147,122,0,0,0,0,0,0,0,0,0,0,0,0,0,0,0,0,1
64,3,15,11,64,25,164,0,0,0,0,0,0,0,0,0,0,0,0,0,0,0,0,0,0,0,0,0,0,0,1
64,65,12,13,64,32,2,158,250,0,0,0,0,0,0,0,0,0,0,0,0,0,0,0,0,0,0,0,0,0,1
64,3,12,11,64,74,215,0,0,0,0,0,0,0,0,0,0,0,0,0,0,0,0,0,0,0,0,0,0,0,1
64,65,12,14,64,32,3,0,27,17,0,0,0,0,0,0,0,0,0,0,0,0,0,0,0,0,0,0,0,0,1
64,3,12,11,64,0,112,0,0,0,0,0,0,0,0,0,0,0,0,0,0,0,0,0,0,0,0,0,0,0,1
64,65,14,13,64,32,2,95,233,0,0,0,0,0,0,0,0,0,0,0,0,0,0,0,0,0,0,0,0,0,1
64,3,14,11,64,67,99,0,0,0,0,0,0,0,0,0,0,0,0,0,0,0,0,0,0,0,0,0,0,0,1
64,65,13,14,64,32,3,0,153,169,0,0,0,0,0,0,0,0,0,0,0,0,0,0,0,0,0,0,0,0,1
64,3,13,11,64,71,167,0,0,0,0,0,0,0,0,0,0,0,0,0,0,0,0,0,0,0,0,0,0,0,1
64,65,9,17,64,86,1,32,2,77,38,134,93,0,0,0,0,0,0,0,0,0,0,0,0,0,0,0,0,0,1
64,3,9,11,64,132,7,0,0,0,0,0,0,0,0,0,0,0,0,0,0,0,0,0,0,0,0,0,0,0,1
64,65,10,18,64,86,1,32,3,0,140,88,126,135,0,0,0,0,0,0,0,0,0,0,0,0,0,0,0,0,1
64,3,10,11,64,113,76,0,0,0,0,0,0,0,0,0,0,0,0,0,0,0,0,0,0,0,0,0,0,0,1
64,65,12,17,64,86,1,32,2,77,38,237,38,0,0,0,0,0,0,0,0,0,0,0,0,0,0,0,0,0,1
64,3,12,11,64,195,209,0,0,0,0,0,0,0,0,0,0,0,0,0,0,0,0,0,0,0,0,0,0,0,1
64,65,1,18,64,86,1,32,3,0,140,88,170,142,0,0,0,0,0,0,0,0,0,0,0,0,0,0,0,0,1
64,3,1,11,64,2,165,0,0,0,0,0,0,0,0,0,0,0,0,0,0,0,0,0,0,0,0,0,0,0,1
64,65,15,13,64,32,2,112,40,0,0,0,0,0,0,0,0,0,0,0,0,0,0,0,0,0,0,0,0,0,1
64,3,15,11,64,19,135,0,0,0,0,0,0,0,0,0,0,0,0,0,0,0,0,0,0,0,0,0,0,0,1
64,65,13,14,64,32,3,0,94,177,0,0,0,0,0,0,0,0,0,0,0,0,0,0,0,0,0,0,0,0,1
64,3,13,11,64,55,64,0,0,0,0,0,0,0,0,0,0,0,0,0,0,0,0,0,0,0,0,0,0,0,1
64,65,5,13,64,32,2,179,22,0,0,0,0,0,0,0,0,0,0,0,0,0,0,0,0,0,0,0,0,0,1
64,3,5,11,64,179,146,0,0,0,0,0,0,0,0,0,0,0,0,0,0,0,0,0,0,0,0,0,0,0,1
64,65,14,14,64,32,3,0,87,73,0,0,0,0,0,0,0,0,0,0,0,0,0,0,0,0,0,0,0,0,1
64,3,14,11,64,30,247,0,0,0,0,0,0,0,0,0,0,0,0,0,0,0,0,0,0,0,0,0,0,0,1
64,65,15,17,64,86,1,32,2,77,38,220,213,0,0,0,0,0,0,0,0,0,0,0,0,0,0,0,0,0,1
64,3,15,11,64,54,167,0,0,0,0,0,0,0,0,0,0,0,0,0,0,0,0,0,0,0,0,0,0,0,1
64,65,11,18,64,86,1,32,3,0,140,88,17,194,0,0,0,0,0,0,0,0,0,0,0,0,0,0,0,0,1
64,3,11,11,64,70,124,0,0,0,0,0,0,0,0,0,0,0,0,0,0,0,0,0,0,0,0,0,0,0,1
64,65,1,17,64,49,5,1,42,2,96,48,183,0,0,0,0,0,0,0,0,0,0,0,0,0,0,0,0,0,1
64,3,1,11,64,145,156,0,0,0,0,0,0,0,0,0,0,0,0,0,0,0,0,0,0,0,0,0,0,0,1
64,65,2,16,64,49,5,5,1,31,135,30,0,0,0,0,0,0,0,0,0,0,0,0,0,0,0,0,0,0,1
64,3,2,11,64,200,204,0,0,0,0,0,0,0,0,0,0,0,0,0,0,0,0,0,0,0,0,0,0,0,1
64,65,3,14,64,128,3,88,148,112,0,0,0,0,0,0,0,0,0,0,0,0,0,0,0,0,0,0,0,0,1
64,3,3,11,64,255,252,0,0,0,0,0,0,0,0,0,0,0,0,0,0,0,0,0,0,0,0,0,0,0,1
64,65,4,17,64,49,5,3,10,0,0,38,17,0,0,0,0,0,0,0,0,0,0,0,0,0,0,0,0,0,1
64,3,4,11,64,122,108,0,0,0,0,0,0,0,0,0,0,0,0,0,0,0,0,0,0,0,0,0,0,0,1
64,65,5,16,64,49,5,27,1,0,251,186,0,0,0,0,0,0,0,0,0,0,0,0,0,0,0,0,0,0,1
64,3,5,11,64,77,92,0,0,0,0,0,0,0,0,0,0,0,0,0,0,0,0,0,0,0,0,0,0,0,1
64,65,6,13,64,132,7,27,81,0,0,0,0,0,0,0,0,0,0,0,0,0,0,0,0,0,0,0,0,0,1
64,3,6,11,64,20,12,0,0,0,0,0,0,0,0,0,0,0,0,0,0,0,0,0,0,0,0,0,0,0,1
64,65,3,13,64,132,8,189,241,0,0,0,0,0,0,0,0,0,0,0,0,0,0,0,0,0,0,0,0,0,1
64,3,3,11,64,233,151,0,0,0,0,0,0,0,0,0,0,0,0,0,0,0,0,0,0,0,0,0,0,0,1
64,65,4,17,64,86,1,32,2,77,38,196,217,0,0,0,0,0,0,0,0,0,0,0,0,0,0,0,0,0,1
64,3,4,11,64,106,112,0,0,0,0,0,0,0,0,0,0,0,0,0,0,0,0,0,0,0,0,0,0,0,1
64,65,2,18,64,86,1,32,3,0,140,88,27,65,0,0,0,0,0,0,0,0,0,0,0,0,0,0,0,0,1
64,3,2,11,64,91,245,0,0,0,0,0,0,0,0,0,0,0,0,0,0,0,0,0,0,0,0,0,0,0,1
64,65,7,13,64,32,2,114,5,0,0,0,0,0,0,0,0,0,0,0,0,0,0,0,0,0,0,0,0,0,1
64,3,7,11,64,186,38,0,0,0,0,0,0,0,0,0,0,0,0,0,0,0,0,0,0,0,0,0,0,0,1
64,65,14,14,64,32,3,0,144,81,0,0,0,0,0,0,0,0,0,0,0,0,0,0,0,0,0,0,0,0,1
64,3,14,11,64,110,16,0,0,0,0,0,0,0,0,0,0,0,0,0,0,0,0,0,0,0,0,0,0,0,1
64,65,3,13,64,32,2,126,147,0,0,0,0,0,0,0,0,0,0,0,0,0,0,0,0,0,0,0,0,0,1
64,3,3,11,64,1,50,0,0,0,0,0,0,0,0,0,0,0,0,0,0,0,0,0,0,0,0,0,0,0,1
64,65,15,14,64,32,3,0,18,233,0,0,0,0,0,0,0,0,0,0,0,0,0,0,0,0,0,0,0,0,1
64,3,15,11,64,41,199,0,0,0,0,0,0,0,0,0,0,0,0,0,0,0,0,0,0,0,0,0,0,0,1
64,65,13,17,64,86,1,32,2,77,38,26,178,0,0,0,0,0,0,0,0,0,0,0,0,0,0,0,0,0,1
64,3,13,11,64,88,199,0,0,0,0,0,0,0,0,0,0,0,0,0,0,0,0,0,0,0,0,0,0,0,1
64,65,12,18,64,86,1,32,3,0,140,88,13,56,0,0,0,0,0,0,0,0,0,0,0,0,0,0,0,0,1
64,3,12,11,64,195,236,0,0,0,0,0,0,0,0,0,0,0,0,0,0,0,0,0,0,0,0,0,0,0,1
64,65,1,17,64,86,1,32,2,77,38,179,21,0,0,0,0,0,0,0,0,0,0,0,0,0,0,0,0,0,1
64,3,1,11,64,129,128,0,0,0,0,0,0,0,0,0,0,0,0,0,0,0,0,0,0,0,0,0,0,0,1
64,65,3,18,64,86,1,32,3,0,140,88,116,4,0,0,0,0,0,0,0,0,0,0,0,0,0,0,0,0,1
64,3,3,11,64,108,197,0,0,0,0,0,0,0,0,0,0,0,0,0,0,0,0,0,0,0,0,0,0,0,1
64,65,4,13,64,32,2,156,215,0,0,0,0,0,0,0,0,0,0,0,0,0,0,0,0,0,0,0,0,0,1
64,3,4,11,64,227,118,0,0,0,0,0,0,0,0,0,0,0,0,0,0,0,0,0,0,0,0,0,0,0,1
64,65,15,14,64,32,3,0,213,241,0,0,0,0,0,0,0,0,0,0,0,0,0,0,0,0,0,0,0,0,1
64,3,15,11,64,89,32,0,0,0,0,0,0,0,0,0,0,0,0,0,0,0,0,0,0,0,0,0,0,0,1
64,65,1,33,64,86,1,96,13,1,0,50,2,33,68,0,0,0,0,0,0,0,0,0,0,7,90,178,178,0,1
64,3,1,11,64,50,198,0,0,0,0,0,0,0,0,0,0,0,0,0,0,0,0,0,0,0,0,0,0,0,1
64,65,2,33,64,86,1,96,13,2,0,50,2,33,68,0,0,0,29,0,0,0,0,0,0,50,102,124,110,0,1
64,3,2,11,64,107,150,0,0,0,0,0,0,0,0,0,0,0,0,0,0,0,0,0,0,0,0,0,0,0,1
64,65,3,29,64,86,1,96,13,1,0,50,2,33,50,0,0,0,0,0,0,202,252,221,93,0,0,0,0,0,1
64,3,3,11,64,92,166,0,0,0,0,0,0,0,0,0,0,0,0,0,0,0,0,0,0,0,0,0,0,0,1
64,65,4,29,64,86,1,96,13,2,0,50,2,33,50,0,0,0,0,0,0,207,99,212,221,0,0,0,0,0,1
64,3,4,11,64,217,54,0,0,0,0,0,0,0,0,0,0,0,0,0,0,0,0,0,0,0,0,0,0,0,1
64,65,6,13,64,32,2,93,196,0,0,0,0,0,0,0,0,0,0,0,0,0,0,0,0,0,0,0,0,0,1
64,3,6,11,64,234,194,0,0,0,0,0,0,0,0,0,0,0,0,0,0,0,0,0,0,0,0,0,0,0,1
64,65,5,14,64,32,3,0,148,235,0,0,0,0,0,0,0,0,0,0,0,0,0,0,0,0,0,0,0,0,1
64,3,5,11,64,238,6,0,0,0,0,0,0,0,0,0,0,0,0,0,0,0,0,0,0,0,0,0,0,0,1
64,3,14,10,64,73,0,0,0,0,0,0,0,0,0,0,0,0,0,0,0,0,0,0,0,0,0,0,0,0,1
64,3,1,10,64,70,0,0,0,0,0,0,0,0,0,0,0,0,0,0,0,0,0,0,0,0,0,0,0,0,1
64,65,1,12,64,132,7,141,0,0,0,0,0,0,0,0,0,0,0,0,0,0,0,0,0,0,0,0,0,0,1
64,3,1,10,64,74,0,0,0,0,0,0,0,0,0,0,0,0,0,0,0,0,0,0,0,0,0,0,0,0,1
64,65,15,12,64,132,8,140,0,0,0,0,0,0,0,0,0,0,0,0,0,0,0,0,0,0,0,0,0,0,1
64,3,15,10,64,68,0,0,0,0,0,0,0,0,0,0,0,0,0,0,0,0,0,0,0,0,0,0,0,0,1
64,65,1,12,64,132,7,138,0,0,0,0,0,0,0,0,0,0,0,0,0,0,0,0,0,0,0,0,0,0,1
64,3,1,10,64,77,0,0,0,0,0,0,0,0,0,0,0,0,0,0,0,0,0,0,0,0,0,0,0,0,1
64,65,1,12,64,132,8,133,0,0,0,0,0,0,0,0,0,0,0,0,0,0,0,0,0,0,0,0,0,0,1
64,3,1,10,64,77,0,0,0,0,0,0,0,0,0,0,0,0,0,0,0,0,0,0,0,0,0,0,0,0,1
64,65,1,17,64,86,1,32,2,77,38,175,162,0,0,0,0,0,0,0,0,0,0,0,0,0,0,0,0,0,1
64,3,1,11,64,45,166,0,0,0,0,0,0,0,0,0,0,0,0,0,0,0,0,0,0,0,0,0,0,0,1
64,65,13,18,64,86,1,32,3,0,140,88,98,125,0,0,0,0,0,0,0,0,0,0,0,0,0,0,0,0,1
64,3,13,11,64,244,220,0,0,0,0,0,0,0,0,0,0,0,0,0,0,0,0,0,0,0,0,0,0,0,1
64,65,4,17,64,86,1,32,2,77,38,196,217,0,0,0,0,0,0,0,0,0,0,0,0,0,0,0,0,0,1
64,3,4,11,64,106,112,0,0,0,0,0,0,0,0,0,0,0,0,0,0,0,0,0,0,0,0,0,0,0,1
64,65,4,18,64,86,1,32,3,0,140,88,104,254,0,0,0,0,0,0,0,0,0,0,0,0,0,0,0,0,1
64,3,4,11,64,233,85,0,0,0,0,0,0,0,0,0,0,0,0,0,0,0,0,0,0,0,0,0,0,0,1
64,65,7,13,64,32,2,114,5,0,0,0,0,0,0,0,0,0,0,0,0,0,0,0,0,0,0,0,0,0,1
64,3,7,11,64,186,38,0,0,0,0,0,0,0,0,0,0,0,0,0,0,0,0,0,0,0,0,0,0,0,1
64,65,1,14,64,32,3,0,85,82,0,0,0,0,0,0,0,0,0,0,0,0,0,0,0,0,0,0,0,0,1
64,3,1,11,64,66,33,0,0,0,0,0,0,0,0,0,0,0,0,0,0,0,0,0,0,0,0,0,0,0,1
64,65,9,13,64,32,2,56,61,0,0,0,0,0,0,0,0,0,0,0,0,0,0,0,0,0,0,0,0,0,1
64,3,9,11,64,198,243,0,0,0,0,0,0,0,0,0,0,0,0,0,0,0,0,0,0,0,0,0,0,0,1
64,65,6,14,64,32,3,0,90,11,0,0,0,0,0,0,0,0,0,0,0,0,0,0,0,0,0,0,0,0,1
64,3,6,11,64,183,86,0,0,0,0,0,0,0,0,0,0,0,0,0,0,0,0,0,0,0,0,0,0,0,1
64,65,4,17,64,86,1,32,2,77,38,216,110,0,0,0,0,0,0,0,0,0,0,0,0,0,0,0,0,0,1
64,3,4,11,64,198,86,0,0,0,0,0,0,0,0,0,0,0,0,0,0,0,0,0,0,0,0,0,0,0,1
64,65,14,18,64,86,1,32,3,0,140,88,211,178,0,0,0,0,0,0,0,0,0,0,0,0,0,0,0,0,1
64,3,14,11,64,173,140,0,0,0,0,0,0,0,0,0,0,0,0,0,0,0,0,0,0,0,0,0,0,0,1
64,65,7,17,64,86,1,32,2,77,38,233,157,0,0,0,0,0,0,0,0,0,0,0,0,0,0,0,0,0,1
64,3,7,11,64,51,32,0,0,0,0,0,0,0,0,0,0,0,0,0,0,0,0,0,0,0,0,0,0,0,1
64,65,5,18,64,86,1,32,3,0,140,88,7,187,0,0,0,0,0,0,0,0,0,0,0,0,0,0,0,0,1
64,3,5,11,64,222,101,0,0,0,0,0,0,0,0,0,0,0,0,0,0,0,0,0,0,0,0,0,0,0,1
64,65,10,13,64,32,2,83,127,0,0,0,0,0,0,0,0,0,0,0,0,0,0,0,0,0,0,0,0,0,1
64,3,10,11,64,248,119,0,0,0,0,0,0,0,0,0,0,0,0,0,0,0,0,0,0,0,0,0,0,0,1
64,65,2,14,64,32,3,0,155,178,0,0,0,0,0,0,0,0,0,0,0,0,0,0,0,0,0,0,0,0,1
64,3,2,11,64,27,113,0,0,0,0,0,0,0,0,0,0,0,0,0,0,0,0,0,0,0,0,0,0,0,1
64,65,12,13,64,32,2,27,106,0,0,0,0,0,0,0,0,0,0,0,0,0,0,0,0,0,0,0,0,0,1
64,3,12,11,64,45,3,0,0,0,0,0,0,0,0,0,0,0,0,0,0,0,0,0,0,0,0,0,0,0,1
64,65,7,14,64,32,3,0,31,171,0,0,0,0,0,0,0,0,0,0,0,0,0,0,0,0,0,0,0,0,1
64,3,7,11,64,128,102,0,0,0,0,0,0,0,0,0,0,0,0,0,0,0,0,0,0,0,0,0,0,0,1
64,65,1,17,64,49,5,1,42,2,91,183,143,0,0,0,0,0,0,0,0,0,0,0,0,0,0,0,0,0,1
64,3,1,11,64,145,156,0,0,0,0,0,0,0,0,0,0,0,0,0,0,0,0,0,0,0,0,0,0,0,1
64,65,2,16,64,49,5,5,1,31,135,30,0,0,0,0,0,0,0,0,0,0,0,0,0,0,0,0,0,0,1
64,3,2,11,64,200,204,0,0,0,0,0,0,0,0,0,0,0,0,0,0,0,0,0,0,0,0,0,0,0,1
64,65,3,17,64,49,5,3,10,0,0,151,186,0,0,0,0,0,0,0,0,0,0,0,0,0,0,0,0,0,1
64,3,3,11,64,255,252,0,0,0,0,0,0,0,0,0,0,0,0,0,0,0,0,0,0,0,0,0,0,0,1
64,65,4,16,64,49,5,27,1,0,188,105,0,0,0,0,0,0,0,0,0,0,0,0,0,0,0,0,0,0,1
64,3,4,11,64,122,108,0,0,0,0,0,0,0,0,0,0,0,0,0,0,0,0,0,0,0,0,0,0,0,1
64,65,5,13,64,132,7,245,131,0,0,0,0,0,0,0,0,0,0,0,0,0,0,0,0,0,0,0,0,0,1
64,3,5,11,64,77,92,0,0,0,0,0,0,0,0,0,0,0,0,0,0,0,0,0,0,0,0,0,0,0,1
64,65,7,13,64,132,8,52,247,0,0,0,0,0,0,0,0,0,0,0,0,0,0,0,0,0,0,0,0,0,1
64,3,7,11,64,53,87,0,0,0,0,0,0,0,0,0,0,0,0,0,0,0,0,0,0,0,0,0,0,0,1
64,65,8,17,64,86,1,32,2,77,38,109,126,0,0,0,0,0,0,0,0,0,0,0,0,0,0,0,0,0,1
64,3,8,11,64,179,55,0,0,0,0,0,0,0,0,0,0,0,0,0,0,0,0,0,0,0,0,0,0,0,1
64,65,15,18,64,86,1,32,3,0,140,88,188,247,0,0,0,0,0,0,0,0,0,0,0,0,0,0,0,0,1
64,3,15,11,64,154,188,0,0,0,0,0,0,0,0,0,0,0,0,0,0,0,0,0,0,0,0,0,0,0,1
64,65,11,17,64,86,1,32,2,77,38,92,141,0,0,0,0,0,0,0,0,0,0,0,0,0,0,0,0,0,1
64,3,11,11,64,70,65,0,0,0,0,0,0,0,0,0,0,0,0,0,0,0,0,0,0,0,0,0,0,0,1
64,65,6,18,64,86,1,32,3,0,140,88,182,116,0,0,0,0,0,0,0,0,0,0,0,0,0,0,0,0,1
64,3,6,11,64,135,53,0,0,0,0,0,0,0,0,0,0,0,0,0,0,0,0,0,0,0,0,0,0,0,1
64,65,14,13,64,32,2,218,121,0,0,0,0,0,0,0,0,0,0,0,0,0,0,0,0,0,0,0,0,0,1
64,3,14,11,64,36,183,0,0,0,0,0,0,0,0,0,0,0,0,0,0,0,0,0,0,0,0,0,0,0,1
64,65,3,14,64,32,3,0,222,18,0,0,0,0,0,0,0,0,0,0,0,0,0,0,0,0,0,0,0,0,1
64,3,3,11,64,44,65,0,0,0,0,0,0,0,0,0,0,0,0,0,0,0,0,0,0,0,0,0,0,0,1
64,65,7,13,64,32,2,247,149,0,0,0,0,0,0,0,0,0,0,0,0,0,0,0,0,0,0,0,0,0,1
64,3,7,11,64,221,242,0,0,0,0,0,0,0,0,0,0,0,0,0,0,0,0,0,0,0,0,0,0,0,1
64,65,8,14,64,32,3,0,218,168,0,0,0,0,0,0,0,0,0,0,0,0,0,0,0,0,0,0,0,0,1
64,3,8,11,64,172,87,0,0,0,0,0,0,0,0,0,0,0,0,0,0,0,0,0,0,0,0,0,0,0,1
64,65,2,17,64,86,1,32,2,77,38,130,230,0,0,0,0,0,0,0,0,0,0,0,0,0,0,0,0,0,1
64,3,2,11,64,116,246,0,0,0,0,0,0,0,0,0,0,0,0,0,0,0,0,0,0,0,0,0,0,0,1
64,65,1,18,64,86,1,32,3,0,140,88,133,3,0,0,0,0,0,0,0,0,0,0,0,0,0,0,0,0,1
64,3,1,11,64,129,189,0,0,0,0,0,0,0,0,0,0,0,0,0,0,0,0,0,0,0,0,0,0,0,1
64,65,5,17,64,86,1,32,2,77,38,47,250,0,0,0,0,0,0,0,0,0,0,0,0,0,0,0,0,0,1
64,3,5,11,64,93,64,0,0,0,0,0,0,0,0,0,0,0,0,0,0,0,0,0,0,0,0,0,0,0,1
64,65,7,18,64,86,1,32,3,0,140,88,217,49,0,0,0,0,0,0,0,0,0,0,0,0,0,0,0,0,1
64,3,7,11,64,176,5,0,0,0,0,0,0,0,0,0,0,0,0,0,0,0,0,0,0,0,0,0,0,0,1
64,65,8,13,64,32,2,23,252,0,0,0,0,0,0,0,0,0,0,0,0,0,0,0,0,0,0,0,0,0,1
64,3,8,11,64,150,23,0,0,0,0,0,0,0,0,0,0,0,0,0,0,0,0,0,0,0,0,0,0,0,1
64,65,4,14,64,32,3,0,22,83,0,0,0,0,0,0,0,0,0,0,0,0,0,0,0,0,0,0,0,0,1
64,3,4,11,64,169,209,0,0,0,0,0,0,0,0,0,0,0,0,0,0,0,0,0,0,0,0,0,0,0,1
64,65,9,33,64,86,1,96,13,1,0,50,2,33,68,0,0,0,0,0,0,0,0,0,0,7,90,191,80,0,1
64,3,9,11,64,155,103,0,0,0,0,0,0,0,0,0,0,0,0,0,0,0,0,0,0,0,0,0,0,0,1
64,65,10,33,64,86,1,96,13,2,0,50,2,33,68,0,0,0,29,0,0,0,0,0,0,50,102,113,140,0,1
64,3,10,11,64,194,55,0,0,0,0,0,0,0,0,0,0,0,0,0,0,0,0,0,0,0,0,0,0,0,1
64,65,11,29,64,86,1,96,13,1,0,50,2,33,50,0,0,0,0,0,0,202,252,18,43,0,0,0,0,0,1
64,3,11,11,64,245,7,0,0,0,0,0,0,0,0,0,0,0,0,0,0,0,0,0,0,0,0,0,0,0,1
64,65,12,29,64,86,1,96,13,2,0,50,2,33,50,0,0,0,0,0,0,207,99,27,171,0,0,0,0,0,1
64,3,12,11,64,112,151,0,0,0,0,0,0,0,0,0,0,0,0,0,0,0,0,0,0,0,0,0,0,0,1
64,65,10,13,64,32,2,214,239,0,0,0,0,0,0,0,0,0,0,0,0,0,0,0,0,0,0,0,0,0,1
64,3,10,11,64,159,163,0,0,0,0,0,0,0,0,0,0,0,0,0,0,0,0,0,0,0,0,0,0,0,1
64,65,13,14,64,32,3,0,153,169,0,0,0,0,0,0,0,0,0,0,0,0,0,0,0,0,0,0,0,0,1
64,3,13,11,64,71,167,0,0,0,0,0,0,0,0,0,0,0,0,0,0,0,0,0,0,0,0,0,0,0,1
64,65,2,12,64,37,2,41,0,0,0,0,0,0,0,0,0,0,0,0,0,0,0,0,0,0,0,0,0,0,1
64,65,2,12,64,37,2,41,0,0,0,0,0,0,0,0,0,0,0,0,0,0,0,0,0,0,0,0,0,0,1
64,65,2,12,64,37,2,41,0,0,0,0,0,0,0,0,0,0,0,0,0,0,0,0,0,0,0,0,0,0,1
64,65,3,12,64,37,2,40,0,0,0,0,0,0,0,0,0,0,0,0,0,0,0,0,0,0,0,0,0,0,1
64,3,3,10,64,75,0,0,0,0,0,0,0,0,0,0,0,0,0,0,0,0,0,0,0,0,0,0,0,0,1
64,65,65,13,64,37,3,0,106,0,0,0,0,0,0,0,0,0,0,0,0,0,0,0,0,0,0,0,0,0,1
64,3,1,10,64,73,0,0,0,0,0,0,0,0,0,0,0,0,0,0,0,0,0,0,0,0,0,0,0,0,1
64,3,5,10,64,66,0,0,0,0,0,0,0,0,0,0,0,0,0,0,0,0,0,0,0,0,0,0,0,0,1
64,3,1,10,64,70,0,0,0,0,0,0,0,0,0,0,0,0,0,0,0,0,0,0,0,0,0,0,0,0,1
64,65,5,17,64,86,1,32,2,77,38,51,77,0,0,0,0,0,0,0,0,0,0,0,0,0,0,0,0,0,1
64,3,5,11,64,241,102,0,0,0,0,0,0,0,0,0,0,0,0,0,0,0,0,0,0,0,0,0,0,0,1
64,65,2,18,64,86,1,32,3,0,140,88,52,204,0,0,0,0,0,0,0,0,0,0,0,0,0,0,0,0,1
64,3,2,11,64,216,237,0,0,0,0,0,0,0,0,0,0,0,0,0,0,0,0,0,0,0,0,0,0,0,1
64,65,8,17,64,86,1,32,2,77,38,113,201,0,0,0,0,0,0,0,0,0,0,0,0,0,0,0,0,0,1
64,3,8,11,64,31,17,0,0,0,0,0,0,0,0,0,0,0,0,0,0,0,0,0,0,0,0,0,0,0,1
64,65,8,18,64,86,1,32,3,0,140,88,143,128,0,0,0,0,0,0,0,0,0,0,0,0,0,0,0,0,1
64,3,8,11,64,156,52,0,0,0,0,0,0,0,0,0,0,0,0,0,0,0,0,0,0,0,0,0,0,0,1
64,65,11,13,64,32,2,249,46,0,0,0,0,0,0,0,0,0,0,0,0,0,0,0,0,0,0,0,0,0,1
64,3,11,11,64,207,71,0,0,0,0,0,0,0,0,0,0,0,0,0,0,0,0,0,0,0,0,0,0,0,1
64,65,5,14,64,32,3,0,83,243,0,0,0,0,0,0,0,0,0,0,0,0,0,0,0,0,0,0,0,0,1
64,3,5,11,64,158,225,0,0,0,0,0,0,0,0,0,0,0,0,0,0,0,0,0,0,0,0,0,0,0,1
64,65,1,12,64,132,7,141,0,0,0,0,0,0,0,0,0,0,0,0,0,0,0,0,0,0,0,0,0,0,1
64,3,1,10,64,74,0,0,0,0,0,0,0,0,0,0,0,0,0,0,0,0,0,0,0,0,0,0,0,0,1
64,65,6,12,64,132,8,133,0,0,0,0,0,0,0,0,0,0,0,0,0,0,0,0,0,0,0,0,0,0,1
64,3,6,10,64,77,0,0,0,0,0,0,0,0,0,0,0,0,0,0,0,0,0,0,0,0,0,0,0,0,1
64,65,1,12,64,132,7,138,0,0,0,0,0,0,0,0,0,0,0,0,0,0,0,0,0,0,0,0,0,0,1
64,3,1,10,64,77,0,0,0,0,0,0,0,0,0,0,0,0,0,0,0,0,0,0,0,0,0,0,0,0,1
64,65,7,12,64,132,8,131,0,0,0,0,0,0,0,0,0,0,0,0,0,0,0,0,0,0,0,0,0,0,1
64,3,7,10,64,75,0,0,0,0,0,0,0,0,0,0,0,0,0,0,0,0,0,0,0,0,0,0,0,0,1
64,65,12,13,64,32,2,27,106,0,0,0,0,0,0,0,0,0,0,0,0,0,0,0,0,0,0,0,0,0,1
64,3,12,11,64,45,3,0,0,0,0,0,0,0,0,0,0,0,0,0,0,0,0,0,0,0,0,0,0,0,1
64,65,14,14,64,32,3,0,87,73,0,0,0,0,0,0,0,0,0,0,0,0,0,0,0,0,0,0,0,0,1
64,3,14,11,64,30,247,0,0,0,0,0,0,0,0,0,0,0,0,0,0,0,0,0,0,0,0,0,0,0,1
64,65,7,17,64,86,1,32,2,77,38,245,42,0,0,0,0,0,0,0,0,0,0,0,0,0,0,0,0,0,1
64,3,7,11,64,159,6,0,0,0,0,0,0,0,0,0,0,0,0,0,0,0,0,0,0,0,0,0,0,0,1
64,65,3,18,64,86,1,32,3,0,140,88,91,137,0,0,0,0,0,0,0,0,0,0,0,0,0,0,0,0,1
64,3,3,11,64,239,221,0,0,0,0,0,0,0,0,0,0,0,0,0,0,0,0,0,0,0,0,0,0,0,1
64,65,10,17,64,86,1,32,2,77,38,183,174,0,0,0,0,0,0,0,0,0,0,0,0,0,0,0,0,0,1
64,3,10,11,64,113,113,0,0,0,0,0,0,0,0,0,0,0,0,0,0,0,0,0,0,0,0,0,0,0,1
64,65,9,18,64,86,1,32,3,0,140,88,224,197,0,0,0,0,0,0,0,0,0,0,0,0,0,0,0,0,1
64,3,9,11,64,171,4,0,0,0,0,0,0,0,0,0,0,0,0,0,0,0,0,0,0,0,0,0,0,0,1
64,65,13,13,64,32,2,52,171,0,0,0,0,0,0,0,0,0,0,0,0,0,0,0,0,0,0,0,0,0,1
64,3,13,11,64,125,231,0,0,0,0,0,0,0,0,0,0,0,0,0,0,0,0,0,0,0,0,0,0,0,1
64,65,6,14,64,32,3,0,157,19,0,0,0,0,0,0,0,0,0,0,0,0,0,0,0,0,0,0,0,0,1
64,3,6,11,64,199,177,0,0,0,0,0,0,0,0,0,0,0,0,0,0,0,0,0,0,0,0,0,0,0,1
64,65,8,12,64,49,4,54,0,0,0,0,0,0,0,0,0,0,0,0,0,0,0,0,0,0,0,0,0,0,1
64,65,8,12,64,49,4,54,0,0,0,0,0,0,0,0,0,0,0,0,0,0,0,0,0,0,0,0,0,0,1
64,65,8,12,64,49,4,54,0,0,0,0,0,0,0,0,0,0,0,0,0,0,0,0,0,0,0,0,0,0,1
64,129,3,16,64,0,32,16,13,49,4,220,0,0,0,0,0,0,0,0,0,0,0,0,0,0,0,0,0,0,1
64,129,3,16,64,0,33,16,13,49,4,221,0,0,0,0,0,0,0,0,0,0,0,0,0,0,0,0,0,0,1
64,129,3,16,64,0,34,16,13,49,4,222,0,0,0,0,0,0,0,0,0,0,0,0,0,0,0,0,0,0,1
64,129,3,16,64,0,34,16,13,49,4,222,0,0,0,0,0,0,0,0,0,0,0,0,0,0,0,0,0,0,1
64,129,3,16,64,0,34,16,13,49,4,222,0,0,0,0,0,0,0,0,0,0,0,0,0,0,0,0,0,0,1
64,129,3,14,64,37,32,16,13,210,0,0,0,0,0,0,0,0,0,0,0,0,0,0,0,0,0,0,0,0,1
64,193,3,14,64,37,47,16,13,157,0,0,0,0,0,0,0,0,0,0,0,0,0,0,0,0,0,0,0,0,1
64,3,3,10,64,83,0,0,0,0,0,0,0,0,0,0,0,0,0,0,0,0,0,0,0,0,0,0,0,0,1
64,129,4,16,64,0,32,16,9,49,4,223,0,0,0,0,0,0,0,0,0,0,0,0,0,0,0,0,0,0,1
64,129,4,16,64,0,33,16,9,49,4,222,0,0,0,0,0,0,0,0,0,0,0,0,0,0,0,0,0,0,1
64,129,4,16,64,0,34,16,9,49,4,221,0,0,0,0,0,0,0,0,0,0,0,0,0,0,0,0,0,0,1
64,129,4,16,64,0,34,16,9,49,4,221,0,0,0,0,0,0,0,0,0,0,0,0,0,0,0,0,0,0,1
64,129,4,16,64,0,34,16,9,49,4,221,0,0,0,0,0,0,0,0,0,0,0,0,0,0,0,0,0,0,1
64,129,4,14,64,37,32,16,9,209,0,0,0,0,0,0,0,0,0,0,0,0,0,0,0,0,0,0,0,0,1
64,193,4,14,64,37,47,16,9,158,0,0,0,0,0,0,0,0,0,0,0,0,0,0,0,0,0,0,0,0,1
64,3,4,10,64,84,0,0,0,0,0,0,0,0,0,0,0,0,0,0,0,0,0,0,0,0,0,0,0,0,1
64,129,5,15,64,0,16,13,49,4,229,0,0,0,0,0,0,0,0,0,0,0,0,0,0,0,0,0,0,0,1
64,129,5,15,64,0,17,13,49,4,228,0,0,0,0,0,0,0,0,0,0,0,0,0,0,0,0,0,0,0,1
64,129,5,15,64,0,17,13,49,4,228,0,0,0,0,0,0,0,0,0,0,0,0,0,0,0,0,0,0,0,1
64,129,5,15,64,0,17,13,49,4,228,0,0,0,0,0,0,0,0,0,0,0,0,0,0,0,0,0,0,0,1
64,193,5,13,64,21,31,13,136,0,0,0,0,0,0,0,0,0,0,0,0,0,0,0,0,0,0,0,0,0,1
64,3,5,10,64,72,0,0,0,0,0,0,0,0,0,0,0,0,0,0,0,0,0,0,0,0,0,0,0,0,1
64,129,6,16,64,0,32,13,10,49,4,195,0,0,0,0,0,0,0,0,0,0,0,0,0,0,0,0,0,0,1
64,129,6,16,64,0,33,13,10,49,4,194,0,0,0,0,0,0,0,0,0,0,0,0,0,0,0,0,0,0,1
64,129,6,16,64,0,34,13,10,49,4,193,0,0,0,0,0,0,0,0,0,0,0,0,0,0,0,0,0,0,1
64,129,6,16,64,0,34,13,10,49,4,193,0,0,0,0,0,0,0,0,0,0,0,0,0,0,0,0,0,0,1
64,129,6,16,64,0,34,13,10,49,4,193,0,0,0,0,0,0,0,0,0,0,0,0,0,0,0,0,0,0,1
64,129,6,14,64,37,32,13,10,205,0,0,0,0,0,0,0,0,0,0,0,0,0,0,0,0,0,0,0,0,1
64,193,6,14,64,37,47,13,10,130,0,0,0,0,0,0,0,0,0,0,0,0,0,0,0,0,0,0,0,0,1
64,3,6,10,64,75,0,0,0,0,0,0,0,0,0,0,0,0,0,0,0,0,0,0,0,0,0,0,0,0,1
64,129,7,15,64,0,16,10,49,4,224,0,0,0,0,0,0,0,0,0,0,0,0,0,0,0,0,0,0,0,1
64,129,7,15,64,0,17,10,49,4,225,0,0,0,0,0,0,0,0,0,0,0,0,0,0,0,0,0,0,0,1
64,129,7,15,64,0,17,10,49,4,225,0,0,0,0,0,0,0,0,0,0,0,0,0,0,0,0,0,0,0,1
64,129,7,15,64,0,17,10,49,4,225,0,0,0,0,0,0,0,0,0,0,0,0,0,0,0,0,0,0,0,1
64,193,7,13,64,21,31,10,141,0,0,0,0,0,0,0,0,0,0,0,0,0,0,0,0,0,0,0,0,0,1
64,3,7,10,64,77,0,0,0,0,0,0,0,0,0,0,0,0,0,0,0,0,0,0,0,0,0,0,0,0,1
64,65,9,12,64,49,4,55,0,0,0,0,0,0,0,0,0,0,0,0,0,0,0,0,0,0,0,0,0,0,1
64,65,9,12,64,49,4,55,0,0,0,0,0,0,0,0,0,0,0,0,0,0,0,0,0,0,0,0,0,0,1
64,65,9,12,64,49,4,55,0,0,0,0,0,0,0,0,0,0,0,0,0,0,0,0,0,0,0,0,0,0,1
64,69,8,20,64,32,0,250,64,0,0,0,0,49,4,176,0,0,0,0,0,0,0,0,0,0,0,0,0,0,1
64,69,8,20,64,32,0,250,49,13,0,0,0,49,4,204,0,0,0,0,0,0,0,0,0,0,0,0,0,0,1
64,69,8,20,64,32,0,250,49,16,0,0,0,49,4,209,0,0,0,0,0,0,0,0,0,0,0,0,0,0,1
64,69,8,20,64,32,0,250,49,9,0,0,0,49,4,200,0,0,0,0,0,0,0,0,0,0,0,0,0,0,1
64,69,8,20,64,32,0,250,49,10,0,0,0,49,4,203,0,0,0,0,0,0,0,0,0,0,0,0,0,0,1
64,69,8,20,64,32,0,250,49,18,0,0,0,49,4,211,0,0,0,0,0,0,0,0,0,0,0,0,0,0,1
64,65,15,13,64,32,2,245,184,0,0,0,0,0,0,0,0,0,0,0,0,0,0,0,0,0,0,0,0,0,1
64,3,15,11,64,116,83,0,0,0,0,0,0,0,0,0,0,0,0,0,0,0,0,0,0,0,0,0,0,0,1
64,65,15,14,64,32,3,0,18,233,0,0,0,0,0,0,0,0,0,0,0,0,0,0,0,0,0,0,0,0,1
64,3,15,11,64,41,199,0,0,0,0,0,0,0,0,0,0,0,0,0,0,0,0,0,0,0,0,0,0,0,1
64,65,1,17,64,49,5,1,42,2,85,86,65,0,0,0,0,0,0,0,0,0,0,0,0,0,0,0,0,0,1
64,3,1,11,64,145,156,0,0,0,0,0,0,0,0,0,0,0,0,0,0,0,0,0,0,0,0,0,0,0,1
64,65,2,16,64,49,5,5,1,32,64,162,0,0,0,0,0,0,0,0,0,0,0,0,0,0,0,0,0,0,1
64,3,2,11,64,200,204,0,0,0,0,0,0,0,0,0,0,0,0,0,0,0,0,0,0,0,0,0,0,0,1
64,65,3,17,64,49,5,3,10,0,0,151,186,0,0,0,0,0,0,0,0,0,0,0,0,0,0,0,0,0,1
64,3,3,11,64,255,252,0,0,0,0,0,0,0,0,0,0,0,0,0,0,0,0,0,0,0,0,0,0,0,1
64,65,4,16,64,49,5,27,1,0,188,105,0,0,0,0,0,0,0,0,0,0,0,0,0,0,0,0,0,0,1
64,3,4,11,64,122,108,0,0,0,0,0,0,0,0,0,0,0,0,0,0,0,0,0,0,0,0,0,0,0,1
64,65,5,13,64,132,7,245,131,0,0,0,0,0,0,0,0,0,0,0,0,0,0,0,0,0,0,0,0,0,1
64,3,5,11,64,77,92,0,0,0,0,0,0,0,0,0,0,0,0,0,0,0,0,0,0,0,0,0,0,0,1
64,65,8,13,64,132,8,81,14,0,0,0,0,0,0,0,0,0,0,0,0,0,0,0,0,0,0,0,0,0,1
64,3,8,11,64,25,102,0,0,0,0,0,0,0,0,0,0,0,0,0,0,0,0,0,0,0,0,0,0,0,1
64,65,11,17,64,86,1,32,2,77,38,64,58,0,0,0,0,0,0,0,0,0,0,0,0,0,0,0,0,0,1
64,3,11,11,64,234,103,0,0,0,0,0,0,0,0,0,0,0,0,0,0,0,0,0,0,0,0,0,0,0,1
64,65,4,18,64,86,1,32,3,0,140,88,71,115,0,0,0,0,0,0,0,0,0,0,0,0,0,0,0,0,1
64,3,4,11,64,106,77,0,0,0,0,0,0,0,0,0,0,0,0,0,0,0,0,0,0,0,0,0,0,0,1
64,65,14,17,64,86,1,32,2,77,38,43,65,0,0,0,0,0,0,0,0,0,0,0,0,0,0,0,0,0,1
64,3,14,11,64,173,177,0,0,0,0,0,0,0,0,0,0,0,0,0,0,0,0,0,0,0,0,0,0,0,1
64,65,10,18,64,86,1,32,3,0,140,88,81,10,0,0,0,0,0,0,0,0,0,0,0,0,0,0,0,0,1
64,3,10,11,64,242,84,0,0,0,0,0,0,0,0,0,0,0,0,0,0,0,0,0,0,0,0,0,0,0,1
64,65,2,13,64,32,2,81,82,0,0,0,0,0,0,0,0,0,0,0,0,0,0,0,0,0,0,0,0,0,1
64,3,2,11,64,81,214,0,0,0,0,0,0,0,0,0,0,0,0,0,0,0,0,0,0,0,0,0,0,0,1
64,65,7,14,64,32,3,0,216,179,0,0,0,0,0,0,0,0,0,0,0,0,0,0,0,0,0,0,0,0,1
64,3,7,11,64,240,129,0,0,0,0,0,0,0,0,0,0,0,0,0,0,0,0,0,0,0,0,0,0,0,1
64,65,4,13,64,32,2,25,71,0,0,0,0,0,0,0,0,0,0,0,0,0,0,0,0,0,0,0,0,0,1
64,3,4,11,64,132,162,0,0,0,0,0,0,0,0,0,0,0,0,0,0,0,0,0,0,0,0,0,0,0,1
64,65,1,14,64,32,3,0,146,74,0,0,0,0,0,0,0,0,0,0,0,0,0,0,0,0,0,0,0,0,1
64,3,1,11,64,50,198,0,0,0,0,0,0,0,0,0,0,0,0,0,0,0,0,0,0,0,0,0,0,0,1
64,65,14,17,64,86,1,32,2,77,38,55,246,0,0,0,0,0,0,0,0,0,0,0,0,0,0,0,0,0,1
64,3,14,11,64,1,151,0,0,0,0,0,0,0,0,0,0,0,0,0,0,0,0,0,0,0,0,0,0,0,1
64,65,5,18,64,86,1,32,3,0,140,88,40,54,0,0,0,0,0,0,0,0,0,0,0,0,0,0,0,0,1
64,3,5,11,64,93,125,0,0,0,0,0,0,0,0,0,0,0,0,0,0,0,0,0,0,0,0,0,0,0,1
64,65,2,17,64,86,1,32,2,77,38,158,81,0,0,0,0,0,0,0,0,0,0,0,0,0,0,0,0,0,1
64,3,2,11,64,216,208,0,0,0,0,0,0,0,0,0,0,0,0,0,0,0,0,0,0,0,0,0,0,0,1
64,65,11,18,64,86,1,32,3,0,140,88,62,79,0,0,0,0,0,0,0,0,0,0,0,0,0,0,0,0,1
64,3,11,11,64,197,100,0,0,0,0,0,0,0,0,0,0,0,0,0,0,0,0,0,0,0,0,0,0,0,1
64,65,5,13,64,32,2,54,134,0,0,0,0,0,0,0,0,0,0,0,0,0,0,0,0,0,0,0,0,0,1
64,3,5,11,64,212,70,0,0,0,0,0,0,0,0,0,0,0,0,0,0,0,0,0,0,0,0,0,0,0,1
64,65,8,14,64,32,3,0,29,176,0,0,0,0,0,0,0,0,0,0,0,0,0,0,0,0,0,0,0,0,1
64,3,8,11,64,220,176,0,0,0,0,0,0,0,0,0,0,0,0,0,0,0,0,0,0,0,0,0,0,0,1
64,65,2,33,64,86,1,96,13,1,0,50,2,33,68,0,0,0,0,0,0,0,0,0,0,7,90,124,110,0,1
64,3,2,11,64,107,150,0,0,0,0,0,0,0,0,0,0,0,0,0,0,0,0,0,0,0,0,0,0,0,1
64,65,3,33,64,86,1,96,13,2,0,50,2,33,68,0,0,0,30,0,0,0,0,0,0,234,228,57,218,0,1
64,3,3,11,64,92,166,0,0,0,0,0,0,0,0,0,0,0,0,0,0,0,0,0,0,0,0,0,0,0,1
64,65,4,29,64,86,1,96,13,1,0,50,2,33,50,0,0,0,0,0,0,202,252,212,221,0,0,0,0,0,1
64,3,4,11,64,217,54,0,0,0,0,0,0,0,0,0,0,0,0,0,0,0,0,0,0,0,0,0,0,0,1
64,65,5,29,64,86,1,96,13,2,0,50,2,33,50,0,0,0,0,0,0,207,99,1,43,0,0,0,0,0,1
64,3,5,11,64,238,6,0,0,0,0,0,0,0,0,0,0,0,0,0,0,0,0,0,0,0,0,0,0,0,1
64,65,9,13,64,32,2,56,61,0,0,0,0,0,0,0,0,0,0,0,0,0,0,0,0,0,0,0,0,0,1
64,3,9,11,64,198,243,0,0,0,0,0,0,0,0,0,0,0,0,0,0,0,0,0,0,0,0,0,0,0,1
64,65,6,14,64,32,3,0,90,11,0,0,0,0,0,0,0,0,0,0,0,0,0,0,0,0,0,0,0,0,1
64,3,6,11,64,183,86,0,0,0,0,0,0,0,0,0,0,0,0,0,0,0,0,0,0,0,0,0,0,0,1
64,3,11,10,64,76,0,0,0,0,0,0,0,0,0,0,0,0,0,0,0,0,0,0,0,0,0,0,0,0,1
64,3,1,10,64,70,0,0,0,0,0,0,0,0,0,0,0,0,0,0,0,0,0,0,0,0,0,0,0,0,1
64,65,4,17,64,86,1,32,2,77,38,216,110,0,0,0,0,0,0,0,0,0,0,0,0,0,0,0,0,0,1
64,3,4,11,64,198,86,0,0,0,0,0,0,0,0,0,0,0,0,0,0,0,0,0,0,0,0,0,0,0,1
64,65,6,18,64,86,1,32,3,0,140,88,153,249,0,0,0,0,0,0,0,0,0,0,0,0,0,0,0,0,1
64,3,6,11,64,4,45,0,0,0,0,0,0,0,0,0,0,0,0,0,0,0,0,0,0,0,0,0,0,0,1
64,65,7,17,64,86,1,32,2,77,38,233,157,0,0,0,0,0,0,0,0,0,0,0,0,0,0,0,0,0,1
64,3,7,11,64,51,32,0,0,0,0,0,0,0,0,0,0,0,0,0,0,0,0,0,0,0,0,0,0,0,1
64,65,12,18,64,86,1,32,3,0,140,88,34,181,0,0,0,0,0,0,0,0,0,0,0,0,0,0,0,0,1
64,3,12,11,64,64,244,0,0,0,0,0,0,0,0,0,0,0,0,0,0,0,0,0,0,0,0,0,0,0,1
64,65,11,13,64,32,2,249,46,0,0,0,0,0,0,0,0,0,0,0,0,0,0,0,0,0,0,0,0,0,1
64,3,11,11,64,207,71,0,0,0,0,0,0,0,0,0,0,0,0,0,0,0,0,0,0,0,0,0,0,0,1
64,65,9,14,64,32,3,0,88,16,0,0,0,0,0,0,0,0,0,0,0,0,0,0,0,0,0,0,0,0,1
64,3,9,11,64,235,128,0,0,0,0,0,0,0,0,0,0,0,0,0,0,0,0,0,0,0,0,0,0,0,1
64,65,5,13,64,32,2,179,22,0,0,0,0,0,0,0,0,0,0,0,0,0,0,0,0,0,0,0,0,0,1
64,3,5,11,64,179,146,0,0,0,0,0,0,0,0,0,0,0,0,0,0,0,0,0,0,0,0,0,0,0,1
64,65,7,14,64,32,3,0,31,171,0,0,0,0,0,0,0,0,0,0,0,0,0,0,0,0,0,0,0,0,1
64,3,7,11,64,128,102,0,0,0,0,0,0,0,0,0,0,0,0,0,0,0,0,0,0,0,0,0,0,0,1
64,65,15,17,64,86,1,32,2,77,38,220,213,0,0,0,0,0,0,0,0,0,0,0,0,0,0,0,0,0,1
64,3,15,11,64,54,167,0,0,0,0,0,0,0,0,0,0,0,0,0,0,0,0,0,0,0,0,0,0,0,1
64,65,7,18,64,86,1,32,3,0,140,88,246,188,0,0,0,0,0,0,0,0,0,0,0,0,0,0,0,0,1
64,3,7,11,64,51,29,0,0,0,0,0,0,0,0,0,0,0,0,0,0,0,0,0,0,0,0,0,0,0,1
64,65,3,17,64,86,1,32,2,77,38,117,114,0,0,0,0,0,0,0,0,0,0,0,0,0,0,0,0,0,1
64,3,3,11,64,239,224,0,0,0,0,0,0,0,0,0,0,0,0,0,0,0,0,0,0,0,0,0,0,0,1
64,65,13,18,64,86,1,32,3,0,140,88,77,240,0,0,0,0,0,0,0,0,0,0,0,0,0,0,0,0,1
64,3,13,11,64,119,196,0,0,0,0,0,0,0,0,0,0,0,0,0,0,0,0,0,0,0,0,0,0,0,1
64,65,7,13,64,32,2,114,5,0,0,0,0,0,0,0,0,0,0,0,0,0,0,0,0,0,0,0,0,0,1
64,3,7,11,64,186,38,0,0,0,0,0,0,0,0,0,0,0,0,0,0,0,0,0,0,0,0,0,0,0,1
64,65,10,14,64,32,3,0,150,240,0,0,0,0,0,0,0,0,0,0,0,0,0,0,0,0,0,0,0,0,1
64,3,10,11,64,178,208,0,0,0,0,0,0,0,0,0,0,0,0,0,0,0,0,0,0,0,0,0,0,0,1
64,65,1,12,64,132,7,141,0,0,0,0,0,0,0,0,0,0,0,0,0,0,0,0,0,0,0,0,0,0,1
64,3,1,10,64,74,0,0,0,0,0,0,0,0,0,0,0,0,0,0,0,0,0,0,0,0,0,0,0,0,1
64,65,12,12,64,132,8,143,0,0,0,0,0,0,0,0,0,0,0,0,0,0,0,0,0,0,0,0,0,0,1
64,3,12,10,64,71,0,0,0,0,0,0,0,0,0,0,0,0,0,0,0,0,0,0,0,0,0,0,0,0,1
64,65,1,12,64,132,7,138,0,0,0,0,0,0,0,0,0,0,0,0,0,0,0,0,0,0,0,0,0,0,1
64,3,1,10,64,77,0,0,0,0,0,0,0,0,0,0,0,0,0,0,0,0,0,0,0,0,0,0,0,0,1
64,65,13,12,64,132,8,137,0,0,0,0,0,0,0,0,0,0,0,0,0,0,0,0,0,0,0,0,0,0,1
64,3,13,10,64,65,0,0,0,0,0,0,0,0,0,0,0,0,0,0,0,0,0,0,0,0,0,0,0,0,1
64,65,7,13,64,32,2,247,149,0,0,0,0,0,0,0,0,0,0,0,0,0,0,0,0,0,0,0,0,0,1
64,3,7,11,64,221,242,0,0,0,0,0,0,0,0,0,0,0,0,0,0,0,0,0,0,0,0,0,0,0,1
64,65,8,14,64,32,3,0,218,168,0,0,0,0,0,0,0,0,0,0,0,0,0,0,0,0,0,0,0,0,1
64,3,8,11,64,172,87,0,0,0,0,0,0,0,0,0,0,0,0,0,0,0,0,0,0,0,0,0,0,0,1
64,65,1,17,64,49,5,1,42,2,87,118,3,0,0,0,0,0,0,0,0,0,0,0,0,0,0,0,0,0,1
64,3,1,11,64,145,156,0,0,0,0,0,0,0,0,0,0,0,0,0,0,0,0,0,0,0,0,0,0,0,1
64,65,2,16,64,49,5,5,1,31,135,30,0,0,0,0,0,0,0,0,0,0,0,0,0,0,0,0,0,0,1
64,3,2,11,64,200,204,0,0,0,0,0,0,0,0,0,0,0,0,0,0,0,0,0,0,0,0,0,0,0,1
64,65,3,17,64,49,5,3,10,0,10,54,240,0,0,0,0,0,0,0,0,0,0,0,0,0,0,0,0,0,1
64,3,3,11,64,255,252,0,0,0,0,0,0,0,0,0,0,0,0,0,0,0,0,0,0,0,0,0,0,0,1
64,65,4,16,64,49,5,27,1,0,188,105,0,0,0,0,0,0,0,0,0,0,0,0,0,0,0,0,0,0,1
64,3,4,11,64,122,108,0,0,0,0,0,0,0,0,0,0,0,0,0,0,0,0,0,0,0,0,0,0,0,1
64,65,5,13,64,132,7,245,131,0,0,0,0,0,0,0,0,0,0,0,0,0,0,0,0,0,0,0,0,0,1
64,3,5,11,64,77,92,0,0,0,0,0,0,0,0,0,0,0,0,0,0,0,0,0,0,0,0,0,0,0,1
64,65,12,13,64,132,8,216,8,0,0,0,0,0,0,0,0,0,0,0,0,0,0,0,0,0,0,0,0,0,1
64,3,12,11,64,197,166,0,0,0,0,0,0,0,0,0,0,0,0,0,0,0,0,0,0,0,0,0,0,0,1
64,65,3,17,64,86,1,32,2,77,38,105,197,0,0,0,0,0,0,0,0,0,0,0,0,0,0,0,0,0,1
64,3,3,11,64,67,198,0,0,0,0,0,0,0,0,0,0,0,0,0,0,0,0,0,0,0,0,0,0,0,1
64,65,8,18,64,86,1,32,3,0,140,88,160,13,0,0,0,0,0,0,0,0,0,0,0,0,0,0,0,0,1
64,3,8,11,64,31,44,0,0,0,0,0,0,0,0,0,0,0,0,0,0,0,0,0,0,0,0,0,0,0,1
64,65,6,17,64,86,1,32,2,77,38,2,190,0,0,0,0,0,0,0,0,0,0,0,0,0,0,0,0,0,1
64,3,6,11,64,4,16,0,0,0,0,0,0,0,0,0,0,0,0,0,0,0,0,0,0,0,0,0,0,0,1
64,65,14,18,64,86,1,32,3,0,140,88,252,63,0,0,0,0,0,0,0,0,0,0,0,0,0,0,0,0,1
64,3,14,11,64,46,148,0,0,0,0,0,0,0,0,0,0,0,0,0,0,0,0,0,0,0,0,0,0,0,1
64,65,10,13,64,32,2,83,127,0,0,0,0,0,0,0,0,0,0,0,0,0,0,0,0,0,0,0,0,0,1
64,3,10,11,64,248,119,0,0,0,0,0,0,0,0,0,0,0,0,0,0,0,0,0,0,0,0,0,0,0,1
64,65,11,14,64,32,3,0,211,80,0,0,0,0,0,0,0,0,0,0,0,0,0,0,0,0,0,0,0,0,1
64,3,11,11,64,133,224,0,0,0,0,0,0,0,0,0,0,0,0,0,0,0,0,0,0,0,0,0,0,0,1
64,65,11,13,64,32,2,124,190,0,0,0,0,0,0,0,0,0,0,0,0,0,0,0,0,0,0,0,0,0,1
64,3,11,11,64,168,147,0,0,0,0,0,0,0,0,0,0,0,0,0,0,0,0,0,0,0,0,0,0,0,1
1,65,9,14,1,32,3,0,159,8,0,0,0,0,0,0,0,0,0,0,0,0,0,0,0,0,0,0,0,0,1
1,3,9,11,1,155,103,0,0,0,0,0,0,0,0,0,0,0,0,0,0,0,0,0,0,0,0,0,0,0,1
1,65,6,17,1,86,1,32,2,77,38,30,9,0,0,0,0,0,0,0,0,0,0,0,0,0,0,0,0,0,1
1,3,6,11,1,168,54,0,0,0,0,0,0,0,0,0,0,0,0,0,0,0,0,0,0,0,0,0,0,0,1
1,65,9,18,1,86,1,32,3,0,140,88,207,72,0,0,0,0,0,0,0,0,0,0,0,0,0,0,0,0,1
1,3,9,11,1,40,28,0,0,0,0,0,0,0,0,0,0,0,0,0,0,0,0,0,0,0,0,0,0,0,1
1,65,9,17,1,86,1,32,2,77,38,154,234,0,0,0,0,0,0,0,0,0,0,0,0,0,0,0,0,0,1
1,3,9,11,1,40,33,0,0,0,0,0,0,0,0,0,0,0,0,0,0,0,0,0,0,0,0,0,0,0,1
1,65,15,18,1,86,1,32,3,0,140,88,147,122,0,0,0,0,0,0,0,0,0,0,0,0,0,0,0,0,1
1,3,15,11,1,25,164,0,0,0,0,0,0,0,0,0,0,0,0,0,0,0,0,0,0,0,0,0,0,0,1
1,65,13,13,1,32,2,52,171,0,0,0,0,0,0,0,0,0,0,0,0,0,0,0,0,0,0,0,0,0,1
1,3,13,11,1,125,231,0,0,0,0,0,0,0,0,0,0,0,0,0,0,0,0,0,0,0,0,0,0,0,1
1,65,12,14,1,32,3,0,27,17,0,0,0,0,0,0,0,0,0,0,0,0,0,0,0,0,0,0,0,0,1
1,3,12,11,1,0,112,0,0,0,0,0,0,0,0,0,0,0,0,0,0,0,0,0,0,0,0,0,0,0,1
1,65,10,33,1,86,1,96,13,1,0,50,2,33,68,0,0,0,0,0,0,0,0,0,0,7,90,113,140,0,1
1,3,10,11,1,194,55,0,0,0,0,0,0,0,0,0,0,0,0,0,0,0,0,0,0,0,0,0,0,0,1
1,65,11,33,1,86,1,96,13,2,0,50,2,33,68,0,0,0,31,0,0,0,0,0,0,82,133,52,56,0,1
1,3,11,11,1,245,7,0,0,0,0,0,0,0,0,0,0,0,0,0,0,0,0,0,0,0,0,0,0,0,1
1,65,13,13,1,32,2,177,59,0,0,0,0,0,0,0,0,0,0,0,0,0,0,0,0,0,0,0,0,0,1
1,3,13,11,1,26,51,0,0,0,0,0,0,0,0,0,0,0,0,0,0,0,0,0,0,0,0,0,0,0,1
1,65,12,14,1,32,3,0,220,9,0,0,0,0,0,0,0,0,0,0,0,0,0,0,0,0,0,0,0,0,1
1,3,12,11,1,112,151,0,0,0,0,0,0,0,0,0,0,0,0,0,0,0,0,0,0,0,0,0,0,0,1
1,65,13,29,1,86,1,96,13,1,0,50,2,33,50,0,0,0,0,0,0,202,252,206,93,0,0,0,0,0,1
1,3,13,11,1,71,167,0,0,0,0,0,0,0,0,0,0,0,0,0,0,0,0,0,0,0,0,0,0,0,1
1,65,14,29,1,86,1,96,13,2,0,50,2,33,50,0,0,0,0,0,0,207,99,160,102,0,0,0,0,0,1
1,3,14,11,1,30,247,0,0,0,0,0,0,0,0,0,0,0,0,0,0,0,0,0,0,0,0,0,0,0,1
1,3,15,10,1,72,0,0,0,0,0,0,0,0,0,0,0,0,0,0,0,0,0,0,0,0,0,0,0,0,1
1,3,1,10,1,70,0,0,0,0,0,0,0,0,0,0,0,0,0,0,0,0,0,0,0,0,0,0,0,0,1
1,65,1,12,1,37,2,42,0,0,0,0,0,0,0,0,0,0,0,0,0,0,0,0,0,0,0,0,0,0,1
1,65,1,12,1,37,2,42,0,0,0,0,0,0,0,0,0,0,0,0,0,0,0,0,0,0,0,0,0,0,1
1,65,1,12,1,37,2,42,0,0,0,0,0,0,0,0,0,0,0,0,0,0,0,0,0,0,0,0,0,0,1
1,65,2,12,1,37,2,41,0,0,0,0,0,0,0,0,0,0,0,0,0,0,0,0,0,0,0,0,0,0,1
1,3,2,10,1,74,0,0,0,0,0,0,0,0,0,0,0,0,0,0,0,0,0,0,0,0,0,0,0,0,1
1,65,65,13,1,37,3,0,106,0,0,0,0,0,0,0,0,0,0,0,0,0,0,0,0,0,0,0,0,0,1
1,3,1,10,1,73,0,0,0,0,0,0,0,0,0,0,0,0,0,0,0,0,0,0,0,0,0,0,0,0,1
1,65,8,17,1,86,1,32,2,77,38,109,126,0,0,0,0,0,0,0,0,0,0,0,0,0,0,0,0,0,1
1,3,8,11,1,179,55,0,0,0,0,0,0,0,0,0,0,0,0,0,0,0,0,0,0,0,0,0,0,0,1
1,65,10,18,1,86,1,32,3,0,140,88,126,135,0,0,0,0,0,0,0,0,0,0,0,0,0,0,0,0,1
1,3,10,11,1,113,76,0,0,0,0,0,0,0,0,0,0,0,0,0,0,0,0,0,0,0,0,0,0,0,1
1,65,14,17,1,86,1,32,2,77,38,43,65,0,0,0,0,0,0,0,0,0,0,0,0,0,0,0,0,0,1
1,3,14,11,1,173,177,0,0,0,0,0,0,0,0,0,0,0,0,0,0,0,0,0,0,0,0,0,0,0,1
1,65,1,18,1,86,1,32,3,0,140,88,170,142,0,0,0,0,0,0,0,0,0,0,0,0,0,0,0,0,1
1,3,1,11,1,2,165,0,0,0,0,0,0,0,0,0,0,0,0,0,0,0,0,0,0,0,0,0,0,0,1
1,65,3,13,1,32,2,251,3,0,0,0,0,0,0,0,0,0,0,0,0,0,0,0,0,0,0,0,0,0,1
1,3,3,11,1,102,230,0,0,0,0,0,0,0,0,0,0,0,0,0,0,0,0,0,0,0,0,0,0,0,1
1,65,13,14,1,32,3,0,94,177,0,0,0,0,0,0,0,0,0,0,0,0,0,0,0,0,0,0,0,0,1
1,3,13,11,1,55,64,0,0,0,0,0,0,0,0,0,0,0,0,0,0,0,0,0,0,0,0,0,0,0,1
1,65,3,13,1,32,2,126,147,0,0,0,0,0,0,0,0,0,0,0,0,0,0,0,0,0,0,0,0,0,1
1,3,3,11,1,1,50,0,0,0,0,0,0,0,0,0,0,0,0,0,0,0,0,0,0,0,0,0,0,0,1
1,65,15,14,1,32,3,0,18,233,0,0,0,0,0,0,0,0,0,0,0,0,0,0,0,0,0,0,0,0,1
1,3,15,11,1,41,199,0,0,0,0,0,0,0,0,0,0,0,0,0,0,0,0,0,0,0,0,0,0,0,1
1,65,13,17,1,86,1,32,2,77,38,26,178,0,0,0,0,0,0,0,0,0,0,0,0,0,0,0,0,0,1
1,3,13,11,1,88,199,0,0,0,0,0,0,0,0,0,0,0,0,0,0,0,0,0,0,0,0,0,0,0,1
1,65,11,18,1,86,1,32,3,0,140,88,17,194,0,0,0,0,0,0,0,0,0,0,0,0,0,0,0,0,1
1,3,11,11,1,70,124,0,0,0,0,0,0,0,0,0,0,0,0,0,0,0,0,0,0,0,0,0,0,0,1
1,65,1,17,1,86,1,32,2,77,38,179,21,0,0,0,0,0,0,0,0,0,0,0,0,0,0,0,0,0,1
1,3,1,11,1,129,128,0,0,0,0,0,0,0,0,0,0,0,0,0,0,0,0,0,0,0,0,0,0,0,1
1,65,2,18,1,86,1,32,3,0,140,88,27,65,0,0,0,0,0,0,0,0,0,0,0,0,0,0,0,0,1
1,3,2,11,1,91,245,0,0,0,0,0,0,0,0,0,0,0,0,0,0,0,0,0,0,0,0,0,0,0,1
1,65,5,13,1,32,2,54,134,0,0,0,0,0,0,0,0,0,0,0,0,0,0,0,0,0,0,0,0,0,1
1,3,5,11,1,212,70,0,0,0,0,0,0,0,0,0,0,0,0,0,0,0,0,0,0,0,0,0,0,0,1
1,65,14,14,1,32,3,0,144,81,0,0,0,0,0,0,0,0,0,0,0,0,0,0,0,0,0,0,0,0,1
1,3,14,11,1,110,16,0,0,0,0,0,0,0,0,0,0,0,0,0,0,0,0,0,0,0,0,0,0,0,1
1,65,6,13,1,32,2,93,196,0,0,0,0,0,0,0,0,0,0,0,0,0,0,0,0,0,0,0,0,0,1
1,3,6,11,1,234,194,0,0,0,0,0,0,0,0,0,0,0,0,0,0,0,0,0,0,0,0,0,0,0,1
1,65,1,14,1,32,3,0,146,74,0,0,0,0,0,0,0,0,0,0,0,0,0,0,0,0,0,0,0,0,1
1,3,1,11,1,50,198,0,0,0,0,0,0,0,0,0,0,0,0,0,0,0,0,0,0,0,0,0,0,0,1
1,65,1,17,1,49,5,1,42,2,98,16,245,0,0,0,0,0,0,0,0,0,0,0,0,0,0,0,0,0,1
1,3,1,11,1,145,156,0,0,0,0,0,0,0,0,0,0,0,0,0,0,0,0,0,0,0,0,0,0,0,1
1,65,2,16,1,49,5,5,1,31,135,30,0,0,0,0,0,0,0,0,0,0,0,0,0,0,0,0,0,0,1
1,3,2,11,1,200,204,0,0,0,0,0,0,0,0,0,0,0,0,0,0,0,0,0,0,0,0,0,0,0,1
1,65,3,17,1,49,5,3,10,0,48,161,233,0,0,0,0,0,0,0,0,0,0,0,0,0,0,0,0,0,1
1,3,3,11,1,255,252,0,0,0,0,0,0,0,0,0,0,0,0,0,0,0,0,0,0,0,0,0,0,0,1
1,65,4,16,1,49,5,27,1,0,188,105,0,0,0,0,0,0,0,0,0,0,0,0,0,0,0,0,0,0,1
1,3,4,11,1,122,108,0,0,0,0,0,0,0,0,0,0,0,0,0,0,0,0,0,0,0,0,0,0,0,1
1,65,5,13,1,132,7,245,131,0,0,0,0,0,0,0,0,0,0,0,0,0,0,0,0,0,0,0,0,0,1
1,3,5,11,1,77,92,0,0,0,0,0,0,0,0,0,0,0,0,0,0,0,0,0,0,0,0,0,0,0,1
1,65,9,13,1,132,8,251,95,0,0,0,0,0,0,0,0,0,0,0,0,0,0,0,0,0,0,0,0,0,1
1,3,9,11,1,46,86,0,0,0,0,0,0,0,0,0,0,0,0,0,0,0,0,0,0,0,0,0,0,0,1
1,65,1,12,1,132,7,141,0,0,0,0,0,0,0,0,0,0,0,0,0,0,0,0,0,0,0,0,0,0,1
1,3,1,10,1,74,0,0,0,0,0,0,0,0,0,0,0,0,0,0,0,0,0,0,0,0,0,0,0,0,1
1,65,3,12,1,132,8,128,0,0,0,0,0,0,0,0,0,0,0,0,0,0,0,0,0,0,0,0,0,0,1
1,3,3,10,1,72,0,0,0,0,0,0,0,0,0,0,0,0,0,0,0,0,0,0,0,0,0,0,0,0,1
1,65,1,12,1,132,7,138,0,0,0,0,0,0,0,0,0,0,0,0,0,0,0,0,0,0,0,0,0,0,1
1,3,1,10,1,77,0,0,0,0,0,0,0,0,0,0,0,0,0,0,0,0,0,0,0,0,0,0,0,0,1
1,65,4,12,1,132,8,128,0,0,0,0,0,0,0,0,0,0,0,0,0,0,0,0,0,0,0,0,0,0,1
1,3,4,10,1,72,0,0,0,0,0,0,0,0,0,0,0,0,0,0,0,0,0,0,0,0,0,0,0,0,1
1,65,2,17,1,86,1,32,2,77,38,130,230,0,0,0,0,0,0,0,0,0,0,0,0,0,0,0,0,0,1
1,3,2,11,1,116,246,0,0,0,0,0,0,0,0,0,0,0,0,0,0,0,0,0,0,0,0,0,0,0,1
1,65,12,18,1,86,1,32,3,0,140,88,13,56,0,0,0,0,0,0,0,0,0,0,0,0,0,0,0,0,1
1,3,12,11,1,195,236,0,0,0,0,0,0,0,0,0,0,0,0,0,0,0,0,0,0,0,0,0,0,0,1
1,65,5,17,1,86,1,32,2,77,38,47,250,0,0,0,0,0,0,0,0,0,0,0,0,0,0,0,0,0,1
1,3,5,11,1,93,64,0,0,0,0,0,0,0,0,0,0,0,0,0,0,0,0,0,0,0,0,0,0,0,1
1,65,3,18,1,86,1,32,3,0,140,88,116,4,0,0,0,0,0,0,0,0,0,0,0,0,0,0,0,0,1
1,3,3,11,1,108,197,0,0,0,0,0,0,0,0,0,0,0,0,0,0,0,0,0,0,0,0,0,0,0,1
1,65,9,13,1,32,2,189,173,0,0,0,0,0,0,0,0,0,0,0,0,0,0,0,0,0,0,0,0,0,1
1,3,9,11,1,161,39,0,0,0,0,0,0,0,0,0,0,0,0,0,0,0,0,0,0,0,0,0,0,0,1
1,65,15,14,1,32,3,0,213,241,0,0,0,0,0,0,0,0,0,0,0,0,0,0,0,0,0,0,0,0,1
1,3,15,11,1,89,32,0,0,0,0,0,0,0,0,0,0,0,0,0,0,0,0,0,0,0,0,0,0,0,1
1,65,10,13,1,32,2,214,239,0,0,0,0,0,0,0,0,0,0,0,0,0,0,0,0,0,0,0,0,0,1
1,3,10,11,1,159,163,0,0,0,0,0,0,0,0,0,0,0,0,0,0,0,0,0,0,0,0,0,0,0,1
1,65,2,14,1,32,3,0,92,170,0,0,0,0,0,0,0,0,0,0,0,0,0,0,0,0,0,0,0,0,1
1,3,2,11,1,107,150,0,0,0,0,0,0,0,0,0,0,0,0,0,0,0,0,0,0,0,0,0,0,0,1
1,65,5,17,1,86,1,32,2,77,38,51,77,0,0,0,0,0,0,0,0,0,0,0,0,0,0,0,0,0,1
1,3,5,11,1,241,102,0,0,0,0,0,0,0,0,0,0,0,0,0,0,0,0,0,0,0,0,0,0,0,1
1,65,13,18,1,86,1,32,3,0,140,88,98,125,0,0,0,0,0,0,0,0,0,0,0,0,0,0,0,0,1
1,3,13,11,1,244,220,0,0,0,0,0,0,0,0,0,0,0,0,0,0,0,0,0,0,0,0,0,0,0,1
1,65,8,17,1,86,1,32,2,77,38,113,201,0,0,0,0,0,0,0,0,0,0,0,0,0,0,0,0,0,1
1,3,8,11,1,31,17,0,0,0,0,0,0,0,0,0,0,0,0,0,0,0,0,0,0,0,0,0,0,0,1
1,65,4,18,1,86,1,32,3,0,140,88,104,254,0,0,0,0,0,0,0,0,0,0,0,0,0,0,0,0,1
1,3,4,11,1,233,85,0,0,0,0,0,0,0,0,0,0,0,0,0,0,0,0,0,0,0,0,0,0,0,1
1,65,12,13,1,32,2,158,250,0,0,0,0,0,0,0,0,0,0,0,0,0,0,0,0,0,0,0,0,0,1
1,3,12,11,1,74,215,0,0,0,0,0,0,0,0,0,0,0,0,0,0,0,0,0,0,0,0,0,0,0,1
1,65,1,14,1,32,3,0,85,82,0,0,0,0,0,0,0,0,0,0,0,0,0,0,0,0,0,0,0,0,1
1,3,1,11,1,66,33,0,0,0,0,0,0,0,0,0,0,0,0,0,0,0,0,0,0,0,0,0,0,0,1
1,65,3,33,1,86,1,96,13,1,0,50,2,33,68,0,0,0,0,0,0,0,0,0,0,7,90,57,218,0,1
1,3,3,11,1,92,166,0,0,0,0,0,0,0,0,0,0,0,0,0,0,0,0,0,0,0,0,0,0,0,1
1,65,13,13,1,32,2,177,59,0,0,0,0,0,0,0,0,0,0,0,0,0,0,0,0,0,0,0,0,0,1
1,3,13,11,1,26,51,0,0,0,0,0,0,0,0,0,0,0,0,0,0,0,0,0,0,0,0,0,0,0,1
1,65,4,14,1,32,3,0,209,75,0,0,0,0,0,0,0,0,0,0,0,0,0,0,0,0,0,0,0,0,1
1,3,4,11,1,217,54,0,0,0,0,0,0,0,0,0,0,0,0,0,0,0,0,0,0,0,0,0,0,0,1
1,65,5,33,1,86,1,96,13,2,0,50,2,33,68,0,0,0,32,0,0,0,0,0,0,129,225,180,67,0,1
1,3,5,11,1,238,6,0,0,0,0,0,0,0,0,0,0,0,0,0,0,0,0,0,0,0,0,0,0,0,1
1,65,6,29,1,86,1,96,13,1,0,50,2,33,50,0,0,0,0,0,0,202,252,111,16,0,0,0,0,0,1
1,3,6,11,1,183,86,0,0,0,0,0,0,0,0,0,0,0,0,0,0,0,0,0,0,0,0,0,0,0,1
1,65,7,29,1,86,1,96,13,2,0,50,2,33,50,0,0,0,0,0,0,207,99,186,230,0,0,0,0,0,1
1,3,7,11,1,128,102,0,0,0,0,0,0,0,0,0,0,0,0,0,0,0,0,0,0,0,0,0,0,0,1
1,65,8,17,1,86,1,32,2,77,38,109,126,0,0,0,0,0,0,0,0,0,0,0,0,0,0,0,0,0,1
1,3,8,11,1,179,55,0,0,0,0,0,0,0,0,0,0,0,0,0,0,0,0,0,0,0,0,0,0,0,1
1,65,14,18,1,86,1,32,3,0,140,88,211,178,0,0,0,0,0,0,0,0,0,0,0,0,0,0,0,0,1
1,3,14,11,1,173,140,0,0,0,0,0,0,0,0,0,0,0,0,0,0,0,0,0,0,0,0,0,0,0,1
1,65,11,17,1,86,1,32,2,77,38,92,141,0,0,0,0,0,0,0,0,0,0,0,0,0,0,0,0,0,1
1,3,11,11,1,70,65,0,0,0,0,0,0,0,0,0,0,0,0,0,0,0,0,0,0,0,0,0,0,0,1
1,65,5,18,1,86,1,32,3,0,140,88,7,187,0,0,0,0,0,0,0,0,0,0,0,0,0,0,0,0,1
1,3,5,11,1,222,101,0,0,0,0,0,0,0,0,0,0,0,0,0,0,0,0,0,0,0,0,0,0,0,1
1,65,15,13,1,32,2,112,40,0,0,0,0,0,0,0,0,0,0,0,0,0,0,0,0,0,0,0,0,0,1
1,3,15,11,1,19,135,0,0,0,0,0,0,0,0,0,0,0,0,0,0,0,0,0,0,0,0,0,0,0,1
1,65,2,14,1,32,3,0,155,178,0,0,0,0,0,0,0,0,0,0,0,0,0,0,0,0,0,0,0,0,1
1,3,2,11,1,27,113,0,0,0,0,0,0,0,0,0,0,0,0,0,0,0,0,0,0,0,0,0,0,0,1
1,3,6,10,1,65,0,0,0,0,0,0,0,0,0,0,0,0,0,0,0,0,0,0,0,0,0,0,0,0,1
1,3,1,10,1,70,0,0,0,0,0,0,0,0,0,0,0,0,0,0,0,0,0,0,0,0,0,0,0,0,1
1,65,2,13,1,32,2,212,194,0,0,0,0,0,0,0,0,0,0,0,0,0,0,0,0,0,0,0,0,0,1
1,3,2,11,1,54,2,0,0,0,0,0,0,0,0,0,0,0,0,0,0,0,0,0,0,0,0,0,0,0,1
1,65,8,14,1,32,3,0,218,168,0,0,0,0,0,0,0,0,0,0,0,0,0,0,0,0,0,0,0,0,1
1,3,8,11,1,172,87,0,0,0,0,0,0,0,0,0,0,0,0,0,0,0,0,0,0,0,0,0,0,0,1
1,65,14,17,1,86,1,32,2,77,38,55,246,0,0,0,0,0,0,0,0,0,0,0,0,0,0,0,0,0,1
1,3,14,11,1,1,151,0,0,0,0,0,0,0,0,0,0,0,0,0,0,0,0,0,0,0,0,0,0,0,1
1,65,15,18,1,86,1,32,3,0,140,88,188,247,0,0,0,0,0,0,0,0,0,0,0,0,0,0,0,0,1
1,3,15,11,1,154,188,0,0,0,0,0,0,0,0,0,0,0,0,0,0,0,0,0,0,0,0,0,0,0,1
1,65,2,17,1,86,1,32,2,77,38,158,81,0,0,0,0,0,0,0,0,0,0,0,0,0,0,0,0,0,1
1,3,2,11,1,216,208,0,0,0,0,0,0,0,0,0,0,0,0,0,0,0,0,0,0,0,0,0,0,0,1
1,65,6,18,1,86,1,32,3,0,140,88,182,116,0,0,0,0,0,0,0,0,0,0,0,0,0,0,0,0,1
1,3,6,11,1,135,53,0,0,0,0,0,0,0,0,0,0,0,0,0,0,0,0,0,0,0,0,0,0,0,1
1,65,6,13,1,32,2,216,84,0,0,0,0,0,0,0,0,0,0,0,0,0,0,0,0,0,0,0,0,0,1
1,3,6,11,1,141,22,0,0,0,0,0,0,0,0,0,0,0,0,0,0,0,0,0,0,0,0,0,0,0,1
1,65,3,14,1,32,3,0,222,18,0,0,0,0,0,0,0,0,0,0,0,0,0,0,0,0,0,0,0,0,1
1,3,3,11,1,44,65,0,0,0,0,0,0,0,0,0,0,0,0,0,0,0,0,0,0,0,0,0,0,0,1
1,65,7,12,1,49,4,57,0,0,0,0,0,0,0,0,0,0,0,0,0,0,0,0,0,0,0,0,0,0,1
1,65,7,12,1,49,4,57,0,0,0,0,0,0,0,0,0,0,0,0,0,0,0,0,0,0,0,0,0,0,1
1,65,7,12,1,49,4,57,0,0,0,0,0,0,0,0,0,0,0,0,0,0,0,0,0,0,0,0,0,0,1
1,129,9,16,1,0,32,16,13,49,4,214,0,0,0,0,0,0,0,0,0,0,0,0,0,0,0,0,0,0,1
1,129,9,16,1,0,33,16,13,49,4,215,0,0,0,0,0,0,0,0,0,0,0,0,0,0,0,0,0,0,1
1,129,9,16,1,0,34,16,13,49,4,212,0,0,0,0,0,0,0,0,0,0,0,0,0,0,0,0,0,0,1
1,129,9,16,1,0,34,16,13,49,4,212,0,0,0,0,0,0,0,0,0,0,0,0,0,0,0,0,0,0,1
1,129,9,16,1,0,34,16,13,49,4,212,0,0,0,0,0,0,0,0,0,0,0,0,0,0,0,0,0,0,1
1,129,9,14,1,37,32,16,13,216,0,0,0,0,0,0,0,0,0,0,0,0,0,0,0,0,0,0,0,0,1
1,193,9,14,1,37,47,16,13,151,0,0,0,0,0,0,0,0,0,0,0,0,0,0,0,0,0,0,0,0,1
1,3,9,10,1,89,0,0,0,0,0,0,0,0,0,0,0,0,0,0,0,0,0,0,0,0,0,0,0,0,1
1,129,10,16,1,0,32,16,9,49,4,209,0,0,0,0,0,0,0,0,0,0,0,0,0,0,0,0,0,0,1
1,129,10,16,1,0,33,16,9,49,4,208,0,0,0,0,0,0,0,0,0,0,0,0,0,0,0,0,0,0,1
1,129,10,16,1,0,34,16,9,49,4,211,0,0,0,0,0,0,0,0,0,0,0,0,0,0,0,0,0,0,1
1,129,10,16,1,0,34,16,9,49,4,211,0,0,0,0,0,0,0,0,0,0,0,0,0,0,0,0,0,0,1
1,129,10,16,1,0,34,16,9,49,4,211,0,0,0,0,0,0,0,0,0,0,0,0,0,0,0,0,0,0,1
1,129,10,14,1,37,32,16,9,223,0,0,0,0,0,0,0,0,0,0,0,0,0,0,0,0,0,0,0,0,1
1,193,10,14,1,37,47,16,9,144,0,0,0,0,0,0,0,0,0,0,0,0,0,0,0,0,0,0,0,0,1
1,3,10,10,1,90,0,0,0,0,0,0,0,0,0,0,0,0,0,0,0,0,0,0,0,0,0,0,0,0,1
1,129,11,15,1,0,16,13,49,4,235,0,0,0,0,0,0,0,0,0,0,0,0,0,0,0,0,0,0,0,1
1,129,11,15,1,0,17,13,49,4,234,0,0,0,0,0,0,0,0,0,0,0,0,0,0,0,0,0,0,0,1
1,129,11,15,1,0,17,13,49,4,234,0,0,0,0,0,0,0,0,0,0,0,0,0,0,0,0,0,0,0,1
1,129,11,15,1,0,17,13,49,4,234,0,0,0,0,0,0,0,0,0,0,0,0,0,0,0,0,0,0,0,1
1,193,11,13,1,21,31,13,134,0,0,0,0,0,0,0,0,0,0,0,0,0,0,0,0,0,0,0,0,0,1
1,3,11,10,1,70,0,0,0,0,0,0,0,0,0,0,0,0,0,0,0,0,0,0,0,0,0,0,0,0,1
1,129,12,16,1,0,32,13,10,49,4,201,0,0,0,0,0,0,0,0,0,0,0,0,0,0,0,0,0,0,1
1,129,12,16,1,0,33,13,10,49,4,200,0,0,0,0,0,0,0,0,0,0,0,0,0,0,0,0,0,0,1
1,129,12,16,1,0,34,13,10,49,4,203,0,0,0,0,0,0,0,0,0,0,0,0,0,0,0,0,0,0,1
1,129,12,16,1,0,34,13,10,49,4,203,0,0,0,0,0,0,0,0,0,0,0,0,0,0,0,0,0,0,1
1,129,12,16,1,0,34,13,10,49,4,203,0,0,0,0,0,0,0,0,0,0,0,0,0,0,0,0,0,0,1
1,129,12,14,1,37,32,13,10,199,0,0,0,0,0,0,0,0,0,0,0,0,0,0,0,0,0,0,0,0,1
1,193,12,14,1,37,47,13,10,136,0,0,0,0,0,0,0,0,0,0,0,0,0,0,0,0,0,0,0,0,1
1,3,12,10,1,65,0,0,0,0,0,0,0,0,0,0,0,0,0,0,0,0,0,0,0,0,0,0,0,0,1
1,129,13,15,1,0,16,10,49,4,234,0,0,0,0,0,0,0,0,0,0,0,0,0,0,0,0,0,0,0,1
1,129,13,15,1,0,17,10,49,4,235,0,0,0,0,0,0,0,0,0,0,0,0,0,0,0,0,0,0,0,1
1,129,13,15,1,0,17,10,49,4,235,0,0,0,0,0,0,0,0,0,0,0,0,0,0,0,0,0,0,0,1
1,129,13,15,1,0,17,10,49,4,235,0,0,0,0,0,0,0,0,0,0,0,0,0,0,0,0,0,0,0,1
1,193,13,13,1,21,31,10,135,0,0,0,0,0,0,0,0,0,0,0,0,0,0,0,0,0,0,0,0,0,1
1,3,13,10,1,71,0,0,0,0,0,0,0,0,0,0,0,0,0,0,0,0,0,0,0,0,0,0,0,0,1
1,65,8,12,1,49,4,54,0,0,0,0,0,0,0,0,0,0,0,0,0,0,0,0,0,0,0,0,0,0,1
1,65,8,12,1,49,4,54,0,0,0,0,0,0,0,0,0,0,0,0,0,0,0,0,0,0,0,0,0,0,1
1,65,8,12,1,49,4,54,0,0,0,0,0,0,0,0,0,0,0,0,0,0,0,0,0,0,0,0,0,0,1
1,69,14,20,1,32,0,250,64,0,0,0,0,49,4,182,0,0,0,0,0,0,0,0,0,0,0,0,0,0,1
1,69,14,20,1,32,0,250,49,16,0,0,0,49,4,215,0,0,0,0,0,0,0,0,0,0,0,0,0,0,1
1,69,14,20,1,32,0,250,49,13,0,0,0,49,4,202,0,0,0,0,0,0,0,0,0,0,0,0,0,0,1
1,69,14,20,1,32,0,250,49,18,0,0,0,49,4,213,0,0,0,0,0,0,0,0,0,0,0,0,0,0,1
1,69,14,20,1,32,0,250,49,9,0,0,0,49,4,206,0,0,0,0,0,0,0,0,0,0,0,0,0,0,1
1,69,14,20,1,32,0,250,49,10,0,0,0,49,4,205,0,0,0,0,0,0,0,0,0,0,0,0,0,0,1
1,65,1,17,1,49,5,1,42,2,122,131,204,0,0,0,0,0,0,0,0,0,0,0,0,0,0,0,0,0,1
1,3,1,11,1,145,156,0,0,0,0,0,0,0,0,0,0,0,0,0,0,0,0,0,0,0,0,0,0,0,1
1,65,2,16,1,49,5,5,1,30,151,63,0,0,0,0,0,0,0,0,0,0,0,0,0,0,0,0,0,0,1
1,3,2,11,1,200,204,0,0,0,0,0,0,0,0,0,0,0,0,0,0,0,0,0,0,0,0,0,0,0,1
1,65,3,17,1,49,5,3,10,0,78,62,176,0,0,0,0,0,0,0,0,0,0,0,0,0,0,0,0,0,1
1,3,3,11,1,255,252,0,0,0,0,0,0,0,0,0,0,0,0,0,0,0,0,0,0,0,0,0,0,0,1
1,65,4,16,1,49,5,27,1,0,188,105,0,0,0,0,0,0,0,0,0,0,0,0,0,0,0,0,0,0,1
1,3,4,11,1,122,108,0,0,0,0,0,0,0,0,0,0,0,0,0,0,0,0,0,0,0,0,0,0,0,1
1,65,5,13,1,132,7,245,131,0,0,0,0,0,0,0,0,0,0,0,0,0,0,0,0,0,0,0,0,0,1
1,3,5,11,1,77,92,0,0,0,0,0,0,0,0,0,0,0,0,0,0,0,0,0,0,0,0,0,0,0,1
1,65,7,13,1,132,8,52,247,0,0,0,0,0,0,0,0,0,0,0,0,0,0,0,0,0,0,0,0,0,1
1,3,7,11,1,53,87,0,0,0,0,0,0,0,0,0,0,0,0,0,0,0,0,0,0,0,0,0,0,0,1
1,65,9,13,1,32,2,56,61,0,0,0,0,0,0,0,0,0,0,0,0,0,0,0,0,0,0,0,0,0,1
1,3,9,11,1,198,243,0,0,0,0,0,0,0,0,0,0,0,0,0,0,0,0,0,0,0,0,0,0,0,1
1,65,9,14,1,32,3,0,159,8,0,0,0,0,0,0,0,0,0,0,0,0,0,0,0,0,0,0,0,0,1
1,3,9,11,1,155,103,0,0,0,0,0,0,0,0,0,0,0,0,0,0,0,0,0,0,0,0,0,0,0,1
1,65,3,17,1,86,1,32,2,77,38,105,197,0,0,0,0,0,0,0,0,0,0,0,0,0,0,0,0,0,1
1,3,3,11,1,67,198,0,0,0,0,0,0,0,0,0,0,0,0,0,0,0,0,0,0,0,0,0,0,0,1
1,65,1,18,1,86,1,32,3,0,140,88,133,3,0,0,0,0,0,0,0,0,0,0,0,0,0,0,0,0,1
1,3,1,11,1,129,189,0,0,0,0,0,0,0,0,0,0,0,0,0,0,0,0,0,0,0,0,0,0,0,1
1,65,6,17,1,86,1,32,2,77,38,2,190,0,0,0,0,0,0,0,0,0,0,0,0,0,0,0,0,0,1
1,3,6,11,1,4,16,0,0,0,0,0,0,0,0,0,0,0,0,0,0,0,0,0,0,0,0,0,0,0,1
1,65,7,18,1,86,1,32,3,0,140,88,217,49,0,0,0,0,0,0,0,0,0,0,0,0,0,0,0,0,1
1,3,7,11,1,176,5,0,0,0,0,0,0,0,0,0,0,0,0,0,0,0,0,0,0,0,0,0,0,0,1
1,65,10,13,1,32,2,83,127,0,0,0,0,0,0,0,0,0,0,0,0,0,0,0,0,0,0,0,0,0,1
1,3,10,11,1,248,119,0,0,0,0,0,0,0,0,0,0,0,0,0,0,0,0,0,0,0,0,0,0,0,1
1,65,4,14,1,32,3,0,22,83,0,0,0,0,0,0,0,0,0,0,0,0,0,0,0,0,0,0,0,0,1
1,3,4,11,1,169,209,0,0,0,0,0,0,0,0,0,0,0,0,0,0,0,0,0,0,0,0,0,0,0,1
1,65,1,12,1,132,7,141,0,0,0,0,0,0,0,0,0,0,0,0,0,0,0,0,0,0,0,0,0,0,1
1,3,1,10,1,74,0,0,0,0,0,0,0,0,0,0,0,0,0,0,0,0,0,0,0,0,0,0,0,0,1
1,65,9,12,1,132,8,138,0,0,0,0,0,0,0,0,0,0,0,0,0,0,0,0,0,0,0,0,0,0,1
1,3,9,10,1,66,0,0,0,0,0,0,0,0,0,0,0,0,0,0,0,0,0,0,0,0,0,0,0,0,1
1,65,1,12,1,132,7,138,0,0,0,0,0,0,0,0,0,0,0,0,0,0,0,0,0,0,0,0,0,0,1
1,3,1,10,1,77,0,0,0,0,0,0,0,0,0,0,0,0,0,0,0,0,0,0,0,0,0,0,0,0,1
1,65,10,12,1,132,8,142,0,0,0,0,0,0,0,0,0,0,0,0,0,0,0,0,0,0,0,0,0,0,1
1,3,10,10,1,70,0,0,0,0,0,0,0,0,0,0,0,0,0,0,0,0,0,0,0,0,0,0,0,0,1
1,65,12,13,1,32,2,27,106,0,0,0,0,0,0,0,0,0,0,0,0,0,0,0,0,0,0,0,0,0,1
1,3,12,11,1,45,3,0,0,0,0,0,0,0,0,0,0,0,0,0,0,0,0,0,0,0,0,0,0,0,1
1,65,10,14,1,32,3,0,81,232,0,0,0,0,0,0,0,0,0,0,0,0,0,0,0,0,0,0,0,0,1
1,3,10,11,1,194,55,0,0,0,0,0,0,0,0,0,0,0,0,0,0,0,0,0,0,0,0,0,0,0,1
1,65,1,13,1,32,1,0,42,0,0,0,0,0,0,0,0,0,0,0,0,0,0,0,0,0,0,0,0,0,1
1,3,1,10,1,78,0,0,0,0,0,0,0,0,0,0,0,0,0,0,0,0,0,0,0,0,0,0,0,0,1
1,65,6,17,1,86,1,32,2,77,38,30,9,0,0,0,0,0,0,0,0,0,0,0,0,0,0,0,0,0,1
1,3,6,11,1,168,54,0,0,0,0,0,0,0,0,0,0,0,0,0,0,0,0,0,0,0,0,0,0,0,1
1,65,2,18,1,86,1,32,3,0,140,88,52,204,0,0,0,0,0,0,0,0,0,0,0,0,0,0,0,0,1
1,3,2,11,1,216,237,0,0,0,0,0,0,0,0,0,0,0,0,0,0,0,0,0,0,0,0,0,0,0,1
1,65,9,17,1,86,1,32,2,77,38,154,234,0,0,0,0,0,0,0,0,0,0,0,0,0,0,0,0,0,1
1,3,9,11,1,40,33,0,0,0,0,0,0,0,0,0,0,0,0,0,0,0,0,0,0,0,0,0,0,0,1
1,65,8,18,1,86,1,32,3,0,140,88,143,128,0,0,0,0,0,0,0,0,0,0,0,0,0,0,0,0,1
1,3,8,11,1,156,52,0,0,0,0,0,0,0,0,0,0,0,0,0,0,0,0,0,0,0,0,0,0,0,1
1,65,1,13,1,32,1,255,213,0,0,0,0,0,0,0,0,0,0,0,0,0,0,0,0,0,0,0,0,0,1
1,3,1,10,1,78,0,0,0,0,0,0,0,0,0,0,0,0,0,0,0,0,0,0,0,0,0,0,0,0,1
1,65,13,13,1,32,2,52,171,0,0,0,0,0,0,0,0,0,0,0,0,0,0,0,0,0,0,0,0,0,1
1,3,13,11,1,125,231,0,0,0,0,0,0,0,0,0,0,0,0,0,0,0,0,0,0,0,0,0,0,0,1
1,65,5,14,1,32,3,0,83,243,0,0,0,0,0,0,0,0,0,0,0,0,0,0,0,0,0,0,0,0,1
1,3,5,11,1,158,225,0,0,0,0,0,0,0,0,0,0,0,0,0,0,0,0,0,0,0,0,0,0,0,1
1,65,1,15,1,49,5,1,9,68,113,0,0,0,0,0,0,0,0,0,0,0,0,0,0,0,0,0,0,0,1
1,3,1,10,1,78,0,0,0,0,0,0,0,0,0,0,0,0,0,0,0,0,0,0,0,0,0,0,0,0,1
1,65,1,13,1,32,1,0,42,0,0,0,0,0,0,0,0,0,0,0,0,0,0,0,0,0,0,0,0,0,1
1,3,1,10,1,78,0,0,0,0,0,0,0,0,0,0,0,0,0,0,0,0,0,0,0,0,0,0,0,0,1
1,65,15,13,1,32,2,245,184,0,0,0,0,0,0,0,0,0,0,0,0,0,0,0,0,0,0,0,0,0,1
1,3,15,11,1,116,83,0,0,0,0,0,0,0,0,0,0,0,0,0,0,0,0,0,0,0,0,0,0,0,1
1,65,11,14,1,32,3,0,20,72,0,0,0,0,0,0,0,0,0,0,0,0,0,0,0,0,0,0,0,0,1
1,3,11,11,1,245,7,0,0,0,0,0,0,0,0,0,0,0,0,0,0,0,0,0,0,0,0,0,0,0,1
1,65,12,33,1,86,1,96,13,1,0,50,2,33,68,0,0,0,0,0,0,0,0,0,0,7,90,252,21,0,1
1,3,12,11,1,112,151,0,0,0,0,0,0,0,0,0,0,0,0,0,0,0,0,0,0,0,0,0,0,0,1
1,65,13,33,1,86,1,96,13,2,0,50,2,33,68,0,0,0,33,0,0,0,0,0,0,57,128,185,161,0,1
1,3,13,11,1,71,167,0,0,0,0,0,0,0,0,0,0,0,0,0,0,0,0,0,0,0,0,0,0,0,1
1,65,14,29,1,86,1,96,13,1,0,50,2,33,50,0,0,0,0,0,0,202,252,160,102,0,0,0,0,0,1
1,3,14,11,1,30,247,0,0,0,0,0,0,0,0,0,0,0,0,0,0,0,0,0,0,0,0,0,0,0,1
1,65,15,29,1,86,1,96,13,2,0,50,2,33,50,0,0,0,0,0,0,207,99,117,144,0,0,0,0,0,1
1,3,15,11,1,41,199,0,0,0,0,0,0,0,0,0,0,0,0,0,0,0,0,0,0,0,0,0,0,0,1
1,65,1,15,1,49,5,1,9,69,112,0,0,0,0,0,0,0,0,0,0,0,0,0,0,0,0,0,0,0,1
1,3,1,10,1,78,0,0,0,0,0,0,0,0,0,0,0,0,0,0,0,0,0,0,0,0,0,0,0,0,1
1,65,9,17,1,86,1,32,2,77,38,134,93,0,0,0,0,0,0,0,0,0,0,0,0,0,0,0,0,0,1
1,3,9,11,1,132,7,0,0,0,0,0,0,0,0,0,0,0,0,0,0,0,0,0,0,0,0,0,0,0,1
1,65,3,18,1,86,1,32,3,0,140,88,91,137,0,0,0,0,0,0,0,0,0,0,0,0,0,0,0,0,1
1,3,3,11,1,239,221,0,0,0,0,0,0,0,0,0,0,0,0,0,0,0,0,0,0,0,0,0,0,0,1
1,65,11,12,1,37,2,32,0,0,0,0,0,0,0,0,0,0,0,0,0,0,0,0,0,0,0,0,0,0,1
1,65,11,12,1,37,2,32,0,0,0,0,0,0,0,0,0,0,0,0,0,0,0,0,0,0,0,0,0,0,1
1,65,11,12,1,37,2,32,0,0,0,0,0,0,0,0,0,0,0,0,0,0,0,0,0,0,0,0,0,0,1
1,65,12,12,1,37,2,39,0,0,0,0,0,0,0,0,0,0,0,0,0,0,0,0,0,0,0,0,0,0,1
1,3,12,10,1,68,0,0,0,0,0,0,0,0,0,0,0,0,0,0,0,0,0,0,0,0,0,0,0,0,1
1,65,65,13,1,37,3,0,106,0,0,0,0,0,0,0,0,0,0,0,0,0,0,0,0,0,0,0,0,0,1
1,3,1,10,1,73,0,0,0,0,0,0,0,0,0,0,0,0,0,0,0,0,0,0,0,0,0,0,0,0,1
1,65,12,17,1,86,1,32,2,77,38,237,38,0,0,0,0,0,0,0,0,0,0,0,0,0,0,0,0,0,1
1,3,12,11,1,195,209,0,0,0,0,0,0,0,0,0,0,0,0,0,0,0,0,0,0,0,0,0,0,0,1
1,65,9,18,1,86,1,32,3,0,140,88,224,197,0,0,0,0,0,0,0,0,0,0,0,0,0,0,0,0,1
1,3,9,11,1,171,4,0,0,0,0,0,0,0,0,0,0,0,0,0,0,0,0,0,0,0,0,0,0,0,1
1,65,1,13,1,32,2,191,128,0,0,0,0,0,0,0,0,0,0,0,0,0,0,0,0,0,0,0,0,0,1
1,3,1,11,1,8,134,0,0,0,0,0,0,0,0,0,0,0,0,0,0,0,0,0,0,0,0,0,0,0,1
1,65,6,14,1,32,3,0,157,19,0,0,0,0,0,0,0,0,0,0,0,0,0,0,0,0,0,0,0,0,1
1,3,6,11,1,199,177,0,0,0,0,0,0,0,0,0,0,0,0,0,0,0,0,0,0,0,0,0,0,0,1
1,3,14,10,1,73,0,0,0,0,0,0,0,0,0,0,0,0,0,0,0,0,0,0,0,0,0,0,0,0,1
1,3,1,10,1,70,0,0,0,0,0,0,0,0,0,0,0,0,0,0,0,0,0,0,0,0,0,0,0,0,1
1,65,1,15,1,49,5,1,9,71,114,0,0,0,0,0,0,0,0,0,0,0,0,0,0,0,0,0,0,0,1
1,3,1,10,1,78,0,0,0,0,0,0,0,0,0,0,0,0,0,0,0,0,0,0,0,0,0,0,0,0,1
1,65,3,13,1,32,2,126,147,0,0,0,0,0,0,0,0,0,0,0,0,0,0,0,0,0,0,0,0,0,1
1,3,3,11,1,1,50,0,0,0,0,0,0,0,0,0,0,0,0,0,0,0,0,0,0,0,0,0,0,0,1
1,65,1,14,1,32,3,0,146,74,0,0,0,0,0,0,0,0,0,0,0,0,0,0,0,0,0,0,0,0,1
1,3,1,11,1,50,198,0,0,0,0,0,0,0,0,0,0,0,0,0,0,0,0,0,0,0,0,0,0,0,1
1,65,12,17,1,86,1,32,2,77,38,241,145,0,0,0,0,0,0,0,0,0,0,0,0,0,0,0,0,0,1
1,3,12,11,1,111,247,0,0,0,0,0,0,0,0,0,0,0,0,0,0,0,0,0,0,0,0,0,0,0,1
1,65,4,18,1,86,1,32,3,0,140,88,71,115,0,0,0,0,0,0,0,0,0,0,0,0,0,0,0,0,1
1,3,4,11,1,106,77,0,0,0,0,0,0,0,0,0,0,0,0,0,0,0,0,0,0,0,0,0,0,0,1
1,65,15,17,1,86,1,32,2,77,38,192,98,0,0,0,0,0,0,0,0,0,0,0,0,0,0,0,0,0,1
1,3,15,11,1,154,129,0,0,0,0,0,0,0,0,0,0,0,0,0,0,0,0,0,0,0,0,0,0,0,1
1,65,10,18,1,86,1,32,3,0,140,88,81,10,0,0,0,0,0,0,0,0,0,0,0,0,0,0,0,0,1
1,3,10,11,1,242,84,0,0,0,0,0,0,0,0,0,0,0,0,0,0,0,0,0,0,0,0,0,0,0,1
1,65,4,13,1,32,2,156,215,0,0,0,0,0,0,0,0,0,0,0,0,0,0,0,0,0,0,0,0,0,1
1,3,4,11,1,227,118,0,0,0,0,0,0,0,0,0,0,0,0,0,0,0,0,0,0,0,0,0,0,0,1
1,65,7,14,1,32,3,0,216,179,0,0,0,0,0,0,0,0,0,0,0,0,0,0,0,0,0,0,0,0,1
1,3,7,11,1,240,129,0,0,0,0,0,0,0,0,0,0,0,0,0,0,0,0,0,0,0,0,0,0,0,1
1,65,1,12,1,132,7,137,0,0,0,0,0,0,0,0,0,0,0,0,0,0,0,0,0,0,0,0,0,0,1
1,3,1,10,1,78,0,0,0,0,0,0,0,0,0,0,0,0,0,0,0,0,0,0,0,0,0,0,0,0,1
1,65,15,12,1,132,8,136,0,0,0,0,0,0,0,0,0,0,0,0,0,0,0,0,0,0,0,0,0,0,1
1,3,15,10,1,64,0,0,0,0,0,0,0,0,0,0,0,0,0,0,0,0,0,0,0,0,0,0,0,0,1
1,65,1,17,1,49,5,1,42,2,201,20,116,0,0,0,0,0,0,0,0,0,0,0,0,0,0,0,0,0,1
1,3,1,11,1,145,156,0,0,0,0,0,0,0,0,0,0,0,0,0,0,0,0,0,0,0,0,0,0,0,1
1,65,2,16,1,49,5,5,1,28,183,125,0,0,0,0,0,0,0,0,0,0,0,0,0,0,0,0,0,0,1
1,3,2,11,1,200,204,0,0,0,0,0,0,0,0,0,0,0,0,0,0,0,0,0,0,0,0,0,0,0,1
1,65,3,14,1,128,3,88,148,112,0,0,0,0,0,0,0,0,0,0,0,0,0,0,0,0,0,0,0,0,1
1,3,3,11,1,255,252,0,0,0,0,0,0,0,0,0,0,0,0,0,0,0,0,0,0,0,0,0,0,0,1
1,65,4,17,1,49,5,3,10,0,77,191,120,0,0,0,0,0,0,0,0,0,0,0,0,0,0,0,0,0,1
1,3,4,11,1,122,108,0,0,0,0,0,0,0,0,0,0,0,0,0,0,0,0,0,0,0,0,0,0,0,1
1,65,5,16,1,49,5,27,1,0,251,186,0,0,0,0,0,0,0,0,0,0,0,0,0,0,0,0,0,0,1
1,3,5,11,1,77,92,0,0,0,0,0,0,0,0,0,0,0,0,0,0,0,0,0,0,0,0,0,0,0,1
1,65,6,13,1,132,7,27,81,0,0,0,0,0,0,0,0,0,0,0,0,0,0,0,0,0,0,0,0,0,1
1,3,6,11,1,20,12,0,0,0,0,0,0,0,0,0,0,0,0,0,0,0,0,0,0,0,0,0,0,0,1
1,65,6,13,1,132,8,158,166,0,0,0,0,0,0,0,0,0,0,0,0,0,0,0,0,0,0,0,0,0,1
1,3,6,11,1,2,103,0,0,0,0,0,0,0,0,0,0,0,0,0,0,0,0,0,0,0,0,0,0,0,1
1,65,1,15,1,49,5,1,9,73,124,0,0,0,0,0,0,0,0,0,0,0,0,0,0,0,0,0,0,0,1
1,3,1,10,1,78,0,0,0,0,0,0,0,0,0,0,0,0,0,0,0,0,0,0,0,0,0,0,0,0,1
1,65,10,13,1,32,2,214,239,0,0,0,0,0,0,0,0,0,0,0,0,0,0,0,0,0,0,0,0,0,1
1,3,10,11,1,159,163,0,0,0,0,0,0,0,0,0,0,0,0,0,0,0,0,0,0,0,0,0,0,0,1
1,65,2,14,1,32,3,0,92,170,0,0,0,0,0,0,0,0,0,0,0,0,0,0,0,0,0,0,0,0,1
1,3,2,11,1,107,150,0,0,0,0,0,0,0,0,0,0,0,0,0,0,0,0,0,0,0,0,0,0,0,1
1,65,1,13,1,32,1,255,213,0,0,0,0,0,0,0,0,0,0,0,0,0,0,0,0,0,0,0,0,0,1
1,3,1,10,1,78,0,0,0,0,0,0,0,0,0,0,0,0,0,0,0,0,0,0,0,0,0,0,0,0,1
1,65,2,20,1,113,5,7,255,0,255,7,2,0,0,103,0,0,0,0,0,0,0,0,0,0,0,0,0,0,1
1,3,2,10,1,77,0,0,0,0,0,0,0,0,0,0,0,0,0,0,0,0,0,0,0,0,0,0,0,0,1
1,65,4,17,1,86,1,32,2,77,38,216,110,0,0,0,0,0,0,0,0,0,0,0,0,0,0,0,0,0,1
1,3,4,11,1,198,86,0,0,0,0,0,0,0,0,0,0,0,0,0,0,0,0,0,0,0,0,0,0,0,1
1,65,5,18,1,86,1,32,3,0,140,88,40,54,0,0,0,0,0,0,0,0,0,0,0,0,0,0,0,0,1
1,3,5,11,1,93,125,0,0,0,0,0,0,0,0,0,0,0,0,0,0,0,0,0,0,0,0,0,0,0,1
1,65,7,17,1,86,1,32,2,77,38,233,157,0,0,0,0,0,0,0,0,0,0,0,0,0,0,0,0,0,1
1,3,7,11,1,51,32,0,0,0,0,0,0,0,0,0,0,0,0,0,0,0,0,0,0,0,0,0,0,0,1
1,65,11,18,1,86,1,32,3,0,140,88,62,79,0,0,0,0,0,0,0,0,0,0,0,0,0,0,0,0,1
1,3,11,11,1,197,100,0,0,0,0,0,0,0,0,0,0,0,0,0,0,0,0,0,0,0,0,0,0,0,1
1,65,11,13,1,32,2,249,46,0,0,0,0,0,0,0,0,0,0,0,0,0,0,0,0,0,0,0,0,0,1
1,3,11,11,1,207,71,0,0,0,0,0,0,0,0,0,0,0,0,0,0,0,0,0,0,0,0,0,0,0,1
1,65,8,14,1,32,3,0,29,176,0,0,0,0,0,0,0,0,0,0,0,0,0,0,0,0,0,0,0,0,1
1,3,8,11,1,220,176,0,0,0,0,0,0,0,0,0,0,0,0,0,0,0,0,0,0,0,0,0,0,0,1
1,65,1,13,1,32,1,0,42,0,0,0,0,0,0,0,0,0,0,0,0,0,0,0,0,0,0,0,0,0,1
1,3,1,10,1,78,0,0,0,0,0,0,0,0,0,0,0,0,0,0,0,0,0,0,0,0,0,0,0,0,1
1,65,2,20,1,113,5,7,0,0,255,7,2,0,0,152,0,0,0,0,0,0,0,0,0,0,0,0,0,0,1
1,3,2,10,1,77,0,0,0,0,0,0,0,0,0,0,0,0,0,0,0,0,0,0,0,0,0,0,0,0,1
1,65,13,13,1,32,2,177,59,0,0,0,0,0,0,0,0,0,0,0,0,0,0,0,0,0,0,0,0,0,1
1,3,13,11,1,26,51,0,0,0,0,0,0,0,0,0,0,0,0,0,0,0,0,0,0,0,0,0,0,0,1
1,65,3,14,1,32,3,0,25,10,0,0,0,0,0,0,0,0,0,0,0,0,0,0,0,0,0,0,0,0,1
1,3,3,11,1,92,166,0,0,0,0,0,0,0,0,0,0,0,0,0,0,0,0,0,0,0,0,0,0,0,1
1,65,7,17,1,86,1,32,2,77,38,245,42,0,0,0,0,0,0,0,0,0,0,0,0,0,0,0,0,0,1
1,3,7,11,1,159,6,0,0,0,0,0,0,0,0,0,0,0,0,0,0,0,0,0,0,0,0,0,0,0,1
1,65,6,18,1,86,1,32,3,0,140,88,153,249,0,0,0,0,0,0,0,0,0,0,0,0,0,0,0,0,1
1,3,6,11,1,4,45,0,0,0,0,0,0,0,0,0,0,0,0,0,0,0,0,0,0,0,0,0,0,0,1
1,65,10,17,1,86,1,32,2,77,38,183,174,0,0,0,0,0,0,0,0,0,0,0,0,0,0,0,0,0,1
1,3,10,11,1,113,113,0,0,0,0,0,0,0,0,0,0,0,0,0,0,0,0,0,0,0,0,0,0,0,1
1,65,12,18,1,86,1,32,3,0,140,88,34,181,0,0,0,0,0,0,0,0,0,0,0,0,0,0,0,0,1
1,3,12,11,1,64,244,0,0,0,0,0,0,0,0,0,0,0,0,0,0,0,0,0,0,0,0,0,0,0,1
1,65,14,13,1,32,2,218,121,0,0,0,0,0,0,0,0,0,0,0,0,0,0,0,0,0,0,0,0,0,1
1,3,14,11,1,36,183,0,0,0,0,0,0,0,0,0,0,0,0,0,0,0,0,0,0,0,0,0,0,0,1
1,65,9,14,1,32,3,0,88,16,0,0,0,0,0,0,0,0,0,0,0,0,0,0,0,0,0,0,0,0,1
1,3,9,11,1,235,128,0,0,0,0,0,0,0,0,0,0,0,0,0,0,0,0,0,0,0,0,0,0,0,1
1,65,1,13,1,32,1,255,213,0,0,0,0,0,0,0,0,0,0,0,0,0,0,0,0,0,0,0,0,0,1
1,3,1,10,1,78,0,0,0,0,0,0,0,0,0,0,0,0,0,0,0,0,0,0,0,0,0,0,0,0,1
1,65,2,20,1,113,5,7,255,0,255,7,2,0,0,103,0,0,0,0,0,0,0,0,0,0,0,0,0,0,1
1,3,2,10,1,77,0,0,0,0,0,0,0,0,0,0,0,0,0,0,0,0,0,0,0,0,0,0,0,0,1
1,65,1,12,1,132,7,141,0,0,0,0,0,0,0,0,0,0,0,0,0,0,0,0,0,0,0,0,0,0,1
1,3,1,10,1,74,0,0,0,0,0,0,0,0,0,0,0,0,0,0,0,0,0,0,0,0,0,0,0,0,1
1,65,1,12,1,132,8,130,0,0,0,0,0,0,0,0,0,0,0,0,0,0,0,0,0,0,0,0,0,0,1
1,3,1,10,1,74,0,0,0,0,0,0,0,0,0,0,0,0,0,0,0,0,0,0,0,0,0,0,0,0,1
1,65,1,12,1,132,7,138,0,0,0,0,0,0,0,0,0,0,0,0,0,0,0,0,0,0,0,0,0,0,1
1,3,1,10,1,77,0,0,0,0,0,0,0,0,0,0,0,0,0,0,0,0,0,0,0,0,0,0,0,0,1
1,65,2,12,1,132,8,134,0,0,0,0,0,0,0,0,0,0,0,0,0,0,0,0,0,0,0,0,0,0,1
1,3,2,10,1,78,0,0,0,0,0,0,0,0,0,0,0,0,0,0,0,0,0,0,0,0,0,0,0,0,1
1,65,1,13,1,32,1,0,42,0,0,0,0,0,0,0,0,0,0,0,0,0,0,0,0,0,0,0,0,0,1
1,3,1,10,1,78,0,0,0,0,0,0,0,0,0,0,0,0,0,0,0,0,0,0,0,0,0,0,0,0,1
1,65,2,20,1,113,5,7,0,0,255,7,2,0,0,152,0,0,0,0,0,0,0,0,0,0,0,0,0,0,1
1,3,2,10,1,77,0,0,0,0,0,0,0,0,0,0,0,0,0,0,0,0,0,0,0,0,0,0,0,0,1
1,65,1,13,1,32,1,255,213,0,0,0,0,0,0,0,0,0,0,0,0,0,0,0,0,0,0,0,0,0,1
1,3,1,10,1,78,0,0,0,0,0,0,0,0,0,0,0,0,0,0,0,0,0,0,0,0,0,0,0,0,1
1,65,2,20,1,113,5,7,255,0,255,7,2,0,0,103,0,0,0,0,0,0,0,0,0,0,0,0,0,0,1
1,3,2,10,1,77,0,0,0,0,0,0,0,0,0,0,0,0,0,0,0,0,0,0,0,0,0,0,0,0,1
1,65,1,13,1,32,1,0,42,0,0,0,0,0,0,0,0,0,0,0,0,0,0,0,0,0,0,0,0,0,1
1,3,1,10,1,78,0,0,0,0,0,0,0,0,0,0,0,0,0,0,0,0,0,0,0,0,0,0,0,0,1
1,65,2,20,1,113,5,7,0,0,255,7,2,0,0,152,0,0,0,0,0,0,0,0,0,0,0,0,0,0,1
1,3,2,10,1,77,0,0,0,0,0,0,0,0,0,0,0,0,0,0,0,0,0,0,0,0,0,0,0,0,1
1,65,1,13,1,32,2,58,16,0,0,0,0,0,0,0,0,0,0,0,0,0,0,0,0,0,0,0,0,0,1
1,3,1,11,1,111,82,0,0,0,0,0,0,0,0,0,0,0,0,0,0,0,0,0,0,0,0,0,0,0,1
1,65,4,14,1,32,3,0,209,75,0,0,0,0,0,0,0,0,0,0,0,0,0,0,0,0,0,0,0,0,1
1,3,4,11,1,217,54,0,0,0,0,0,0,0,0,0,0,0,0,0,0,0,0,0,0,0,0,0,0,0,1
1,65,5,33,1,86,1,96,13,1,0,50,2,33,68,0,0,0,0,0,0,0,0,0,0,7,90,180,67,0,1
1,3,5,11,1,238,6,0,0,0,0,0,0,0,0,0,0,0,0,0,0,0,0,0,0,0,0,0,0,0,1
1,65,6,33,1,86,1,96,13,2,0,50,2,33,68,0,0,0,33,0,0,0,0,0,0,57,128,122,159,0,1
1,3,6,11,1,183,86,0,0,0,0,0,0,0,0,0,0,0,0,0,0,0,0,0,0,0,0,0,0,0,1
1,65,7,29,1,86,1,96,13,1,0,50,2,33,50,0,0,0,0,0,0,202,252,186,230,0,0,0,0,0,1
1,3,7,11,1,128,102,0,0,0,0,0,0,0,0,0,0,0,0,0,0,0,0,0,0,0,0,0,0,0,1
1,65,8,29,1,86,1,96,13,2,0,50,2,33,50,0,0,0,0,0,0,207,99,124,16,0,0,0,0,0,1
1,3,8,11,1,172,87,0,0,0,0,0,0,0,0,0,0,0,0,0,0,0,0,0,0,0,0,0,0,0,1
1,65,10,17,1,86,1,32,2,77,38,171,25,0,0,0,0,0,0,0,0,0,0,0,0,0,0,0,0,0,1
1,3,10,11,1,221,87,0,0,0,0,0,0,0,0,0,0,0,0,0,0,0,0,0,0,0,0,0,0,0,1
1,65,7,18,1,86,1,32,3,0,140,88,246,188,0,0,0,0,0,0,0,0,0,0,0,0,0,0,0,0,1
1,3,7,11,1,51,29,0,0,0,0,0,0,0,0,0,0,0,0,0,0,0,0,0,0,0,0,0,0,0,1
1,65,1,13,1,32,1,255,213,0,0,0,0,0,0,0,0,0,0,0,0,0,0,0,0,0,0,0,0,0,1
1,3,1,10,1,78,0,0,0,0,0,0,0,0,0,0,0,0,0,0,0,0,0,0,0,0,0,0,0,0,1
1,65,2,20,1,113,5,7,255,0,255,7,2,0,0,103,0,0,0,0,0,0,0,0,0,0,0,0,0,0,1
1,3,2,10,1,77,0,0,0,0,0,0,0,0,0,0,0,0,0,0,0,0,0,0,0,0,0,0,0,0,1
1,65,14,17,1,86,1,32,2,77,38,43,65,0,0,0,0,0,0,0,0,0,0,0,0,0,0,0,0,0,1
1,3,14,11,1,173,177,0,0,0,0,0,0,0,0,0,0,0,0,0,0,0,0,0,0,0,0,0,0,0,1
1,65,13,18,1,86,1,32,3,0,140,88,77,240,0,0,0,0,0,0,0,0,0,0,0,0,0,0,0,0,1
1,3,13,11,1,119,196,0,0,0,0,0,0,0,0,0,0,0,0,0,0,0,0,0,0,0,0,0,0,0,1
1,65,2,13,1,32,2,81,82,0,0,0,0,0,0,0,0,0,0,0,0,0,0,0,0,0,0,0,0,0,1
1,3,2,11,1,81,214,0,0,0,0,0,0,0,0,0,0,0,0,0,0,0,0,0,0,0,0,0,0,0,1
1,65,10,14,1,32,3,0,150,240,0,0,0,0,0,0,0,0,0,0,0,0,0,0,0,0,0,0,0,0,1
1,3,10,11,1,178,208,0,0,0,0,0,0,0,0,0,0,0,0,0,0,0,0,0,0,0,0,0,0,0,1
1,3,4,10,1,67,0,0,0,0,0,0,0,0,0,0,0,0,0,0,0,0,0,0,0,0,0,0,0,0,1
1,3,1,10,1,70,0,0,0,0,0,0,0,0,0,0,0,0,0,0,0,0,0,0,0,0,0,0,0,0,1
1,65,1,13,1,32,1,0,42,0,0,0,0,0,0,0,0,0,0,0,0,0,0,0,0,0,0,0,0,0,1
1,3,1,10,1,78,0,0,0,0,0,0,0,0,0,0,0,0,0,0,0,0,0,0,0,0,0,0,0,0,1
1,65,2,20,1,113,5,7,0,0,255,7,2,0,0,152,0,0,0,0,0,0,0,0,0,0,0,0,0,0,1
1,3,2,10,1,77,0,0,0,0,0,0,0,0,0,0,0,0,0,0,0,0,0,0,0,0,0,0,0,0,1
1,65,4,13,1,32,2,25,71,0,0,0,0,0,0,0,0,0,0,0,0,0,0,0,0,0,0,0,0,0,1
1,3,4,11,1,132,162,0,0,0,0,0,0,0,0,0,0,0,0,0,0,0,0,0,0,0,0,0,0,0,1
1,65,9,14,1,32,3,0,159,8,0,0,0,0,0,0,0,0,0,0,0,0,0,0,0,0,0,0,0,0,1
1,3,9,11,1,155,103,0,0,0,0,0,0,0,0,0,0,0,0,0,0,0,0,0,0,0,0,0,0,0,1
1,65,13,17,1,86,1,32,2,77,38,26,178,0,0,0,0,0,0,0,0,0,0,0,0,0,0,0,0,0,1
1,3,13,11,1,88,199,0,0,0,0,0,0,0,0,0,0,0,0,0,0,0,0,0,0,0,0,0,0,0,1
1,65,8,18,1,86,1,32,3,0,140,88,160,13,0,0,0,0,0,0,0,0,0,0,0,0,0,0,0,0,1
1,3,8,11,1,31,44,0,0,0,0,0,0,0,0,0,0,0,0,0,0,0,0,0,0,0,0,0,0,0,1
1,65,2,17,1,86,1,32,2,77,38,158,81,0,0,0,0,0,0,0,0,0,0,0,0,0,0,0,0,0,1
1,3,2,11,1,216,208,0,0,0,0,0,0,0,0,0,0,0,0,0,0,0,0,0,0,0,0,0,0,0,1
1,65,14,18,1,86,1,32,3,0,140,88,252,63,0,0,0,0,0,0,0,0,0,0,0,0,0,0,0,0,1
1,3,14,11,1,46,148,0,0,0,0,0,0,0,0,0,0,0,0,0,0,0,0,0,0,0,0,0,0,0,1
1,65,5,13,1,32,2,54,134,0,0,0,0,0,0,0,0,0,0,0,0,0,0,0,0,0,0,0,0,0,1
1,3,5,11,1,212,70,0,0,0,0,0,0,0,0,0,0,0,0,0,0,0,0,0,0,0,0,0,0,0,1
1,65,11,14,1,32,3,0,211,80,0,0,0,0,0,0,0,0,0,0,0,0,0,0,0,0,0,0,0,0,1
1,3,11,11,1,133,224,0,0,0,0,0,0,0,0,0,0,0,0,0,0,0,0,0,0,0,0,0,0,0,1
1,65,1,13,1,32,1,255,213,0,0,0,0,0,0,0,0,0,0,0,0,0,0,0,0,0,0,0,0,0,1
1,3,1,10,1,78,0,0,0,0,0,0,0,0,0,0,0,0,0,0,0,0,0,0,0,0,0,0,0,0,1
1,65,2,20,1,113,5,7,255,0,255,7,2,0,0,103,0,0,0,0,0,0,0,0,0,0,0,0,0,0,1
1,3,2,10,1,77,0,0,0,0,0,0,0,0,0,0,0,0,0,0,0,0,0,0,0,0,0,0,0,0,1
1,65,1,13,1,32,1,0,42,0,0,0,0,0,0,0,0,0,0,0,0,0,0,0,0,0,0,0,0,0,1
1,3,1,10,1,78,0,0,0,0,0,0,0,0,0,0,0,0,0,0,0,0,0,0,0,0,0,0,0,0,1
1,65,2,20,1,113,5,7,0,0,255,7,2,0,0,152,0,0,0,0,0,0,0,0,0,0,0,0,0,0,1
1,3,2,10,1,77,0,0,0,0,0,0,0,0,0,0,0,0,0,0,0,0,0,0,0,0,0,0,0,0,1
1,65,1,17,1,49,5,1,42,2,218,54,38,0,0,0,0,0,0,0,0,0,0,0,0,0,0,0,0,0,1
1,3,1,11,1,145,156,0,0,0,0,0,0,0,0,0,0,0,0,0,0,0,0,0,0,0,0,0,0,0,1
1,65,2,16,1,49,5,5,1,28,183,125,0,0,0,0,0,0,0,0,0,0,0,0,0,0,0,0,0,0,1
1,3,2,11,1,200,204,0,0,0,0,0,0,0,0,0,0,0,0,0,0,0,0,0,0,0,0,0,0,0,1
1,65,3,17,1,49,5,3,10,0,81,221,110,0,0,0,0,0,0,0,0,0,0,0,0,0,0,0,0,0,1
1,3,3,11,1,255,252,0,0,0,0,0,0,0,0,0,0,0,0,0,0,0,0,0,0,0,0,0,0,0,1
1,65,4,16,1,49,5,27,1,0,188,105,0,0,0,0,0,0,0,0,0,0,0,0,0,0,0,0,0,0,1
1,3,4,11,1,122,108,0,0,0,0,0,0,0,0,0,0,0,0,0,0,0,0,0,0,0,0,0,0,0,1
1,65,5,13,1,132,7,245,131,0,0,0,0,0,0,0,0,0,0,0,0,0,0,0,0,0,0,0,0,0,1
1,3,5,11,1,77,92,0,0,0,0,0,0,0,0,0,0,0,0,0,0,0,0,0,0,0,0,0,0,0,1
1,65,2,13,1,132,8,23,160,0,0,0,0,0,0,0,0,0,0,0,0,0,0,0,0,0,0,0,0,0,1
1,3,2,11,1,222,167,0,0,0,0,0,0,0,0,0,0,0,0,0,0,0,0,0,0,0,0,0,0,0,1
1,65,1,13,1,32,1,255,213,0,0,0,0,0,0,0,0,0,0,0,0,0,0,0,0,0,0,0,0,0,1
1,3,1,10,1,78,0,0,0,0,0,0,0,0,0,0,0,0,0,0,0,0,0,0,0,0,0,0,0,0,1
1,65,2,20,1,113,5,7,255,0,255,7,2,0,0,103,0,0,0,0,0,0,0,0,0,0,0,0,0,0,1
1,3,2,10,1,77,0,0,0,0,0,0,0,0,0,0,0,0,0,0,0,0,0,0,0,0,0,0,0,0,1
1,65,8,13,1,32,2,146,108,0,0,0,0,0,0,0,0,0,0,0,0,0,0,0,0,0,0,0,0,0,1
1,3,8,11,1,241,195,0,0,0,0,0,0,0,0,0,0,0,0,0,0,0,0,0,0,0,0,0,0,0,1
1,65,10,14,1,32,3,0,81,232,0,0,0,0,0,0,0,0,0,0,0,0,0,0,0,0,0,0,0,0,1
1,3,10,11,1,194,55,0,0,0,0,0,0,0,0,0,0,0,0,0,0,0,0,0,0,0,0,0,0,0,1
1,65,1,13,1,32,1,0,42,0,0,0,0,0,0,0,0,0,0,0,0,0,0,0,0,0,0,0,0,0,1
1,3,1,10,1,78,0,0,0,0,0,0,0,0,0,0,0,0,0,0,0,0,0,0,0,0,0,0,0,0,1
1,65,2,20,1,113,5,7,0,0,255,7,2,0,0,152,0,0,0,0,0,0,0,0,0,0,0,0,0,0,1
1,3,2,10,1,77,0,0,0,0,0,0,0,0,0,0,0,0,0,0,0,0,0,0,0,0,0,0,0,0,1
1,65,2,17,1,86,1,32,2,77,38,130,230,0,0,0,0,0,0,0,0,0,0,0,0,0,0,0,0,0,1
1,3,2,11,1,116,246,0,0,0,0,0,0,0,0,0,0,0,0,0,0,0,0,0,0,0,0,0,0,0,1
1,65,9,18,1,86,1,32,3,0,140,88,207,72,0,0,0,0,0,0,0,0,0,0,0,0,0,0,0,0,1
1,3,9,11,1,40,28,0,0,0,0,0,0,0,0,0,0,0,0,0,0,0,0,0,0,0,0,0,0,0,1
1,65,1,12,1,132,7,137,0,0,0,0,0,0,0,0,0,0,0,0,0,0,0,0,0,0,0,0,0,0,1
1,3,1,10,1,78,0,0,0,0,0,0,0,0,0,0,0,0,0,0,0,0,0,0,0,0,0,0,0,0,1
1,65,5,12,1,132,8,130,0,0,0,0,0,0,0,0,0,0,0,0,0,0,0,0,0,0,0,0,0,0,1
1,3,5,10,1,74,0,0,0,0,0,0,0,0,0,0,0,0,0,0,0,0,0,0,0,0,0,0,0,0,1
1,65,6,17,1,86,1,32,2,77,38,2,190,0,0,0,0,0,0,0,0,0,0,0,0,0,0,0,0,0,1
1,3,6,11,1,4,16,0,0,0,0,0,0,0,0,0,0,0,0,0,0,0,0,0,0,0,0,0,0,0,1
1,65,15,18,1,86,1,32,3,0,140,88,147,122,0,0,0,0,0,0,0,0,0,0,0,0,0,0,0,0,1
1,3,15,11,1,25,164,0,0,0,0,0,0,0,0,0,0,0,0,0,0,0,0,0,0,0,0,0,0,0,1
1,65,9,13,1,32,2,189,173,0,0,0,0,0,0,0,0,0,0,0,0,0,0,0,0,0,0,0,0,0,1
1,3,9,11,1,161,39,0,0,0,0,0,0,0,0,0,0,0,0,0,0,0,0,0,0,0,0,0,0,0,1
1,65,12,14,1,32,3,0,27,17,0,0,0,0,0,0,0,0,0,0,0,0,0,0,0,0,0,0,0,0,1
1,3,12,11,1,0,112,0,0,0,0,0,0,0,0,0,0,0,0,0,0,0,0,0,0,0,0,0,0,0,1
1,65,14,13,1,32,2,95,233,0,0,0,0,0,0,0,0,0,0,0,0,0,0,0,0,0,0,0,0,0,1
1,3,14,11,1,67,99,0,0,0,0,0,0,0,0,0,0,0,0,0,0,0,0,0,0,0,0,0,0,0,1
1,65,11,14,1,32,3,0,20,72,0,0,0,0,0,0,0,0,0,0,0,0,0,0,0,0,0,0,0,0,1
1,3,11,11,1,245,7,0,0,0,0,0,0,0,0,0,0,0,0,0,0,0,0,0,0,0,0,0,0,0,1
1,65,1,13,1,32,1,255,213,0,0,0,0,0,0,0,0,0,0,0,0,0,0,0,0,0,0,0,0,0,1
1,3,1,10,1,78,0,0,0,0,0,0,0,0,0,0,0,0,0,0,0,0,0,0,0,0,0,0,0,0,1
1,65,2,20,1,113,5,7,255,0,255,7,2,0,0,103,0,0,0,0,0,0,0,0,0,0,0,0,0,0,1
1,3,2,10,1,77,0,0,0,0,0,0,0,0,0,0,0,0,0,0,0,0,0,0,0,0,0,0,0,0,1
1,65,8,17,1,86,1,32,2,77,38,109,126,0,0,0,0,0,0,0,0,0,0,0,0,0,0,0,0,0,1
1,3,8,11,1,179,55,0,0,0,0,0,0,0,0,0,0,0,0,0,0,0,0,0,0,0,0,0,0,0,1
1,65,10,18,1,86,1,32,3,0,140,88,126,135,0,0,0,0,0,0,0,0,0,0,0,0,0,0,0,0,1
1,3,10,11,1,113,76,0,0,0,0,0,0,0,0,0,0,0,0,0,0,0,0,0,0,0,0,0,0,0,1
1,65,12,17,1,86,1,32,2,77,38,237,38,0,0,0,0,0,0,0,0,0,0,0,0,0,0,0,0,0,1
1,3,12,11,1,195,209,0,0,0,0,0,0,0,0,0,0,0,0,0,0,0,0,0,0,0,0,0,0,0,1
1,65,1,18,1,86,1,32,3,0,140,88,170,142,0,0,0,0,0,0,0,0,0,0,0,0,0,0,0,0,1
1,3,1,11,1,2,165,0,0,0,0,0,0,0,0,0,0,0,0,0,0,0,0,0,0,0,0,0,0,0,1
1,65,15,13,1,32,2,112,40,0,0,0,0,0,0,0,0,0,0,0,0,0,0,0,0,0,0,0,0,0,1
1,3,15,11,1,19,135,0,0,0,0,0,0,0,0,0,0,0,0,0,0,0,0,0,0,0,0,0,0,0,1
1,65,13,14,1,32,3,0,94,177,0,0,0,0,0,0,0,0,0,0,0,0,0,0,0,0,0,0,0,0,1
1,3,13,11,1,55,64,0,0,0,0,0,0,0,0,0,0,0,0,0,0,0,0,0,0,0,0,0,0,0,1
1,65,1,13,1,32,1,0,42,0,0,0,0,0,0,0,0,0,0,0,0,0,0,0,0,0,0,0,0,0,1
1,3,1,10,1,78,0,0,0,0,0,0,0,0,0,0,0,0,0,0,0,0,0,0,0,0,0,0,0,0,1
1,65,2,20,1,113,5,7,0,0,255,7,2,0,0,152,0,0,0,0,0,0,0,0,0,0,0,0,0,0,1
1,3,2,10,1,77,0,0,0,0,0,0,0,0,0,0,0,0,0,0,0,0,0,0,0,0,0,0,0,0,1
1,65,1,15,1,49,5,1,9,75,126,0,0,0,0,0,0,0,0,0,0,0,0,0,0,0,0,0,0,0,1
1,3,1,10,1,78,0,0,0,0,0,0,0,0,0,0,0,0,0,0,0,0,0,0,0,0,0,0,0,0,1
1,65,1,13,1,32,1,255,213,0,0,0,0,0,0,0,0,0,0,0,0,0,0,0,0,0,0,0,0,0,1
1,3,1,10,1,78,0,0,0,0,0,0,0,0,0,0,0,0,0,0,0,0,0,0,0,0,0,0,0,0,1
1,65,2,20,1,113,5,7,255,0,255,7,2,0,0,103,0,0,0,0,0,0,0,0,0,0,0,0,0,0,1
1,3,2,10,1,77,0,0,0,0,0,0,0,0,0,0,0,0,0,0,0,0,0,0,0,0,0,0,0,0,1
1,65,1,15,1,49,5,1,9,73,124,0,0,0,0,0,0,0,0,0,0,0,0,0,0,0,0,0,0,0,1
1,3,1,10,1,78,0,0,0,0,0,0,0,0,0,0,0,0,0,0,0,0,0,0,0,0,0,0,0,0,1
1,65,1,13,1,32,1,0,42,0,0,0,0,0,0,0,0,0,0,0,0,0,0,0,0,0,0,0,0,0,1
1,3,1,10,1,78,0,0,0,0,0,0,0,0,0,0,0,0,0,0,0,0,0,0,0,0,0,0,0,0,1
1,65,2,20,1,113,5,7,0,0,255,7,2,0,0,152,0,0,0,0,0,0,0,0,0,0,0,0,0,0,1
1,3,2,10,1,77,0,0,0,0,0,0,0,0,0,0,0,0,0,0,0,0,0,0,0,0,0,0,0,0,1
1,65,1,15,1,49,5,1,9,75,126,0,0,0,0,0,0,0,0,0,0,0,0,0,0,0,0,0,0,0,1
1,3,1,10,1,78,0,0,0,0,0,0,0,0,0,0,0,0,0,0,0,0,0,0,0,0,0,0,0,0,1
1,65,2,13,1,32,2,212,194,0,0,0,0,0,0,0,0,0,0,0,0,0,0,0,0,0,0,0,0,0,1
1,3,2,11,1,54,2,0,0,0,0,0,0,0,0,0,0,0,0,0,0,0,0,0,0,0,0,0,0,0,1
1,65,12,14,1,32,3,0,220,9,0,0,0,0,0,0,0,0,0,0,0,0,0,0,0,0,0,0,0,0,1
1,3,12,11,1,112,151,0,0,0,0,0,0,0,0,0,0,0,0,0,0,0,0,0,0,0,0,0,0,0,1
1,65,13,33,1,86,1,96,13,1,0,50,2,33,68,0,0,0,0,0,0,0,0,0,0,7,90,185,161,0,1
1,3,13,11,1,71,167,0,0,0,0,0,0,0,0,0,0,0,0,0,0,0,0,0,0,0,0,0,0,0,1
1,65,14,33,1,86,1,96,13,2,0,50,2,33,68,0,0,0,34,0,0,0,0,0,0,225,2,119,125,0,1
1,3,14,11,1,30,247,0,0,0,0,0,0,0,0,0,0,0,0,0,0,0,0,0,0,0,0,0,0,0,1
1,65,15,29,1,86,1,96,13,1,0,50,2,33,50,0,0,0,0,0,0,202,252,117,144,0,0,0,0,0,1
1,3,15,11,1,41,199,0,0,0,0,0,0,0,0,0,0,0,0,0,0,0,0,0,0,0,0,0,0,0,1
1,65,1,29,1,86,1,96,13,2,0,50,2,33,50,0,0,0,0,0,0,207,99,102,144,0,0,0,0,0,1
1,3,1,11,1,50,198,0,0,0,0,0,0,0,0,0,0,0,0,0,0,0,0,0,0,0,0,0,0,0,1
1,65,11,17,1,86,1,32,2,77,38,64,58,0,0,0,0,0,0,0,0,0,0,0,0,0,0,0,0,0,1
1,3,11,11,1,234,103,0,0,0,0,0,0,0,0,0,0,0,0,0,0,0,0,0,0,0,0,0,0,0,1
1,65,11,18,1,86,1,32,3,0,140,88,17,194,0,0,0,0,0,0,0,0,0,0,0,0,0,0,0,0,1
1,3,11,11,1,70,124,0,0,0,0,0,0,0,0,0,0,0,0,0,0,0,0,0,0,0,0,0,0,0,1
1,3,7,10,1,64,0,0,0,0,0,0,0,0,0,0,0,0,0,0,0,0,0,0,0,0,0,0,0,0,1
1,3,1,10,1,70,0,0,0,0,0,0,0,0,0,0,0,0,0,0,0,0,0,0,0,0,0,0,0,0,1
1,65,8,12,1,128,2,134,0,0,0,0,0,0,0,0,0,0,0,0,0,0,0,0,0,0,0,0,0,0,1
1,65,8,12,1,128,2,134,0,0,0,0,0,0,0,0,0,0,0,0,0,0,0,0,0,0,0,0,0,0,1
1,65,8,12,1,128,2,134,0,0,0,0,0,0,0,0,0,0,0,0,0,0,0,0,0,0,0,0,0,0,1
1,65,9,12,1,128,2,135,0,0,0,0,0,0,0,0,0,0,0,0,0,0,0,0,0,0,0,0,0,0,1
1,3,9,10,1,65,0,0,0,0,0,0,0,0,0,0,0,0,0,0,0,0,0,0,0,0,0,0,0,0,1
1,65,65,13,1,128,3,98,173,0,0,0,0,0,0,0,0,0,0,0,0,0,0,0,0,0,0,0,0,0,1
1,3,1,10,1,73,0,0,0,0,0,0,0,0,0,0,0,0,0,0,0,0,0,0,0,0,0,0,0,0,1
1,65,1,12,1,132,7,141,0,0,0,0,0,0,0,0,0,0,0,0,0,0,0,0,0,0,0,0,0,0,1
1,3,1,10,1,74,0,0,0,0,0,0,0,0,0,0,0,0,0,0,0,0,0,0,0,0,0,0,0,0,1
1,65,10,12,1,132,8,137,0,0,0,0,0,0,0,0,0,0,0,0,0,0,0,0,0,0,0,0,0,0,1
1,3,10,10,1,65,0,0,0,0,0,0,0,0,0,0,0,0,0,0,0,0,0,0,0,0,0,0,0,0,1
1,65,1,12,1,132,7,138,0,0,0,0,0,0,0,0,0,0,0,0,0,0,0,0,0,0,0,0,0,0,1
1,3,1,10,1,77,0,0,0,0,0,0,0,0,0,0,0,0,0,0,0,0,0,0,0,0,0,0,0,0,1
1,65,11,12,1,132,8,143,0,0,0,0,0,0,0,0,0,0,0,0,0,0,0,0,0,0,0,0,0,0,1
1,3,11,10,1,71,0,0,0,0,0,0,0,0,0,0,0,0,0,0,0,0,0,0,0,0,0,0,0,0,1
1,65,15,17,1,86,1,32,2,77,38,192,98,0,0,0,0,0,0,0,0,0,0,0,0,0,0,0,0,0,1
1,3,15,11,1,154,129,0,0,0,0,0,0,0,0,0,0,0,0,0,0,0,0,0,0,0,0,0,0,0,1
1,65,2,18,1,86,1,32,3,0,140,88,27,65,0,0,0,0,0,0,0,0,0,0,0,0,0,0,0,0,1
1,3,2,11,1,91,245,0,0,0,0,0,0,0,0,0,0,0,0,0,0,0,0,0,0,0,0,0,0,0,1
1,65,2,17,1,86,1,32,2,77,38,158,81,0,0,0,0,0,0,0,0,0,0,0,0,0,0,0,0,0,1
1,3,2,11,1,216,208,0,0,0,0,0,0,0,0,0,0,0,0,0,0,0,0,0,0,0,0,0,0,0,1
1,65,3,18,1,86,1,32,3,0,140,88,116,4,0,0,0,0,0,0,0,0,0,0,0,0,0,0,0,0,1
1,3,3,11,1,108,197,0,0,0,0,0,0,0,0,0,0,0,0,0,0,0,0,0,0,0,0,0,0,0,1
1,65,4,13,1,38,2,54,113,0,0,0,0,0,0,0,0,0,0,0,0,0,0,0,0,0,0,0,0,0,1
1,3,4,11,1,227,118,0,0,0,0,0,0,0,0,0,0,0,0,0,0,0,0,0,0,0,0,0,0,0,1
1,65,14,14,1,38,3,0,34,241,0,0,0,0,0,0,0,0,0,0,0,0,0,0,0,0,0,0,0,0,1
1,3,14,11,1,110,16,0,0,0,0,0,0,0,0,0,0,0,0,0,0,0,0,0,0,0,0,0,0,0,1
1,65,7,13,1,32,2,247,149,0,0,0,0,0,0,0,0,0,0,0,0,0,0,0,0,0,0,0,0,0,1
1,3,7,11,1,221,242,0,0,0,0,0,0,0,0,0,0,0,0,0,0,0,0,0,0,0,0,0,0,0,1
1,65,2,14,1,32,3,0,92,170,0,0,0,0,0,0,0,0,0,0,0,0,0,0,0,0,0,0,0,0,1
1,3,2,11,1,107,150,0,0,0,0,0,0,0,0,0,0,0,0,0,0,0,0,0,0,0,0,0,0,0,1
1,65,1,13,1,32,1,255,213,0,0,0,0,0,0,0,0,0,0,0,0,0,0,0,0,0,0,0,0,0,1
1,3,1,10,1,78,0,0,0,0,0,0,0,0,0,0,0,0,0,0,0,0,0,0,0,0,0,0,0,0,1
1,65,2,20,1,113,5,7,255,0,255,7,2,0,0,103,0,0,0,0,0,0,0,0,0,0,0,0,0,0,1
1,3,2,10,1,77,0,0,0,0,0,0,0,0,0,0,0,0,0,0,0,0,0,0,0,0,0,0,0,0,1
1,65,2,17,1,86,1,32,2,77,38,130,230,0,0,0,0,0,0,0,0,0,0,0,0,0,0,0,0,0,1
1,3,2,11,1,116,246,0,0,0,0,0,0,0,0,0,0,0,0,0,0,0,0,0,0,0,0,0,0,0,1
1,65,12,18,1,86,1,32,3,0,140,88,13,56,0,0,0,0,0,0,0,0,0,0,0,0,0,0,0,0,1
1,3,12,11,1,195,236,0,0,0,0,0,0,0,0,0,0,0,0,0,0,0,0,0,0,0,0,0,0,0,1
1,65,6,17,1,86,1,32,2,77,38,2,190,0,0,0,0,0,0,0,0,0,0,0,0,0,0,0,0,0,1
1,3,6,11,1,4,16,0,0,0,0,0,0,0,0,0,0,0,0,0,0,0,0,0,0,0,0,0,0,0,1
1,65,4,18,1,86,1,32,3,0,140,88,104,254,0,0,0,0,0,0,0,0,0,0,0,0,0,0,0,0,1
1,3,4,11,1,233,85,0,0,0,0,0,0,0,0,0,0,0,0,0,0,0,0,0,0,0,0,0,0,0,1
1,65,8,13,1,32,2,23,252,0,0,0,0,0,0,0,0,0,0,0,0,0,0,0,0,0,0,0,0,0,1
1,3,8,11,1,150,23,0,0,0,0,0,0,0,0,0,0,0,0,0,0,0,0,0,0,0,0,0,0,0,1
1,65,15,14,1,32,3,0,213,241,0,0,0,0,0,0,0,0,0,0,0,0,0,0,0,0,0,0,0,0,1
1,3,15,11,1,89,32,0,0,0,0,0,0,0,0,0,0,0,0,0,0,0,0,0,0,0,0,0,0,0,1
1,65,1,13,1,32,1,0,42,0,0,0,0,0,0,0,0,0,0,0,0,0,0,0,0,0,0,0,0,0,1
1,3,1,10,1,78,0,0,0,0,0,0,0,0,0,0,0,0,0,0,0,0,0,0,0,0,0,0,0,0,1
1,65,2,20,1,113,5,7,0,0,255,7,2,0,0,152,0,0,0,0,0,0,0,0,0,0,0,0,0,0,1
1,3,2,10,1,77,0,0,0,0,0,0,0,0,0,0,0,0,0,0,0,0,0,0,0,0,0,0,0,0,1
1,65,1,17,1,49,5,1,42,2,228,225,187,0,0,0,0,0,0,0,0,0,0,0,0,0,0,0,0,0,1
1,3,1,11,1,145,156,0,0,0,0,0,0,0,0,0,0,0,0,0,0,0,0,0,0,0,0,0,0,0,1
1,65,2,16,1,49,5,5,1,28,183,125,0,0,0,0,0,0,0,0,0,0,0,0,0,0,0,0,0,0,1
1,3,2,11,1,200,204,0,0,0,0,0,0,0,0,0,0,0,0,0,0,0,0,0,0,0,0,0,0,0,1
1,65,3,17,1,49,5,3,10,0,82,237,13,0,0,0,0,0,0,0,0,0,0,0,0,0,0,0,0,0,1
1,3,3,11,1,255,252,0,0,0,0,0,0,0,0,0,0,0,0,0,0,0,0,0,0,0,0,0,0,0,1
1,65,4,16,1,49,5,27,1,0,188,105,0,0,0,0,0,0,0,0,0,0,0,0,0,0,0,0,0,0,1
1,3,4,11,1,122,108,0,0,0,0,0,0,0,0,0,0,0,0,0,0,0,0,0,0,0,0,0,0,0,1
1,65,5,13,1,132,7,245,131,0,0,0,0,0,0,0,0,0,0,0,0,0,0,0,0,0,0,0,0,0,1
1,3,5,11,1,77,92,0,0,0,0,0,0,0,0,0,0,0,0,0,0,0,0,0,0,0,0,0,0,0,1
1,65,6,13,1,132,8,158,166,0,0,0,0,0,0,0,0,0,0,0,0,0,0,0,0,0,0,0,0,0,1
1,3,6,11,1,2,103,0,0,0,0,0,0,0,0,0,0,0,0,0,0,0,0,0,0,0,0,0,0,0,1
1,65,11,13,1,32,2,124,190,0,0,0,0,0,0,0,0,0,0,0,0,0,0,0,0,0,0,0,0,0,1
1,3,11,11,1,168,147,0,0,0,0,0,0,0,0,0,0,0,0,0,0,0,0,0,0,0,0,0,0,0,1
1,65,3,14,1,32,3,0,25,10,0,0,0,0,0,0,0,0,0,0,0,0,0,0,0,0,0,0,0,0,1
1,3,3,11,1,92,166,0,0,0,0,0,0,0,0,0,0,0,0,0,0,0,0,0,0,0,0,0,0,0,1
1,65,6,17,1,86,1,32,2,77,38,30,9,0,0,0,0,0,0,0,0,0,0,0,0,0,0,0,0,0,1
1,3,6,11,1,168,54,0,0,0,0,0,0,0,0,0,0,0,0,0,0,0,0,0,0,0,0,0,0,0,1
1,65,13,18,1,86,1,32,3,0,140,88,98,125,0,0,0,0,0,0,0,0,0,0,0,0,0,0,0,0,1
1,3,13,11,1,244,220,0,0,0,0,0,0,0,0,0,0,0,0,0,0,0,0,0,0,0,0,0,0,0,1
1,65,10,17,1,86,1,32,2,77,38,183,174,0,0,0,0,0,0,0,0,0,0,0,0,0,0,0,0,0,1
1,3,10,11,1,113,113,0,0,0,0,0,0,0,0,0,0,0,0,0,0,0,0,0,0,0,0,0,0,0,1
1,65,5,18,1,86,1,32,3,0,140,88,7,187,0,0,0,0,0,0,0,0,0,0,0,0,0,0,0,0,1
1,3,5,11,1,222,101,0,0,0,0,0,0,0,0,0,0,0,0,0,0,0,0,0,0,0,0,0,0,0,1
1,65,12,13,1,32,2,158,250,0,0,0,0,0,0,0,0,0,0,0,0,0,0,0,0,0,0,0,0,0,1
1,3,12,11,1,74,215,0,0,0,0,0,0,0,0,0,0,0,0,0,0,0,0,0,0,0,0,0,0,0,1
1,65,1,14,1,32,3,0,85,82,0,0,0,0,0,0,0,0,0,0,0,0,0,0,0,0,0,0,0,0,1
1,3,1,11,1,66,33,0,0,0,0,0,0,0,0,0,0,0,0,0,0,0,0,0,0,0,0,0,0,0,1
1,65,1,12,1,132,7,137,0,0,0,0,0,0,0,0,0,0,0,0,0,0,0,0,0,0,0,0,0,0,1
1,3,1,10,1,78,0,0,0,0,0,0,0,0,0,0,0,0,0,0,0,0,0,0,0,0,0,0,0,0,1
1,65,12,12,1,132,8,139,0,0,0,0,0,0,0,0,0,0,0,0,0,0,0,0,0,0,0,0,0,0,1
1,3,12,10,1,67,0,0,0,0,0,0,0,0,0,0,0,0,0,0,0,0,0,0,0,0,0,0,0,0,1
1,65,14,13,1,32,2,95,233,0,0,0,0,0,0,0,0,0,0,0,0,0,0,0,0,0,0,0,0,0,1
1,3,14,11,1,67,99,0,0,0,0,0,0,0,0,0,0,0,0,0,0,0,0,0,0,0,0,0,0,0,1
1,65,4,14,1,32,3,0,209,75,0,0,0,0,0,0,0,0,0,0,0,0,0,0,0,0,0,0,0,0,1
1,3,4,11,1,217,54,0,0,0,0,0,0,0,0,0,0,0,0,0,0,0,0,0,0,0,0,0,0,0,1
1,65,12,17,1,86,1,32,2,77,38,241,145,0,0,0,0,0,0,0,0,0,0,0,0,0,0,0,0,0,1
1,3,12,11,1,111,247,0,0,0,0,0,0,0,0,0,0,0,0,0,0,0,0,0,0,0,0,0,0,0,1
1,65,14,18,1,86,1,32,3,0,140,88,211,178,0,0,0,0,0,0,0,0,0,0,0,0,0,0,0,0,1
1,3,14,11,1,173,140,0,0,0,0,0,0,0,0,0,0,0,0,0,0,0,0,0,0,0,0,0,0,0,1
1,65,1,17,1,86,1,32,2,77,38,179,21,0,0,0,0,0,0,0,0,0,0,0,0,0,0,0,0,0,1
1,3,1,11,1,129,128,0,0,0,0,0,0,0,0,0,0,0,0,0,0,0,0,0,0,0,0,0,0,0,1
1,65,6,18,1,86,1,32,3,0,140,88,182,116,0,0,0,0,0,0,0,0,0,0,0,0,0,0,0,0,1
1,3,6,11,1,135,53,0,0,0,0,0,0,0,0,0,0,0,0,0,0,0,0,0,0,0,0,0,0,0,1
1,65,3,13,1,32,2,251,3,0,0,0,0,0,0,0,0,0,0,0,0,0,0,0,0,0,0,0,0,0,1
1,3,3,11,1,102,230,0,0,0,0,0,0,0,0,0,0,0,0,0,0,0,0,0,0,0,0,0,0,0,1
1,65,2,14,1,32,3,0,155,178,0,0,0,0,0,0,0,0,0,0,0,0,0,0,0,0,0,0,0,0,1
1,3,2,11,1,27,113,0,0,0,0,0,0,0,0,0,0,0,0,0,0,0,0,0,0,0,0,0,0,0,1
1,65,1,13,1,32,1,255,213,0,0,0,0,0,0,0,0,0,0,0,0,0,0,0,0,0,0,0,0,0,1
1,3,1,10,1,78,0,0,0,0,0,0,0,0,0,0,0,0,0,0,0,0,0,0,0,0,0,0,0,0,1
1,65,2,20,1,113,5,7,255,0,255,7,2,0,0,103,0,0,0,0,0,0,0,0,0,0,0,0,0,0,1
1,3,2,10,1,77,0,0,0,0,0,0,0,0,0,0,0,0,0,0,0,0,0,0,0,0,0,0,0,0,1
1,65,5,13,1,32,2,179,22,0,0,0,0,0,0,0,0,0,0,0,0,0,0,0,0,0,0,0,0,0,1
1,3,5,11,1,179,146,0,0,0,0,0,0,0,0,0,0,0,0,0,0,0,0,0,0,0,0,0,0,0,1
1,65,5,14,1,32,3,0,148,235,0,0,0,0,0,0,0,0,0,0,0,0,0,0,0,0,0,0,0,0,1
1,3,5,11,1,238,6,0,0,0,0,0,0,0,0,0,0,0,0,0,0,0,0,0,0,0,0,0,0,0,1
1,65,1,13,1,32,1,0,42,0,0,0,0,0,0,0,0,0,0,0,0,0,0,0,0,0,0,0,0,0,1
1,3,1,10,1,78,0,0,0,0,0,0,0,0,0,0,0,0,0,0,0,0,0,0,0,0,0,0,0,0,1
1,65,2,20,1,113,5,7,0,0,255,7,2,0,0,152,0,0,0,0,0,0,0,0,0,0,0,0,0,0,1
1,3,2,10,1,77,0,0,0,0,0,0,0,0,0,0,0,0,0,0,0,0,0,0,0,0,0,0,0,0,1
1,65,6,33,1,86,1,96,13,1,0,50,2,33,68,0,0,0,0,0,0,0,0,0,0,7,90,122,159,0,1
1,3,6,11,1,183,86,0,0,0,0,0,0,0,0,0,0,0,0,0,0,0,0,0,0,0,0,0,0,0,1
1,65,7,33,1,86,1,96,13,2,0,50,2,33,68,0,0,0,35,0,0,0,0,0,0,89,99,63,43,0,1
1,3,7,11,1,128,102,0,0,0,0,0,0,0,0,0,0,0,0,0,0,0,0,0,0,0,0,0,0,0,1
1,65,8,29,1,86,1,96,13,1,0,50,2,33,50,0,0,0,0,0,0,202,252,124,16,0,0,0,0,0,1
1,3,8,11,1,172,87,0,0,0,0,0,0,0,0,0,0,0,0,0,0,0,0,0,0,0,0,0,0,0,1
1,65,9,29,1,86,1,96,13,2,0,50,2,33,50,0,0,0,0,0,0,207,99,169,230,0,0,0,0,0,1
1,3,9,11,1,155,103,0,0,0,0,0,0,0,0,0,0,0,0,0,0,0,0,0,0,0,0,0,0,0,1
1,65,15,17,1,86,1,32,2,77,38,220,213,0,0,0,0,0,0,0,0,0,0,0,0,0,0,0,0,0,1
1,3,15,11,1,54,167,0,0,0,0,0,0,0,0,0,0,0,0,0,0,0,0,0,0,0,0,0,0,0,1
1,65,15,18,1,86,1,32,3,0,140,88,188,247,0,0,0,0,0,0,0,0,0,0,0,0,0,0,0,0,1
1,3,15,11,1,154,188,0,0,0,0,0,0,0,0,0,0,0,0,0,0,0,0,0,0,0,0,0,0,0,1
1,3,14,10,1,73,0,0,0,0,0,0,0,0,0,0,0,0,0,0,0,0,0,0,0,0,0,0,0,0,1
1,3,1,10,1,70,0,0,0,0,0,0,0,0,0,0,0,0,0,0,0,0,0,0,0,0,0,0,0,0,1
1,65,5,17,1,86,1,32,2,77,38,47,250,0,0,0,0,0,0,0,0,0,0,0,0,0,0,0,0,0,1
1,3,5,11,1,93,64,0,0,0,0,0,0,0,0,0,0,0,0,0,0,0,0,0,0,0,0,0,0,0,1
1,65,7,18,1,86,1,32,3,0,140,88,217,49,0,0,0,0,0,0,0,0,0,0,0,0,0,0,0,0,1
1,3,7,11,1,176,5,0,0,0,0,0,0,0,0,0,0,0,0,0,0,0,0,0,0,0,0,0,0,0,1
1,65,6,13,1,32,2,216,84,0,0,0,0,0,0,0,0,0,0,0,0,0,0,0,0,0,0,0,0,0,1
1,3,6,11,1,141,22,0,0,0,0,0,0,0,0,0,0,0,0,0,0,0,0,0,0,0,0,0,0,0,1
1,65,3,14,1,32,3,0,222,18,0,0,0,0,0,0,0,0,0,0,0,0,0,0,0,0,0,0,0,0,1
1,3,3,11,1,44,65,0,0,0,0,0,0,0,0,0,0,0,0,0,0,0,0,0,0,0,0,0,0,0,1
1,65,1,13,1,32,1,255,213,0,0,0,0,0,0,0,0,0,0,0,0,0,0,0,0,0,0,0,0,0,1
1,3,1,10,1,78,0,0,0,0,0,0,0,0,0,0,0,0,0,0,0,0,0,0,0,0,0,0,0,0,1
1,65,2,20,1,113,5,7,255,0,255,7,2,0,0,103,0,0,0,0,0,0,0,0,0,0,0,0,0,0,1
1,3,2,10,1,77,0,0,0,0,0,0,0,0,0,0,0,0,0,0,0,0,0,0,0,0,0,0,0,0,1
1,65,1,15,1,49,5,1,9,73,124,0,0,0,0,0,0,0,0,0,0,0,0,0,0,0,0,0,0,0,1
1,3,1,10,1,78,0,0,0,0,0,0,0,0,0,0,0,0,0,0,0,0,0,0,0,0,0,0,0,0,1
1,65,1,13,1,32,1,0,42,0,0,0,0,0,0,0,0,0,0,0,0,0,0,0,0,0,0,0,0,0,1
1,3,1,10,1,78,0,0,0,0,0,0,0,0,0,0,0,0,0,0,0,0,0,0,0,0,0,0,0,0,1
1,65,2,20,1,113,5,7,0,0,255,7,2,0,0,152,0,0,0,0,0,0,0,0,0,0,0,0,0,0,1
1,3,2,10,1,77,0,0,0,0,0,0,0,0,0,0,0,0,0,0,0,0,0,0,0,0,0,0,0,0,1
1,65,1,12,1,132,7,141,0,0,0,0,0,0,0,0,0,0,0,0,0,0,0,0,0,0,0,0,0,0,1
1,3,1,10,1,74,0,0,0,0,0,0,0,0,0,0,0,0,0,0,0,0,0,0,0,0,0,0,0,0,1
1,65,15,12,1,132,8,140,0,0,0,0,0,0,0,0,0,0,0,0,0,0,0,0,0,0,0,0,0,0,1
1,3,15,10,1,68,0,0,0,0,0,0,0,0,0,0,0,0,0,0,0,0,0,0,0,0,0,0,0,0,1
1,65,1,12,1,132,7,138,0,0,0,0,0,0,0,0,0,0,0,0,0,0,0,0,0,0,0,0,0,0,1
1,3,1,10,1,77,0,0,0,0,0,0,0,0,0,0,0,0,0,0,0,0,0,0,0,0,0,0,0,0,1
1,65,1,12,1,132,8,133,0,0,0,0,0,0,0,0,0,0,0,0,0,0,0,0,0,0,0,0,0,0,1
1,3,1,10,1,77,0,0,0,0,0,0,0,0,0,0,0,0,0,0,0,0,0,0,0,0,0,0,0,0,1
1,65,8,13,1,32,2,146,108,0,0,0,0,0,0,0,0,0,0,0,0,0,0,0,0,0,0,0,0,0,1
1,3,8,11,1,241,195,0,0,0,0,0,0,0,0,0,0,0,0,0,0,0,0,0,0,0,0,0,0,0,1
1,65,10,14,1,32,3,0,81,232,0,0,0,0,0,0,0,0,0,0,0,0,0,0,0,0,0,0,0,0,1
1,3,10,11,1,194,55,0,0,0,0,0,0,0,0,0,0,0,0,0,0,0,0,0,0,0,0,0,0,0,1
1,65,1,13,1,32,1,255,213,0,0,0,0,0,0,0,0,0,0,0,0,0,0,0,0,0,0,0,0,0,1
1,3,1,10,1,78,0,0,0,0,0,0,0,0,0,0,0,0,0,0,0,0,0,0,0,0,0,0,0,0,1
1,65,2,20,1,113,5,7,255,0,255,7,2,0,0,103,0,0,0,0,0,0,0,0,0,0,0,0,0,0,1
1,3,2,10,1,77,0,0,0,0,0,0,0,0,0,0,0,0,0,0,0,0,0,0,0,0,0,0,0,0,1
1,65,3,17,1,86,1,32,2,77,38,105,197,0,0,0,0,0,0,0,0,0,0,0,0,0,0,0,0,0,1
1,3,3,11,1,67,198,0,0,0,0,0,0,0,0,0,0,0,0,0,0,0,0,0,0,0,0,0,0,0,1
1,65,1,18,1,86,1,32,3,0,140,88,133,3,0,0,0,0,0,0,0,0,0,0,0,0,0,0,0,0,1
1,3,1,11,1,129,189,0,0,0,0,0,0,0,0,0,0,0,0,0,0,0,0,0,0,0,0,0,0,0,1
1,65,8,17,1,86,1,32,2,77,38,113,201,0,0,0,0,0,0,0,0,0,0,0,0,0,0,0,0,0,1
1,3,8,11,1,31,17,0,0,0,0,0,0,0,0,0,0,0,0,0,0,0,0,0,0,0,0,0,0,0,1
1,65,8,18,1,86,1,32,3,0,140,88,143,128,0,0,0,0,0,0,0,0,0,0,0,0,0,0,0,0,1
1,3,8,11,1,156,52,0,0,0,0,0,0,0,0,0,0,0,0,0,0,0,0,0,0,0,0,0,0,0,1
1,65,9,13,1,32,2,189,173,0,0,0,0,0,0,0,0,0,0,0,0,0,0,0,0,0,0,0,0,0,1
1,3,9,11,1,161,39,0,0,0,0,0,0,0,0,0,0,0,0,0,0,0,0,0,0,0,0,0,0,0,1
1,65,4,14,1,32,3,0,22,83,0,0,0,0,0,0,0,0,0,0,0,0,0,0,0,0,0,0,0,0,1
1,3,4,11,1,169,209,0,0,0,0,0,0,0,0,0,0,0,0,0,0,0,0,0,0,0,0,0,0,0,1
1,65,1,13,1,32,1,0,42,0,0,0,0,0,0,0,0,0,0,0,0,0,0,0,0,0,0,0,0,0,1
1,3,1,10,1,78,0,0,0,0,0,0,0,0,0,0,0,0,0,0,0,0,0,0,0,0,0,0,0,0,1
1,65,2,20,1,113,5,7,0,0,255,7,2,0,0,152,0,0,0,0,0,0,0,0,0,0,0,0,0,0,1
1,3,2,10,1,77,0,0,0,0,0,0,0,0,0,0,0,0,0,0,0,0,0,0,0,0,0,0,0,0,1
1,65,1,17,1,49,5,1,42,2,225,177,30,0,0,0,0,0,0,0,0,0,0,0,0,0,0,0,0,0,1
1,3,1,11,1,145,156,0,0,0,0,0,0,0,0,0,0,0,0,0,0,0,0,0,0,0,0,0,0,0,1
1,65,2,16,1,49,5,5,1,29,167,92,0,0,0,0,0,0,0,0,0,0,0,0,0,0,0,0,0,0,1
1,3,2,11,1,200,204,0,0,0,0,0,0,0,0,0,0,0,0,0,0,0,0,0,0,0,0,0,0,0,1
1,65,3,17,1,49,5,3,10,0,54,193,47,0,0,0,0,0,0,0,0,0,0,0,0,0,0,0,0,0,1
1,3,3,11,1,255,252,0,0,0,0,0,0,0,0,0,0,0,0,0,0,0,0,0,0,0,0,0,0,0,1
1,65,4,16,1,49,5,27,1,0,188,105,0,0,0,0,0,0,0,0,0,0,0,0,0,0,0,0,0,0,1
1,3,4,11,1,122,108,0,0,0,0,0,0,0,0,0,0,0,0,0,0,0,0,0,0,0,0,0,0,0,1
1,65,5,13,1,132,7,245,131,0,0,0,0,0,0,0,0,0,0,0,0,0,0,0,0,0,0,0,0,0,1
1,3,5,11,1,77,92,0,0,0,0,0,0,0,0,0,0,0,0,0,0,0,0,0,0,0,0,0,0,0,1
1,65,5,13,1,132,8,112,116,0,0,0,0,0,0,0,0,0,0,0,0,0,0,0,0,0,0,0,0,0,1
1,3,5,11,1,91,55,0,0,0,0,0,0,0,0,0,0,0,0,0,0,0,0,0,0,0,0,0,0,0,1
1,65,12,13,1,32,2,27,106,0,0,0,0,0,0,0,0,0,0,0,0,0,0,0,0,0,0,0,0,0,1
1,3,12,11,1,45,3,0,0,0,0,0,0,0,0,0,0,0,0,0,0,0,0,0,0,0,0,0,0,0,1
1,65,11,14,1,32,3,0,20,72,0,0,0,0,0,0,0,0,0,0,0,0,0,0,0,0,0,0,0,0,1
1,3,11,11,1,245,7,0,0,0,0,0,0,0,0,0,0,0,0,0,0,0,0,0,0,0,0,0,0,0,1
1,65,1,13,1,32,1,255,213,0,0,0,0,0,0,0,0,0,0,0,0,0,0,0,0,0,0,0,0,0,1
1,3,1,10,1,78,0,0,0,0,0,0,0,0,0,0,0,0,0,0,0,0,0,0,0,0,0,0,0,0,1
1,65,2,20,1,113,5,7,255,0,255,7,2,0,0,103,0,0,0,0,0,0,0,0,0,0,0,0,0,0,1
1,3,2,10,1,77,0,0,0,0,0,0,0,0,0,0,0,0,0,0,0,0,0,0,0,0,0,0,0,0,1
1,65,1,22,1,86,1,96,13,1,0,37,3,0,170,30,79,102,0,0,0,0,0,0,0,0,0,0,0,0,1
1,3,1,11,1,50,198,0,0,0,0,0,0,0,0,0,0,0,0,0,0,0,0,0,0,0,0,0,0,0,1
1,65,2,33,1,86,1,96,13,2,0,50,2,33,68,0,0,0,5,0,0,0,0,0,0,150,176,124,110,0,1
1,3,2,11,1,107,150,0,0,0,0,0,0,0,0,0,0,0,0,0,0,0,0,0,0,0,0,0,0,0,1
1,65,3,29,1,86,1,96,13,1,0,50,2,33,50,0,0,0,0,0,0,202,252,221,93,0,0,0,0,0,1
1,3,3,11,1,92,166,0,0,0,0,0,0,0,0,0,0,0,0,0,0,0,0,0,0,0,0,0,0,0,1
1,65,4,29,1,86,1,96,13,2,0,50,2,33,50,0,0,0,0,0,0,207,99,212,221,0,0,0,0,0,1
1,3,4,11,1,217,54,0,0,0,0,0,0,0,0,0,0,0,0,0,0,0,0,0,0,0,0,0,0,0,1
1,1,9,30,1,1,1,211,156,1,16,1,94,86,134,114,90,133,89,115,37,39,44,43,122,129,0,0,0,0,1
1,65,10,18,1,86,1,37,3,255,121,88,81,10,0,0,0,0,0,0,0,0,0,0,0,0,0,0,0,0,1
1,3,10,11,1,242,84,0,0,0,0,0,0,0,0,0,0,0,0,0,0,0,0,0,0,0,0,0,0,0,1
1,65,15,17,1,86,1,32,2,77,38,192,98,0,0,0,0,0,0,0,0,0,0,0,0,0,0,0,0,0,1
1,3,15,11,1,154,129,0,0,0,0,0,0,0,0,0,0,0,0,0,0,0,0,0,0,0,0,0,0,0,1
1,65,11,18,1,86,1,32,3,255,146,168,62,79,0,0,0,0,0,0,0,0,0,0,0,0,0,0,0,0,1
1,3,11,11,1,197,100,0,0,0,0,0,0,0,0,0,0,0,0,0,0,0,0,0,0,0,0,0,0,0,1
1,65,5,29,1,86,1,96,13,1,0,50,2,33,50,0,0,0,0,0,0,202,252,1,43,0,0,0,0,0,1
1,3,5,11,1,238,6,0,0,0,0,0,0,0,0,0,0,0,0,0,0,0,0,0,0,0,0,0,0,0,1
1,65,6,29,1,86,1,96,13,2,0,50,2,33,50,0,0,0,0,0,0,207,99,111,16,0,0,0,0,0,1
1,3,6,11,1,183,86,0,0,0,0,0,0,0,0,0,0,0,0,0,0,0,0,0,0,0,0,0,0,0,1
1,1,12,30,1,1,1,211,156,1,16,1,94,86,134,114,90,133,89,115,37,39,44,43,122,132,0,0,0,0,1
1,65,13,18,1,86,1,37,3,0,103,168,77,240,0,0,0,0,0,0,0,0,0,0,0,0,0,0,0,0,1
1,3,13,11,1,119,196,0,0,0,0,0,0,0,0,0,0,0,0,0,0,0,0,0,0,0,0,0,0,0,1
1,65,1,17,1,86,1,32,2,77,38,179,21,0,0,0,0,0,0,0,0,0,0,0,0,0,0,0,0,0,1
1,3,1,11,1,129,128,0,0,0,0,0,0,0,0,0,0,0,0,0,0,0,0,0,0,0,0,0,0,0,1
1,65,14,18,1,86,1,32,3,0,140,88,252,63,0,0,0,0,0,0,0,0,0,0,0,0,0,0,0,0,1
1,3,14,11,1,46,148,0,0,0,0,0,0,0,0,0,0,0,0,0,0,0,0,0,0,0,0,0,0,0,1
1,1,15,30,1,1,1,211,156,1,16,1,94,86,134,114,90,133,89,115,37,39,44,43,122,135,0,0,0,0,1
1,65,1,18,1,86,1,37,3,255,121,88,170,142,0,0,0,0,0,0,0,0,0,0,0,0,0,0,0,0,1
1,3,1,11,1,2,165,0,0,0,0,0,0,0,0,0,0,0,0,0,0,0,0,0,0,0,0,0,0,0,1
1,65,2,17,1,86,1,32,2,77,38,158,81,0,0,0,0,0,0,0,0,0,0,0,0,0,0,0,0,0,1
1,3,2,11,1,216,208,0,0,0,0,0,0,0,0,0,0,0,0,0,0,0,0,0,0,0,0,0,0,0,1
1,65,2,18,1,86,1,32,3,255,146,168,27,65,0,0,0,0,0,0,0,0,0,0,0,0,0,0,0,0,1
1,3,2,11,1,91,245,0,0,0,0,0,0,0,0,0,0,0,0,0,0,0,0,0,0,0,0,0,0,0,1
1,65,4,17,1,86,1,32,2,77,38,216,110,0,0,0,0,0,0,0,0,0,0,0,0,0,0,0,0,0,1
1,3,4,11,1,198,86,0,0,0,0,0,0,0,0,0,0,0,0,0,0,0,0,0,0,0,0,0,0,0,1
1,65,2,18,1,86,1,32,3,0,140,88,52,204,0,0,0,0,0,0,0,0,0,0,0,0,0,0,0,0,1
1,3,2,11,1,216,237,0,0,0,0,0,0,0,0,0,0,0,0,0,0,0,0,0,0,0,0,0,0,0,1
1,65,1,22,1,86,1,96,13,1,0,37,3,0,170,30,79,102,0,0,0,0,0,0,0,0,0,0,0,0,1
1,3,1,11,1,50,198,0,0,0,0,0,0,0,0,0,0,0,0,0,0,0,0,0,0,0,0,0,0,0,1
1,19,2,10,1,88,0,0,0,0,0,0,0,0,0,0,0,0,0,0,0,0,0,0,0,0,0,0,0,0,1
1,81,1,28,1,86,1,96,13,1,0,50,2,33,50,0,0,0,0,0,0,202,252,33,0,0,0,0,0,0,1
1,19,1,10,1,91,0,0,0,0,0,0,0,0,0,0,0,0,0,0,0,0,0,0,0,0,0,0,0,0,1
1,81,2,28,1,86,1,96,13,2,0,50,2,33,50,0,0,0,0,0,0,207,99,187,0,0,0,0,0,0,1
1,19,2,10,1,88,0,0,0,0,0,0,0,0,0,0,0,0,0,0,0,0,0,0,0,0,0,0,0,0,1
1,1,3,30,1,1,1,211,156,1,16,1,94,86,134,114,90,133,89,115,37,39,44,43,122,139,0,0,0,0,1
1,65,4,18,1,86,1,37,3,0,103,168,104,254,0,0,0,0,0,0,0,0,0,0,0,0,0,0,0,0,1
1,3,4,11,1,233,85,0,0,0,0,0,0,0,0,0,0,0,0,0,0,0,0,0,0,0,0,0,0,0,1
1,65,15,17,1,86,1,32,2,77,38,192,98,0,0,0,0,0,0,0,0,0,0,0,0,0,0,0,0,0,1
1,3,15,11,1,154,129,0,0,0,0,0,0,0,0,0,0,0,0,0,0,0,0,0,0,0,0,0,0,0,1
1,65,5,18,1,86,1,32,3,0,140,88,7,187,0,0,0,0,0,0,0,0,0,0,0,0,0,0,0,0,1
1,3,5,11,1,222,101,0,0,0,0,0,0,0,0,0,0,0,0,0,0,0,0,0,0,0,0,0,0,0,1
1,81,3,28,1,86,1,96,13,1,0,50,2,33,50,0,0,0,0,0,0,202,252,35,0,0,0,0,0,0,1
1,19,3,10,1,89,0,0,0,0,0,0,0,0,0,0,0,0,0,0,0,0,0,0,0,0,0,0,0,0,1
1,81,4,28,1,86,1,96,13,2,0,50,2,33,50,0,0,0,0,0,0,207,99,189,0,0,0,0,0,0,1
1,19,4,10,1,94,0,0,0,0,0,0,0,0,0,0,0,0,0,0,0,0,0,0,0,0,0,0,0,0,1
1,65,1,13,1,32,1,0,42,0,0,0,0,0,0,0,0,0,0,0,0,0,0,0,0,0,0,0,0,0,1
1,3,1,10,1,78,0,0,0,0,0,0,0,0,0,0,0,0,0,0,0,0,0,0,0,0,0,0,0,0,1
1,65,2,20,1,113,5,7,0,0,255,7,2,0,0,152,0,0,0,0,0,0,0,0,0,0,0,0,0,0,1
1,3,2,10,1,77,0,0,0,0,0,0,0,0,0,0,0,0,0,0,0,0,0,0,0,0,0,0,0,0,1
1,65,4,13,1,32,2,156,215,0,0,0,0,0,0,0,0,0,0,0,0,0,0,0,0,0,0,0,0,0,1
1,3,4,11,1,227,118,0,0,0,0,0,0,0,0,0,0,0,0,0,0,0,0,0,0,0,0,0,0,0,1
1,65,5,14,1,32,3,0,83,243,0,0,0,0,0,0,0,0,0,0,0,0,0,0,0,0,0,0,0,0,1
1,3,5,11,1,158,225,0,0,0,0,0,0,0,0,0,0,0,0,0,0,0,0,0,0,0,0,0,0,0,1
1,81,5,21,1,86,1,96,13,1,0,37,3,255,180,238,186,0,0,0,0,0,0,0,0,0,0,0,0,0,1
1,19,5,10,1,95,0,0,0,0,0,0,0,0,0,0,0,0,0,0,0,0,0,0,0,0,0,0,0,0,1
1,81,6,28,1,86,1,96,13,1,0,50,2,33,50,0,0,0,0,0,0,202,252,38,0,0,0,0,0,0,1
1,19,6,10,1,92,0,0,0,0,0,0,0,0,0,0,0,0,0,0,0,0,0,0,0,0,0,0,0,0,1
1,81,7,28,1,86,1,96,13,2,0,50,2,33,50,0,0,0,0,0,0,207,99,190,0,0,0,0,0,0,1
1,19,7,10,1,93,0,0,0,0,0,0,0,0,0,0,0,0,0,0,0,0,0,0,0,0,0,0,0,0,1
1,81,8,21,1,86,1,96,13,1,0,37,3,0,170,30,166,0,0,0,0,0,0,0,0,0,0,0,0,0,1
1,19,8,10,1,82,0,0,0,0,0,0,0,0,0,0,0,0,0,0,0,0,0,0,0,0,0,0,0,0,1
1,81,9,21,1,86,1,96,13,1,0,37,3,255,180,238,182,0,0,0,0,0,0,0,0,0,0,0,0,0,1
1,19,9,10,1,83,0,0,0,0,0,0,0,0,0,0,0,0,0,0,0,0,0,0,0,0,0,0,0,0,1
1,81,10,28,1,86,1,96,13,1,0,50,2,33,50,0,0,0,0,0,0,202,252,42,0,0,0,0,0,0,1
1,19,10,10,1,80,0,0,0,0,0,0,0,0,0,0,0,0,0,0,0,0,0,0,0,0,0,0,0,0,1
1,81,11,28,1,86,1,96,13,2,0,50,2,33,50,0,0,0,0,0,0,207,99,178,0,0,0,0,0,0,1
1,19,11,10,1,81,0,0,0,0,0,0,0,0,0,0,0,0,0,0,0,0,0,0,0,0,0,0,0,0,1
1,1,6,30,1,1,1,211,156,1,16,1,94,86,134,114,90,133,89,115,37,39,44,43,122,142,0,0,0,0,1
1,65,7,18,1,86,1,37,3,255,121,88,217,49,0,0,0,0,0,0,0,0,0,0,0,0,0,0,0,0,1
1,3,7,11,1,176,5,0,0,0,0,0,0,0,0,0,0,0,0,0,0,0,0,0,0,0,0,0,0,0,1
1,65,10,17,1,86,1,32,2,77,38,183,174,0,0,0,0,0,0,0,0,0,0,0,0,0,0,0,0,0,1
1,3,10,11,1,113,113,0,0,0,0,0,0,0,0,0,0,0,0,0,0,0,0,0,0,0,0,0,0,0,1
1,65,8,18,1,86,1,32,3,255,146,168,143,128,0,0,0,0,0,0,0,0,0,0,0,0,0,0,0,0,1
1,3,8,11,1,156,52,0,0,0,0,0,0,0,0,0,0,0,0,0,0,0,0,0,0,0,0,0,0,0,1
1,1,9,30,1,1,1,211,156,1,16,1,94,86,134,114,90,133,89,115,37,39,44,43,122,129,0,0,0,0,1
1,65,10,18,1,86,1,37,3,0,103,168,81,10,0,0,0,0,0,0,0,0,0,0,0,0,0,0,0,0,1
1,3,10,11,1,242,84,0,0,0,0,0,0,0,0,0,0,0,0,0,0,0,0,0,0,0,0,0,0,0,1
1,65,11,17,1,86,1,32,2,77,38,92,141,0,0,0,0,0,0,0,0,0,0,0,0,0,0,0,0,0,1
1,3,11,11,1,70,65,0,0,0,0,0,0,0,0,0,0,0,0,0,0,0,0,0,0,0,0,0,0,0,1
1,65,11,18,1,86,1,32,3,0,140,88,62,79,0,0,0,0,0,0,0,0,0,0,0,0,0,0,0,0,1
1,3,11,11,1,197,100,0,0,0,0,0,0,0,0,0,0,0,0,0,0,0,0,0,0,0,0,0,0,0,1
1,81,12,28,1,86,1,96,13,1,0,50,2,33,50,0,0,0,0,0,0,202,252,44,0,0,0,0,0,0,1
1,19,12,10,1,86,0,0,0,0,0,0,0,0,0,0,0,0,0,0,0,0,0,0,0,0,0,0,0,0,1
1,81,13,28,1,86,1,96,13,2,0,50,2,33,50,0,0,0,0,0,0,207,99,180,0,0,0,0,0,0,1
1,19,13,10,1,87,0,0,0,0,0,0,0,0,0,0,0,0,0,0,0,0,0,0,0,0,0,0,0,0,1
1,81,14,28,1,86,1,96,13,1,0,50,2,33,50,0,4,0,0,0,0,67,250,165,0,0,0,0,0,0,1
1,19,14,10,1,84,0,0,0,0,0,0,0,0,0,0,0,0,0,0,0,0,0,0,0,0,0,0,0,0,1
1,81,15,28,1,86,1,96,13,1,0,50,2,33,50,0,5,0,0,0,0,233,171,94,0,0,0,0,0,0,1
1,19,15,10,1,85,0,0,0,0,0,0,0,0,0,0,0,0,0,0,0,0,0,0,0,0,0,0,0,0,1
1,5,15,22,1,32,0,250,64,0,0,0,0,1,34,1,0,18,0,0,0,0,0,0,0,0,0,0,0,0,1
1,5,15,22,1,32,0,250,49,10,0,0,0,1,34,1,0,105,0,0,0,0,0,0,0,0,0,0,0,0,1
1,5,15,22,1,32,0,250,49,13,0,0,0,1,34,1,0,110,0,0,0,0,0,0,0,0,0,0,0,0,1
1,5,15,22,1,32,0,250,49,16,0,0,0,1,34,1,0,115,0,0,0,0,0,0,0,0,0,0,0,0,1
1,5,15,22,1,32,0,250,49,9,0,0,0,1,34,1,0,106,0,0,0,0,0,0,0,0,0,0,0,0,1
1,1,1,13,1,1,8,5,183,0,0,0,0,0,0,0,0,0,0,0,0,0,0,0,0,0,0,0,0,0,1
1,1,1,34,1,1,1,211,156,1,3,1,94,134,112,114,89,133,115,142,96,90,85,152,159,108,122,113,121,211,1
1,65,2,17,1,1,3,19,203,149,163,74,58,0,0,0,0,0,0,0,0,0,0,0,0,0,0,0,0,0,1
1,3,2,10,1,197,0,0,0,0,0,0,0,0,0,0,0,0,0,0,0,0,0,0,0,0,0,0,0,0,1
1,81,1,28,1,86,1,96,13,1,0,50,2,33,50,0,11,0,0,0,0,38,3,57,0,0,0,0,0,0,1
1,19,1,10,1,91,0,0,0,0,0,0,0,0,0,0,0,0,0,0,0,0,0,0,0,0,0,0,0,0,1
1,81,2,28,1,86,1,96,13,1,0,50,2,33,50,0,5,0,0,0,0,233,171,83,0,0,0,0,0,0,1
1,19,2,10,1,88,0,0,0,0,0,0,0,0,0,0,0,0,0,0,0,0,0,0,0,0,0,0,0,0,1
1,81,3,28,1,86,1,96,13,1,0,50,2,33,50,0,10,0,0,0,0,140,82,193,0,0,0,0,0,0,1
1,19,3,10,1,89,0,0,0,0,0,0,0,0,0,0,0,0,0,0,0,0,0,0,0,0,0,0,0,0,1
1,81,4,28,1,86,1,96,13,1,0,50,2,33,50,0,6,0,0,0,0,7,121,106,0,0,0,0,0,0,1
1,19,4,10,1,94,0,0,0,0,0,0,0,0,0,0,0,0,0,0,0,0,0,0,0,0,0,0,0,0,1
1,81,5,28,1,86,1,96,13,1,0,50,2,33,50,0,5,0,0,0,0,233,171,84,0,0,0,0,0,0,1
1,19,5,10,1,95,0,0,0,0,0,0,0,0,0,0,0,0,0,0,0,0,0,0,0,0,0,0,0,0,1
1,81,6,28,1,86,1,96,13,1,0,50,2,33,50,0,7,0,0,0,0,173,40,146,0,0,0,0,0,0,1
1,19,6,10,1,92,0,0,0,0,0,0,0,0,0,0,0,0,0,0,0,0,0,0,0,0,0,0,0,0,1
1,65,6,13,1,32,2,93,196,0,0,0,0,0,0,0,0,0,0,0,0,0,0,0,0,0,0,0,0,0,1
1,3,6,11,1,234,194,0,0,0,0,0,0,0,0,0,0,0,0,0,0,0,0,0,0,0,0,0,0,0,1
1,65,3,14,1,32,3,255,7,250,0,0,0,0,0,0,0,0,0,0,0,0,0,0,0,0,0,0,0,0,1
1,3,3,11,1,92,166,0,0,0,0,0,0,0,0,0,0,0,0,0,0,0,0,0,0,0,0,0,0,0,1
1,65,4,29,1,86,1,96,13,1,0,50,2,33,50,0,12,0,0,0,0,65,215,212,221,0,0,0,0,0,1
1,3,4,11,1,217,54,0,0,0,0,0,0,0,0,0,0,0,0,0,0,0,0,0,0,0,0,0,0,0,1
1,65,5,29,1,86,1,96,13,1,0,50,2,33,50,0,12,0,0,0,0,65,215,1,43,0,0,0,0,0,1
1,3,5,11,1,238,6,0,0,0,0,0,0,0,0,0,0,0,0,0,0,0,0,0,0,0,0,0,0,0,1
1,65,6,29,1,86,1,96,13,1,0,50,2,33,50,0,16,0,0,0,0,206,166,111,16,0,0,0,0,0,1
1,3,6,11,1,183,86,0,0,0,0,0,0,0,0,0,0,0,0,0,0,0,0,0,0,0,0,0,0,0,1
1,65,7,29,1,86,1,96,13,1,0,50,2,33,50,0,16,0,0,0,0,206,166,186,230,0,0,0,0,0,1
1,3,7,11,1,128,102,0,0,0,0,0,0,0,0,0,0,0,0,0,0,0,0,0,0,0,0,0,0,0,1
1,65,10,17,1,86,1,32,2,77,38,171,25,0,0,0,0,0,0,0,0,0,0,0,0,0,0,0,0,0,1
1,65,3,18,1,86,1,32,3,0,140,88,91,137,0,0,0,0,0,0,0,0,0,0,0,0,0,0,0,0,1
1,3,3,11,1,239,221,0,0,0,0,0,0,0,0,0,0,0,0,0,0,0,0,0,0,0,0,0,0,0,1
1,65,11,13,1,32,2,249,46,0,0,0,0,0,0,0,0,0,0,0,0,0,0,0,0,0,0,0,0,0,1
1,3,11,11,1,207,71,0,0,0,0,0,0,0,0,0,0,0,0,0,0,0,0,0,0,0,0,0,0,0,1
1,65,6,14,1,32,3,0,157,19,0,0,0,0,0,0,0,0,0,0,0,0,0,0,0,0,0,0,0,0,1
1,3,6,11,1,199,177,0,0,0,0,0,0,0,0,0,0,0,0,0,0,0,0,0,0,0,0,0,0,0,1
1,65,1,13,1,32,1,255,213,0,0,0,0,0,0,0,0,0,0,0,0,0,0,0,0,0,0,0,0,0,1
1,3,1,10,1,78,0,0,0,0,0,0,0,0,0,0,0,0,0,0,0,0,0,0,0,0,0,0,0,0,1
15,65,2,20,1,1,4,255,255,255,255,255,255,255,255,255,0,0,0,0,0,0,0,0,0,0,0,0,0,0,1
1,3,2,10,15,1,4,255,255,255,255,255,255,255,255,255,0,0,0,0,0,0,0,0,0,0,0,0,0,0,1
1,65,2,17,9,1,4,255,255,255,255,255,255,255,255,255,0,0,0,0,0,0,0,0,0,0,0,0,0,0,1
9,3,2,11,1,1,4,255,255,255,255,255,255,255,255,255,0,0,0,0,0,0,0,0,0,0,0,0,0,0,1
9,65,12,18,1,1,4,255,255,255,255,255,255,255,255,255,0,0,0,0,0,0,0,0,0,0,0,0,0,0,1
1,3,12,11,9,1,4,255,255,255,255,255,255,255,255,255,0,0,0,0,0,0,0,0,0,0,0,0,0,0,1
15,65,1,12,1,1,4,255,255,255,255,255,255,255,255,255,0,0,0,0,0,0,0,0,0,0,0,0,0,0,1
1,3,1,10,15,1,4,255,255,255,255,255,255,255,255,255,0,0,0,0,0,0,0,0,0,0,0,0,0,0,1
1,65,2,12,15,1,4,255,255,255,255,255,255,255,255,255,0,0,0,0,0,0,0,0,0,0,0,0,0,0,1
15,3,2,10,1,1,4,255,255,255,255,255,255,255,255,255,0,0,0,0,0,0,0,0,0,0,0,0,0,0,1
15,65,1,13,1,1,4,255,255,255,255,255,255,255,255,255,0,0,0,0,0,0,0,0,0,0,0,0,0,0,1
1,3,1,10,15,1,4,255,255,255,255,255,255,255,255,255,0,0,0,0,0,0,0,0,0,0,0,0,0,0,1
15,65,2,20,1,1,4,255,255,255,255,255,255,255,255,255,0,0,0,0,0,0,0,0,0,0,0,0,0,0,1
1,3,2,10,15,1,4,255,255,255,255,255,255,255,255,255,0,0,0,0,0,0,0,0,0,0,0,0,0,0,1
1,65,6,13,10,1,4,255,255,255,255,255,255,255,255,255,0,0,0,0,0,0,0,0,0,0,0,0,0,0,1
10,3,6,11,1,1,4,255,255,255,255,255,255,255,255,255,0,0,0,0,0,0,0,0,0,0,0,0,0,0,1
10,65,8,14,1,1,4,255,255,255,255,255,255,255,255,255,0,0,0,0,0,0,0,0,0,0,0,0,0,0,1
1,3,8,11,10,1,4,255,255,255,255,255,255,255,255,255,0,0,0,0,0,0,0,0,0,0,0,0,0,0,1
10,65,9,33,1,1,4,255,255,255,255,255,255,255,255,255,0,0,6,0,0,0,0,0,0,78,50,191,80,0,1
1,3,9,11,10,1,4,255,255,255,255,255,255,255,255,255,0,0,0,0,0,0,0,0,0,0,0,0,0,0,1
1,65,1,17,16,1,4,255,255,255,255,255,255,255,255,255,0,0,0,0,0,0,0,0,0,0,0,0,0,0,1
16,65,4,18,1,1,4,255,255,255,255,255,255,255,255,255,0,0,0,0,0,0,0,0,0,0,0,0,0,0,1
1,3,4,11,16,1,4,255,255,255,255,255,255,255,255,255,0,0,0,0,0,0,0,0,0,0,0,0,0,0,1
7,3,4,10,1,1,4,255,255,255,255,255,255,255,255,255,0,0,0,0,0,0,0,0,0,0,0,0,0,0,1
1,3,1,10,7,1,4,255,255,255,255,255,255,255,255,255,0,0,0,0,0,0,0,0,0,0,0,0,0,0,1
15,65,1,13,1,1,4,255,255,255,255,255,255,255,255,255,0,0,0,0,0,0,0,0,0,0,0,0,0,0,1
1,3,1,10,15,1,4,255,255,255,255,255,255,255,255,255,0,0,0,0,0,0,0,0,0,0,0,0,0,0,1
15,65,2,20,1,1,4,255,255,255,255,255,255,255,255,255,0,0,0,0,0,0,0,0,0,0,0,0,0,0,1
1,3,2,10,15,1,4,255,255,255,255,255,255,255,255,255,0,0,0,0,0,0,0,0,0,0,0,0,0,0,1
1,65,1,13,13,1,4,255,255,255,255,255,255,255,255,255,0,0,0,0,0,0,0,0,0,0,0,0,0,0,1
13,3,1,11,1,1,4,255,255,255,255,255,255,255,255,255,0,0,0,0,0,0,0,0,0,0,0,0,0,0,1
13,65,7,14,1,1,4,255,255,255,255,255,255,255,255,255,0,0,0,0,0,0,0,0,0,0,0,0,0,0,1
1,3,7,11,13,1,4,255,255,255,255,255,255,255,255,255,0,0,0,0,0,0,0,0,0,0,0,0,0,0,1
1,65,5,12,8,1,4,255,255,255,255,255,255,255,255,255,0,0,0,0,0,0,0,0,0,0,0,0,0,0,1
1,65,5,12,8,1,4,255,255,255,255,255,255,255,255,255,0,0,0,0,0,0,0,0,0,0,0,0,0,0,1
1,65,5,12,8,1,4,255,255,255,255,255,255,255,255,255,0,0,0,0,0,0,0,0,0,0,0,0,0,0,1
1,65,6,12,8,1,4,255,255,255,255,255,255,255,255,255,0,0,0,0,0,0,0,0,0,0,0,0,0,0,1
8,3,6,10,1,1,4,255,255,255,255,255,255,255,255,255,0,0,0,0,0,0,0,0,0,0,0,0,0,0,1
8,65,65,13,1,1,4,255,255,255,255,255,255,255,255,255,0,0,0,0,0,0,0,0,0,0,0,0,0,0,1
1,3,1,10,8,1,4,255,255,255,255,255,255,255,255,255,0,0,0,0,0,0,0,0,0,0,0,0,0,0,1
1,65,7,17,9,1,4,255,255,255,255,255,255,255,255,255,0,0,0,0,0,0,0,0,0,0,0,0,0,0,1
9,3,7,11,1,1,4,255,255,255,255,255,255,255,255,255,0,0,0,0,0,0,0,0,0,0,0,0,0,0,1
9,65,13,18,1,1,4,255,255,255,255,255,255,255,255,255,0,0,0,0,0,0,0,0,0,0,0,0,0,0,1
1,3,13,11,9,1,4,255,255,255,255,255,255,255,255,255,0,0,0,0,0,0,0,0,0,0,0,0,0,0,1
15,65,1,13,1,1,4,255,255,255,255,255,255,255,255,255,0,0,0,0,0,0,0,0,0,0,0,0,0,0,1
1,3,1,10,15,1,4,255,255,255,255,255,255,255,255,255,0,0,0,0,0,0,0,0,0,0,0,0,0,0,1
15,65,2,20,1,1,4,255,255,255,255,255,255,255,255,255,0,0,0,0,0,0,0,0,0,0,0,0,0,0,1
1,3,2,10,15,1,4,255,255,255,255,255,255,255,255,255,0,0,0,0,0,0,0,0,0,0,0,0,0,0,1
1,65,8,13,10,1,4,255,255,255,255,255,255,255,255,255,0,0,0,0,0,0,0,0,0,0,0,0,0,0,1
10,3,8,11,1,1,4,255,255,255,255,255,255,255,255,255,0,0,0,0,0,0,0,0,0,0,0,0,0,0,1
10,65,10,14,1,1,4,255,255,255,255,255,255,255,255,255,0,0,0,0,0,0,0,0,0,0,0,0,0,0,1
1,3,10,11,10,1,4,255,255,255,255,255,255,255,255,255,0,0,0,0,0,0,0,0,0,0,0,0,0,0,1
1,65,3,17,16,1,4,255,255,255,255,255,255,255,255,255,0,0,0,0,0,0,0,0,0,0,0,0,0,0,1
16,3,3,11,1,1,4,255,255,255,255,255,255,255,255,255,0,0,0,0,0,0,0,0,0,0,0,0,0,0,1
16,65,5,18,1,1,4,255,255,255,255,255,255,255,255,255,0,0,0,0,0,0,0,0,0,0,0,0,0,0,1
1,3,5,11,16,1,4,255,255,255,255,255,255,255,255,255,0,0,0,0,0,0,0,0,0,0,0,0,0,0,1
15,65,1,15,1,1,4,255,255,255,255,255,255,255,255,255,0,0,0,0,0,0,0,0,0,0,0,0,0,0,1
1,3,1,10,15,1,4,255,255,255,255,255,255,255,255,255,0,0,0,0,0,0,0,0,0,0,0,0,0,0,1
1,65,4,13,13,1,4,255,255,255,255,255,255,255,255,255,0,0,0,0,0,0,0,0,0,0,0,0,0,0,1
13,3,4,11,1,1,4,255,255,255,255,255,255,255,255,255,0,0,0,0,0,0,0,0,0,0,0,0,0,0,1
13,65,8,14,1,1,4,255,255,255,255,255,255,255,255,255,0,0,0,0,0,0,0,0,0,0,0,0,0,0,1
1,3,8,11,13,1,4,255,255,255,255,255,255,255,255,255,0,0,0,0,0,0,0,0,0,0,0,0,0,0,1
15,65,1,15,1,1,4,255,255,255,255,255,255,255,255,255,0,0,0,0,0,0,0,0,0,0,0,0,0,0,1
1,3,1,10,15,1,4,255,255,255,255,255,255,255,255,255,0,0,0,0,0,0,0,0,0,0,0,0,0,0,1
15,65,1,13,1,1,4,255,255,255,255,255,255,255,255,255,0,0,0,0,0,0,0,0,0,0,0,0,0,0,1
1,3,1,10,15,1,4,255,255,255,255,255,255,255,255,255,0,0,0,0,0,0,0,0,0,0,0,0,0,0,1
15,65,2,20,1,1,4,255,255,255,255,255,255,255,255,255,0,0,0,0,0,0,0,0,0,0,0,0,0,0,1
1,3,2,10,15,1,4,255,255,255,255,255,255,255,255,255,0,0,0,0,0,0,0,0,0,0,0,0,0,0,1
1,65,10,17,9,1,4,255,255,255,255,255,255,255,255,255,0,0,0,0,0,0,0,0,0,0,0,0,0,0,1
9,3,10,11,1,1,4,255,255,255,255,255,255,255,255,255,0,0,0,0,0,0,0,0,0,0,0,0,0,0,1
9,65,14,18,1,1,4,255,255,255,255,255,255,255,255,255,0,0,0,0,0,0,0,0,0,0,0,0,0,0,1
1,3,14,11,9,1,4,255,255,255,255,255,255,255,255,255,0,0,0,0,0,0,0,0,0,0,0,0,0,0,1
17,65,1,17,1,1,4,255,255,255,255,255,255,255,255,255,0,0,0,0,0,0,0,0,0,0,0,0,0,0,1
1,3,1,11,17,1,4,255,255,255,255,255,255,255,255,255,0,0,0,0,0,0,0,0,0,0,0,0,0,0,1
17,65,2,16,1,1,4,255,255,255,255,255,255,255,255,255,0,0,0,0,0,0,0,0,0,0,0,0,0,0,1
1,3,2,11,17,1,4,255,255,255,255,255,255,255,255,255,0,0,0,0,0,0,0,0,0,0,0,0,0,0,1
15,65,1,15,1,1,4,255,255,255,255,255,255,255,255,255,0,0,0,0,0,0,0,0,0,0,0,0,0,0,1
1,3,1,10,15,1,4,255,255,255,255,255,255,255,255,255,0,0,0,0,0,0,0,0,0,0,0,0,0,0,1
17,65,3,17,1,1,4,255,255,255,255,255,255,255,255,255,0,0,0,0,0,0,0,0,0,0,0,0,0,0,1
1,3,3,11,17,1,4,255,255,255,255,255,255,255,255,255,0,0,0,0,0,0,0,0,0,0,0,0,0,0,1
17,65,4,16,1,1,4,255,255,255,255,255,255,255,255,255,0,0,0,0,0,0,0,0,0,0,0,0,0,0,1
1,3,4,11,17,1,4,255,255,255,255,255,255,255,255,255,0,0,0,0,0,0,0,0,0,0,0,0,0,0,1
17,65,5,13,1,1,4,255,255,255,255,255,255,255,255,255,0,0,0,0,0,0,0,0,0,0,0,0,0,0,1
1,3,5,11,17,1,4,255,255,255,255,255,255,255,255,255,0,0,0,0,0,0,0,0,0,0,0,0,0,0,1
1,65,14,13,17,1,4,255,255,255,255,255,255,255,255,255,0,0,0,0,0,0,0,0,0,0,0,0,0,0,1
17,3,14,11,1,1,4,255,255,255,255,255,255,255,255,255,0,0,0,0,0,0,0,0,0,0,0,0,0,0,1
11,65,1,12,1,1,4,255,255,255,255,255,255,255,255,255,0,0,0,0,0,0,0,0,0,0,0,0,0,0,1
1,3,1,10,11,1,4,255,255,255,255,255,255,255,255,255,0,0,0,0,0,0,0,0,0,0,0,0,0,0,1
1,65,7,12,11,1,4,255,255,255,255,255,255,255,255,255,0,0,0,0,0,0,0,0,0,0,0,0,0,0,1
11,3,7,10,1,1,4,255,255,255,255,255,255,255,255,255,0,0,0,0,0,0,0,0,0,0,0,0,0,0,1
12,65,1,12,1,1,4,255,255,255,255,255,255,255,255,255,0,0,0,0,0,0,0,0,0,0,0,0,0,0,1
1,3,1,10,12,1,4,255,255,255,255,255,255,255,255,255,0,0,0,0,0,0,0,0,0,0,0,0,0,0,1
1,65,8,12,12,1,4,255,255,255,255,255,255,255,255,255,0,0,0,0,0,0,0,0,0,0,0,0,0,0,1
12,3,8,10,1,1,4,255,255,255,255,255,255,255,255,255,0,0,0,0,0,0,0,0,0,0,0,0,0,0,1
15,65,1,13,1,1,4,255,255,255,255,255,255,255,255,255,0,0,0,0,0,0,0,0,0,0,0,0,0,0,1
1,3,1,10,15,1,4,255,255,255,255,255,255,255,255,255,0,0,0,0,0,0,0,0,0,0,0,0,0,0,1
15,65,2,20,1,1,4,255,255,255,255,255,255,255,255,255,0,0,0,0,0,0,0,0,0,0,0,0,0,0,1
1,3,2,10,15,1,4,255,255,255,255,255,255,255,255,255,0,0,0,0,0,0,0,0,0,0,0,0,0,0,1
1,65,12,13,10,1,4,255,255,255,255,255,255,255,255,255,0,0,0,0,0,0,0,0,0,0,0,0,0,0,1
10,3,12,11,1,1,4,255,255,255,255,255,255,255,255,255,0,0,0,0,0,0,0,0,0,0,0,0,0,0,1
10,65,11,14,1,1,4,255,255,255,255,255,255,255,255,255,0,0,0,0,0,0,0,0,0,0,0,0,0,0,1
1,3,11,11,10,1,4,255,255,255,255,255,255,255,255,255,0,0,0,0,0,0,0,0,0,0,0,0,0,0,1
10,65,12,33,1,1,4,255,255,255,255,255,255,255,255,255,0,0,7,0,0,0,0,0,0,246,83,252,21,0,1
1,3,12,11,10,1,4,255,255,255,255,255,255,255,255,255,0,0,0,0,0,0,0,0,0,0,0,0,0,0,1
1,65,7,17,16,1,4,255,255,255,255,255,255,255,255,255,0,0,0,0,0,0,0,0,0,0,0,0,0,0,1
16,3,7,11,1,1,4,255,255,255,255,255,255,255,255,255,0,0,0,0,0,0,0,0,0,0,0,0,0,0,1
16,65,6,18,1,1,4,255,255,255,255,255,255,255,255,255,0,0,0,0,0,0,0,0,0,0,0,0,0,0,1
1,3,6,11,16,1,4,255,255,255,255,255,255,255,255,255,0,0,0,0,0,0,0,0,0,0,0,0,0,0,1
10,65,13,33,1,1,4,255,255,255,255,255,255,255,255,255,0,0,0,0,0,0,0,0,0,7,90,185,161,0,1
1,3,13,11,10,1,4,255,255,255,255,255,255,255,255,255,0,0,0,0,0,0,0,0,0,0,0,0,0,0,1
1,65,8,13,13,1,4,255,255,255,255,255,255,255,255,255,0,0,0,0,0,0,0,0,0,0,0,0,0,0,1
13,3,8,11,1,1,4,255,255,255,255,255,255,255,255,255,0,0,0,0,0,0,0,0,0,0,0,0,0,0,1
13,65,9,14,1,1,4,255,255,255,255,255,255,255,255,255,0,0,0,0,0,0,0,0,0,0,0,0,0,0,1
1,3,9,11,13,1,4,255,255,255,255,255,255,255,255,255,0,0,0,0,0,0,0,0,0,0,0,0,0,0,1
1,65,14,17,9,1,4,255,255,255,255,255,255,255,255,255,0,0,0,0,0,0,0,0,0,0,0,0,0,0,1
9,3,14,11,1,1,4,255,255,255,255,255,255,255,255,255,0,0,0,0,0,0,0,0,0,0,0,0,0,0,1
9,65,15,18,1,1,4,255,255,255,255,255,255,255,255,255,0,0,0,0,0,0,0,0,0,0,0,0,0,0,1
1,3,15,11,9,1,4,255,255,255,255,255,255,255,255,255,0,0,0,0,0,0,0,0,0,0,0,0,0,0,1
10,65,14,29,1,1,4,255,255,255,255,255,255,255,255,255,0,0,0,0,0,207,99,160,102,0,0,0,0,0,1
1,3,14,11,10,1,4,255,255,255,255,255,255,255,255,255,0,0,0,0,0,0,0,0,0,0,0,0,0,0,1
15,65,1,13,1,1,4,255,255,255,255,255,255,255,255,255,0,0,0,0,0,0,0,0,0,0,0,0,0,0,1
1,3,1,10,15,1,4,255,255,255,255,255,255,255,255,255,0,0,0,0,0,0,0,0,0,0,0,0,0,0,1
15,65,2,20,1,1,4,255,255,255,255,255,255,255,255,255,0,0,0,0,0,0,0,0,0,0,0,0,0,0,1
1,3,2,10,15,1,4,255,255,255,255,255,255,255,255,255,0,0,0,0,0,0,0,0,0,0,0,0,0,0,1
15,65,1,13,1,1,4,255,255,255,255,255,255,255,255,255,0,0,0,0,0,0,0,0,0,0,0,0,0,0,1
1,3,1,10,15,1,4,255,255,255,255,255,255,255,255,255,0,0,0,0,0,0,0,0,0,0,0,0,0,0,1
15,65,2,20,1,1,4,255,255,255,255,255,255,255,255,255,0,0,0,0,0,0,0,0,0,0,0,0,0,0,1
1,3,2,10,15,1,4,255,255,255,255,255,255,255,255,255,0,0,0,0,0,0,0,0,0,0,0,0,0,0,1
1,65,15,13,10,1,4,255,255,255,255,255,255,255,255,255,0,0,0,0,0,0,0,0,0,0,0,0,0,0,1
10,3,15,11,1,1,4,255,255,255,255,255,255,255,255,255,0,0,0,0,0,0,0,0,0,0,0,0,0,0,1
10,65,15,14,1,1,4,255,255,255,255,255,255,255,255,255,0,0,0,0,0,0,0,0,0,0,0,0,0,0,1
1,3,15,11,10,1,4,255,255,255,255,255,255,255,255,255,0,0,0,0,0,0,0,0,0,0,0,0,0,0,1
15,65,1,13,1,1,4,255,255,255,255,255,255,255,255,255,0,0,0,0,0,0,0,0,0,0,0,0,0,0,1
1,3,1,10,15,1,4,255,255,255,255,255,255,255,255,255,0,0,0,0,0,0,0,0,0,0,0,0,0,0,1
15,65,2,20,1,1,4,255,255,255,255,255,255,255,255,255,0,0,0,0,0,0,0,0,0,0,0,0,0,0,1
1,3,2,10,15,1,4,255,255,255,255,255,255,255,255,255,0,0,0,0,0,0,0,0,0,0,0,0,0,0,1
10,65,1,29,1,1,4,255,255,255,255,255,255,255,255,255,16,0,0,0,0,206,166,102,144,0,0,0,0,0,1
1,3,1,11,10,1,4,255,255,255,255,255,255,255,255,255,0,0,0,0,0,0,0,0,0,0,0,0,0,0,1
1,65,10,17,16,1,4,255,255,255,255,255,255,255,255,255,0,0,0,0,0,0,0,0,0,0,0,0,0,0,1
16,65,7,18,1,1,4,255,255,255,255,255,255,255,255,255,0,0,0,0,0,0,0,0,0,0,0,0,0,0,1
1,3,7,11,16,1,4,255,255,255,255,255,255,255,255,255,0,0,0,0,0,0,0,0,0,0,0,0,0,0,1
15,65,1,13,1,1,4,255,255,255,255,255,255,255,255,255,0,0,0,0,0,0,0,0,0,0,0,0,0,0,1
1,3,1,10,15,1,4,255,255,255,255,255,255,255,255,255,0,0,0,0,0,0,0,0,0,0,0,0,0,0,1
15,65,2,20,1,1,4,255,255,255,255,255,255,255,255,255,0,0,0,0,0,0,0,0,0,0,0,0,0,0,1
1,3,2,10,15,1,4,255,255,255,255,255,255,255,255,255,0,0,0,0,0,0,0,0,0,0,0,0,0,0,1
1,65,11,13,13,1,4,255,255,255,255,255,255,255,255,255,0,0,0,0,0,0,0,0,0,0,0,0,0,0,1
13,3,11,11,1,1,4,255,255,255,255,255,255,255,255,255,0,0,0,0,0,0,0,0,0,0,0,0,0,0,1
13,65,10,14,1,1,4,255,255,255,255,255,255,255,255,255,0,0,0,0,0,0,0,0,0,0,0,0,0,0,1
1,3,10,11,13,1,4,255,255,255,255,255,255,255,255,255,0,0,0,0,0,0,0,0,0,0,0,0,0,0,1
1,65,2,17,9,1,4,255,255,255,255,255,255,255,255,255,0,0,0,0,0,0,0,0,0,0,0,0,0,0,1
9,3,2,11,1,1,4,255,255,255,255,255,255,255,255,255,0,0,0,0,0,0,0,0,0,0,0,0,0,0,1
9,65,1,18,1,1,4,255,255,255,255,255,255,255,255,255,0,0,0,0,0,0,0,0,0,0,0,0,0,0,1
1,3,1,11,9,1,4,255,255,255,255,255,255,255,255,255,0,0,0,0,0,0,0,0,0,0,0,0,0,0,1
10,65,2,33,1,1,4,255,255,255,255,255,255,255,255,255,0,0,8,0,0,0,0,0,0,124,186,124,110,0,1
1,3,2,11,10,1,4,255,255,255,255,255,255,255,255,255,0,0,0,0,0,0,0,0,0,0,0,0,0,0,1
1,65,3,13,10,1,4,255,255,255,255,255,255,255,255,255,0,0,0,0,0,0,0,0,0,0,0,0,0,0,1
10,3,3,11,1,1,4,255,255,255,255,255,255,255,255,255,0,0,0,0,0,0,0,0,0,0,0,0,0,0,1
10,65,3,14,1,1,4,255,255,255,255,255,255,255,255,255,0,0,0,0,0,0,0,0,0,0,0,0,0,0,1
1,3,3,11,10,1,4,255,255,255,255,255,255,255,255,255,0,0,0,0,0,0,0,0,0,0,0,0,0,0,1
15,65,1,13,1,1,4,255,255,255,255,255,255,255,255,255,0,0,0,0,0,0,0,0,0,0,0,0,0,0,1
1,3,1,10,15,1,4,255,255,255,255,255,255,255,255,255,0,0,0,0,0,0,0,0,0,0,0,0,0,0,1
15,65,2,20,1,1,4,255,255,255,255,255,255,255,255,255,0,0,0,0,0,0,0,0,0,0,0,0,0,0,1
1,3,2,10,15,1,4,255,255,255,255,255,255,255,255,255,0,0,0,0,0,0,0,0,0,0,0,0,0,0,1
1,65,13,17,16,1,4,255,255,255,255,255,255,255,255,255,0,0,0,0,0,0,0,0,0,0,0,0,0,0,1
16,3,13,11,1,1,4,255,255,255,255,255,255,255,255,255,0,0,0,0,0,0,0,0,0,0,0,0,0,0,1
16,65,8,18,1,1,4,255,255,255,255,255,255,255,255,255,0,0,0,0,0,0,0,0,0,0,0,0,0,0,1
1,3,8,11,16,1,4,255,255,255,255,255,255,255,255,255,0,0,0,0,0,0,0,0,0,0,0,0,0,0,1
15,65,1,12,1,1,4,255,255,255,255,255,255,255,255,255,0,0,0,0,0,0,0,0,0,0,0,0,0,0,1
1,3,1,10,15,1,4,255,255,255,255,255,255,255,255,255,0,0,0,0,0,0,0,0,0,0,0,0,0,0,1
1,65,9,12,15,1,4,255,255,255,255,255,255,255,255,255,0,0,0,0,0,0,0,0,0,0,0,0,0,0,1
15,3,9,10,1,1,4,255,255,255,255,255,255,255,255,255,0,0,0,0,0,0,0,0,0,0,0,0,0,0,1
1,65,13,13,13,1,4,255,255,255,255,255,255,255,255,255,0,0,0,0,0,0,0,0,0,0,0,0,0,0,1
13,3,13,11,1,1,4,255,255,255,255,255,255,255,255,255,0,0,0,0,0,0,0,0,0,0,0,0,0,0,1
13,65,11,14,1,1,4,255,255,255,255,255,255,255,255,255,0,0,0,0,0,0,0,0,0,0,0,0,0,0,1
1,3,11,11,13,1,4,255,255,255,255,255,255,255,255,255,0,0,0,0,0,0,0,0,0,0,0,0,0,0,1
15,65,1,13,1,1,4,255,255,255,255,255,255,255,255,255,0,0,0,0,0,0,0,0,0,0,0,0,0,0,1
1,3,1,10,15,1,4,255,255,255,255,255,255,255,255,255,0,0,0,0,0,0,0,0,0,0,0,0,0,0,1
15,65,2,20,1,1,4,255,255,255,255,255,255,255,255,255,0,0,0,0,0,0,0,0,0,0,0,0,0,0,1
1,3,2,10,15,1,4,255,255,255,255,255,255,255,255,255,0,0,0,0,0,0,0,0,0,0,0,0,0,0,1
1,65,4,17,9,1,4,255,255,255,255,255,255,255,255,255,0,0,0,0,0,0,0,0,0,0,0,0,0,0,1
9,3,4,11,1,1,4,255,255,255,255,255,255,255,255,255,0,0,0,0,0,0,0,0,0,0,0,0,0,0,1
9,65,2,18,1,1,4,255,255,255,255,255,255,255,255,255,0,0,0,0,0,0,0,0,0,0,0,0,0,0,1
1,3,2,11,9,1,4,255,255,255,255,255,255,255,255,255,0,0,0,0,0,0,0,0,0,0,0,0,0,0,1
1,65,8,13,10,1,4,255,255,255,255,255,255,255,255,255,0,0,0,0,0,0,0,0,0,0,0,0,0,0,1
10,3,8,11,1,1,4,255,255,255,255,255,255,255,255,255,0,0,0,0,0,0,0,0,0,0,0,0,0,0,1
10,65,4,14,1,1,4,255,255,255,255,255,255,255,255,255,0,0,0,0,0,0,0,0,0,0,0,0,0,0,1
1,3,4,11,10,1,4,255,255,255,255,255,255,255,255,255,0,0,0,0,0,0,0,0,0,0,0,0,0,0,1
1,5,1,22,255,1,4,255,255,255,255,255,255,255,255,255,0,21,0,0,0,0,0,0,0,0,0,0,0,0,1
